cell_id,lat,lon,population,tile_id,tile_lat,tile_lon,name
0,23.8,90.4,7010968,10_14,26.0,89.6,"Pallabi, Dhaka, Bangladesh"
1,22.6,88.4,6406610,10_13,26.0,83.2,"Lake Town, Kolkata, West Bengal, India"
2,24.9,67.0,6186156,10_10,26.0,64.0,"Karachi, Pakistan"
3,13.0,77.6,5490796,12_12,13.2,76.8,"Jayamahal, Bengaluru, Karnataka, India"
4,30.1,31.3,5413894,9_4,32.4,25.6,"Kubri el Kubbeh, Cairo, Egypt"
5,23.7,90.4,5303772,10_14,26.0,89.6,"Dhaka, Bangladesh"
6,-4.4,15.3,5235825,14_2,0.4,12.8,"Mont Ngafula, Kinshasa, Democratic Republic of the Congo"
7,21.2,72.8,5036664,10_11,26.0,70.4,"Surat, India"
8,13.0,77.5,4572903,12_12,13.2,76.8,"Madanayakahalli, Bengaluru, India"
9,30.0,31.2,4532207,9_4,32.4,25.6,"Giza, Egypt"
10,23.0,72.6,4512912,10_11,26.0,70.4,"Ahmedabad, India"
11,24.9,67.1,4493023,10_10,26.0,64.0,"Karachi University Employees Co-operative Housing Society, Karachi, Pakistan"
12,28.7,77.3,4427639,9_12,32.4,76.8,"Loni, Delhi, India"
13,31.3,121.5,4241450,9_18,32.4,115.2,"Pudong, Shanghai, China"
14,30.1,31.2,4192728,9_4,32.4,25.6,"Warraq al Hadar, Cairo, Egypt"
15,10.8,106.7,4056123,12_16,13.2,102.4,"Chợ Lớn, Ho Chi Minh City, Vietnam"
16,19.1,72.9,4014881,11_11,19.6,70.4,"Mumbai, India"
17,23.1,113.3,3942407,10_17,26.0,108.8,"Xingang, Guangzhou, Guangdong, China"
18,31.2,121.4,3830872,9_18,32.4,115.2,"Hongqiao, Shanghai, China"
19,-4.4,15.4,3611347,14_2,0.4,12.8,"Masina, Kinshasa, Democratic Republic of the Congo"
20,14.6,121.0,3537419,11_18,19.6,115.2,"Santa Mesa, Quezon City, National Capital Region, Philippines"
21,-4.3,15.3,3507374,14_2,0.4,12.8,"Gombe, Kinshasa, Democratic Republic of the Congo"
22,22.5,88.3,3418688,10_13,26.0,83.2,"Maheshtala, Kolkata, India"
23,31.2,121.5,3333733,9_18,32.4,115.2,"Nanmatou, Shanghai, China"
24,28.7,77.1,3278012,9_12,32.4,76.8,"Rohini, Kirāri Sulemānnagar, Delhi, India"
25,-8.8,13.3,3120773,15_2,-6.0,12.8,"Mabor, Kikolo, Luanda, Angola"
26,31.4,73.1,3056299,9_11,32.4,70.4,"Allama Iqbal Colony, Faisalabad, Punjab, Pakistan"
27,-6.1,23.6,3052044,15_3,-6.0,19.2,"Diulu, Mbuji-Mayi, East Kasai, Democratic Republic of the Congo"
28,-6.9,107.6,3031381,15_16,-6.0,102.4,"Bandung, Indonesia"
29,22.3,114.2,3025173,10_17,26.0,108.8,"Whampoa, Hong Kong"
30,31.5,74.3,3015883,9_11,32.4,70.4,"Model Town, Lahore, Pakistan"
31,18.5,73.9,2990512,11_11,19.6,70.4,"Fatima Nagar, Pune, Maharashtra, India"
32,4.7,-74.1,2989188,13_44,6.8,281.6,"Barrio San Luis, Bogotá, Colombia"
33,9.0,38.7,2915767,12_6,13.2,38.4,"Kurtume Stream, Addis Ababa, Ethiopia"
34,23.7,90.5,2834130,10_14,26.0,89.6,"Mātuail, Dhaka, Bangladesh"
35,12.0,8.5,2832707,12_1,13.2,6.4,"Dogon Nama 1, Kano, Kano State, Nigeria"
36,28.7,77.2,2813195,9_12,32.4,76.8,"Karol Bāgh, India"
37,-6.2,106.8,2733238,15_16,-6.0,102.4,"Slipi, Jakarta, Indonesia"
38,22.8,108.3,2727137,10_16,26.0,102.4,"Nanning, China"
39,6.5,3.3,2717364,13_0,6.8,0.0,"Ajegunle, Lagos, Nigeria"
40,14.7,121.0,2713609,11_18,19.6,115.2,"Mapulang Lupa, Quezon City, National Capital Region, Philippines"
41,3.8,11.5,2711527,13_1,6.8,6.4,"Ahala, Yaoundé, Centre, Cameroon"
42,17.4,78.5,2677633,11_12,19.6,76.8,"Ward 87 Ramnagar, Hyderabad, Telangana, India"
43,4.6,-74.1,2665708,13_44,6.8,281.6,"Bogotá, Colombia"
44,31.3,121.4,2661932,9_18,32.4,115.2,"Putuo, Shanghai, China"
45,39.1,117.2,2637441,7_18,45.2,115.2,"Machang, China"
46,31.9,117.3,2616917,9_18,32.4,115.2,"Qilitang, Hefei, Anhui, China"
47,25.0,121.5,2605220,10_18,26.0,115.2,"Miaomei Village, Taipei, Taiwan"
48,41.8,123.4,2581186,7_19,45.2,121.6,"Taiyuanjie Subdistrict, Shenyang, Liaoning, China"
49,10.8,106.6,2577416,12_16,13.2,102.4,"Ho Chi Minh City, Vietnam"
50,19.2,73.0,2566883,11_11,19.6,70.4,"Reti Bandar, Thāne, Maharashtra, India"
51,25.0,67.1,2545024,10_10,26.0,64.0,"Karachi University Employees Co-operative Housing Society, Pakistan"
52,31.3,120.6,2526998,9_18,32.4,115.2,"Suzhou, Jiangsu, China"
53,25.7,32.6,2498373,10_5,26.0,32.0,"Al Aqaltah Village, Luxor, Egypt"
54,6.7,-1.6,2496157,13_56,6.8,358.4,"Aboabo, Kumasi, Ashanti, Ghana"
55,31.6,74.3,2492953,9_11,32.4,70.4,"Qasurpura, Lahore, Punjab, Pakistan"
56,22.5,88.4,2492240,10_13,26.0,83.2,"Mukundapur, Kolkata, West Bengal, India"
57,13.1,80.2,2489805,12_12,13.2,76.8,"Ward 95, Ambattur, Tamil Nadu, India"
58,-1.3,36.9,2482331,14_5,0.4,32.0,"Imara Daima Estate, Nairobi, Kenya"
59,28.6,77.3,2481504,9_12,32.4,76.8,"Noida, India"
60,-6.8,39.2,2472583,15_6,-6.0,38.4,"Magomeni, Dar es Salaam, Tanzania"
61,30.6,114.3,2462114,9_17,32.4,108.8,"Siwei, Wuhan, Hubei, China"
62,6.6,3.3,2420088,13_0,6.8,0.0,"Alimosho, Ikeja, Lagos, Nigeria"
63,19.2,72.9,2404825,11_11,19.6,70.4,"R/S Ward, Thāne, Maharashtra, India"
64,13.0,80.2,2394915,12_12,13.2,76.8,"St. Thomas Mount Cantonment, Pallāvaram, Tamil Nadu, India"
65,28.6,77.1,2348167,9_12,32.4,76.8,"Hashtsāl, India"
66,29.6,106.5,2336494,9_16,32.4,102.4,"Longhua, Chongqing, China"
67,14.6,121.1,2317850,11_18,19.6,115.2,"Manggahan, Quezon City, National Capital Region, Philippines"
68,27.7,85.3,2309322,9_13,32.4,83.2,"Kalimati, Kathmandu, Bagmati Province, Nepal"
69,32.0,118.8,2283865,9_18,32.4,115.2,"South New Town, Nanjing, Jiangsu, China"
70,43.8,87.6,2250685,7_13,45.2,83.2,"Ürümqi, Xinjiang, China"
71,29.5,106.5,2245847,9_16,32.4,102.4,"Yangjiaping, Chongqing, China"
72,23.9,90.4,2227435,10_14,26.0,89.6,"Tungi, Gazipur, Bangladesh"
73,-6.2,106.9,2226895,15_16,-6.0,102.4,"Pulo Gadung, Jakarta, Indonesia"
74,25.3,83.0,2220734,10_12,26.0,76.8,"Cantonment, Varanasi, Uttar Pradesh, India"
75,15.4,44.2,2218113,11_6,19.6,38.4,"Al Hasabah ash Shamaliyah, Sanaa, Amanat Alasimah, Yemen"
76,33.5,36.3,2208354,8_5,38.8,32.0,"Damascus, Syria"
77,37.5,126.9,2202159,8_19,38.8,121.6,"Gwangmyeong, Seoul, South Korea"
78,39.9,116.4,2175183,7_18,45.2,115.2,"Beijing, China"
79,22.6,114.1,2152271,10_17,26.0,108.8,"Shenzhen, China"
80,13.7,100.5,2145087,11_15,19.6,96.0,"Chom Thong, Thailand"
81,14.7,121.1,2138814,11_18,19.6,115.2,"Bagong Silangan, Quezon City, National Capital Region, Philippines"
82,22.4,91.8,2107142,10_14,26.0,89.6,"Bayejid Bostami, Chattogram, Chittagong, Bangladesh"
83,-6.3,106.9,2100302,15_16,-6.0,102.4,"Taman Mini Indonesia Indah (TMII), Jakarta, Indonesia"
84,-6.2,106.7,2088253,15_16,-6.0,102.4,"Ciputat, Tangerang, Indonesia"
85,9.0,38.8,2065737,12_6,13.2,38.4,"Gerji, Addis Ababa, Ethiopia"
86,34.5,69.1,2054754,8_10,38.8,64.0,"6th District, Kabul, Afghanistan"
87,4.6,-74.2,2052853,13_44,6.8,281.6,"Kennedy, Colombia"
88,31.2,30.0,2051523,9_4,32.4,25.6,"Izbat Nubar Basha, Alexandria, Egypt"
89,19.2,73.2,2046647,11_11,19.6,70.4,"Ulhasnagar, India"
90,23.1,113.2,2036518,10_17,26.0,108.8,"Dali, Guangzhou, Guangdong, China"
91,13.8,100.6,2022764,11_15,19.6,96.0,"Chatuchak, Thailand"
92,21.0,105.8,2015240,10_16,26.0,102.4,"Ke Moc, Hanoi, Vietnam"
93,43.9,125.3,1971725,7_19,45.2,121.6,"Zhanqian Subdistrict, Changchun, Jilin, China"
94,35.7,51.4,1951198,8_8,38.8,51.2,"Felestin - Enghelab, Tehran, Iran"
95,-8.9,13.2,1950716,15_2,-6.0,12.8,"Morro Bento, Luanda, Angola"
96,19.2,72.8,1940954,11_11,19.6,70.4,"Borivli, India"
97,31.2,29.9,1932650,9_4,32.4,25.6,"Shatby, Alexandria, Egypt"
98,39.9,116.3,1919597,7_18,45.2,115.2,"Jinrongjie, Beijing, China"
99,-6.4,106.8,1913000,15_16,-6.0,102.4,"Depok, West Java, Indonesia"
100,13.1,77.6,1909922,12_12,13.2,76.8,"Yelahanka, India"
101,30.0,31.3,1891068,9_4,32.4,25.6,"Madīnat an Naşr, Cairo, Egypt"
102,-8.9,13.3,1879098,15_2,-6.0,12.8,"Mulenvos, Angola"
103,12.6,-8.0,1868204,12_55,13.2,352.0,"Bamako, Mali"
104,-12.1,-77.0,1868198,15_44,-6.0,281.6,"San Borja, Lima, Lima Province, Peru"
105,28.2,113.0,1858086,9_17,32.4,108.8,"Wulipai Subdistrict, Changsha, Hunan, China"
106,30.2,71.5,1855671,9_11,32.4,70.4,"Writers Colony, Multan, Punjab, Pakistan"
107,27.2,78.0,1855107,9_12,32.4,76.8,"Civil Lines, Agra, Uttar Pradesh, India"
108,34.5,69.2,1852375,8_10,38.8,64.0,"Qala-e-Hashmat Khan, Kabul, Afghanistan"
109,23.2,113.3,1848682,10_17,26.0,108.8,"Tonghe, Guangzhou, China"
110,22.7,75.9,1846022,10_11,26.0,70.4,"Indore City, Indore, Madhya Pradesh, India"
111,25.6,85.1,1845189,10_13,26.0,83.2,"Patna Rural, Patna, Bihar, India"
112,25.7,32.7,1842233,10_5,26.0,32.0,"Monsha'et Al Amary, Luxor, Egypt"
113,16.8,96.2,1833546,11_15,19.6,96.0,"No (1) Ah Naw Mar Ward, Yangon, Myanmar"
114,-6.3,106.8,1830907,15_16,-6.0,102.4,"Pamulang, Jakarta, Indonesia"
115,25.4,68.4,1825694,10_10,26.0,64.0,"Baingan Gangro, Hyderabad, Sindh, Pakistan"
116,5.6,-0.2,1824000,13_56,6.8,358.4,"Accra, Ghana"
117,31.5,74.4,1815530,9_11,32.4,70.4,"Askari Flats, Lahore, Punjab, Pakistan"
118,26.1,119.3,1809573,9_18,32.4,115.2,"Gudong Subdistrict, Fuzhou, Fujian, China"
119,33.6,-7.5,1809009,8_55,38.8,352.0,"Lahraouyine, Casablanca, Morocco"
120,5.4,-4.0,1786172,13_55,6.8,352.0,"Sagbé, Abidjan, Abidjan Autonomous District, Ivory Coast"
121,26.9,75.8,1772589,9_11,32.4,70.4,"Sudarshanpura, Jaipur, Rajasthan, India"
122,2.0,45.3,1762982,13_7,6.8,44.8,"Mogadishu, Somalia"
123,-6.9,39.2,1762091,15_6,-6.0,38.4,"Kitunda Kati, Dar es Salaam, Tanzania"
124,-12.0,-77.0,1754489,15_44,-6.0,281.6,"El Sauce, Lima, Lima Province, Peru"
125,7.4,3.9,1753256,12_0,13.2,0.0,"Ibadan, Nigeria"
126,40.0,116.3,1749009,7_18,45.2,115.2,"Haidian, China"
127,13.8,100.5,1741523,11_15,19.6,96.0,"Bangkok, Thailand"
128,28.6,77.2,1741454,9_12,32.4,76.8,"Delhi, India"
129,28.7,115.9,1739823,9_18,32.4,115.2,"Dongjiayao Subdistrict, Nanchang, Jiangxi, China"
130,19.3,72.9,1730224,11_11,19.6,70.4,"Bhayandar, India"
131,-18.9,47.5,1726735,17_7,-18.8,44.8,"Andranovaky, Antananarivo, Analamanga, Madagascar"
132,35.7,139.7,1723726,8_21,38.8,134.4,"Tokyo, Japan"
133,31.6,74.4,1719779,9_11,32.4,70.4,"Mehmood Booti, Lahore, Punjab, Pakistan"
134,22.9,88.4,1716894,10_13,26.0,83.2,"Chinsurah, Bhātpāra, West Bengal, India"
135,41.1,28.9,1714661,7_4,45.2,25.6,"Bağcılar, Istanbul, Turkey"
136,-6.3,107.0,1703500,15_16,-6.0,102.4,"Babakan, Bekasi, West Java, Indonesia"
137,40.0,116.4,1702014,7_18,45.2,115.2,"Laiguangying, China"
138,32.1,118.8,1698312,9_18,32.4,115.2,"Maigaoqiao, Nanjing, Jiangsu, China"
139,28.5,77.2,1694156,9_12,32.4,76.8,"Saket Tehsil, Deoli, Delhi, India"
140,35.7,51.0,1687637,8_7,38.8,44.8,"Andishe Phase 2, Shahrīār, Tehran, Iran"
141,41.0,28.9,1685844,7_4,45.2,25.6,"Çırpıcı Mahallesi, Istanbul, Turkey"
142,19.4,-99.0,1679870,11_40,19.6,256.0,"Ciudad Nezahualcoyotl, Mexico"
143,33.6,73.1,1677761,8_11,38.8,70.4,"Gharibabad, Rawalpindi, Punjab, Pakistan"
144,-6.2,106.6,1676373,15_16,-6.0,102.4,"Tangerang, Indonesia"
145,28.5,77.3,1670475,9_12,32.4,76.8,"Tughlakabad, Deoli, Delhi, India"
146,36.1,120.4,1668963,8_18,38.8,115.2,"Hefeilu, Qingdao, Shandong, China"
147,2.1,45.4,1655815,13_7,6.8,44.8,"Balad District, Mogadishu, Banaadir, Somalia"
148,13.7,100.6,1647902,11_15,19.6,96.0,"Watthana, Thailand"
149,22.3,91.8,1642415,10_14,26.0,89.6,"Bandar, Chattogram, Chittagong, Bangladesh"
150,-6.2,107.0,1637485,15_16,-6.0,102.4,"Alinda, Bekasi, West Java, Indonesia"
151,-12.0,-77.1,1630820,15_44,-6.0,281.6,"Callao, Lima, Peru"
152,26.6,106.7,1629686,9_16,32.4,102.4,"Weiqingmen, Guiyang, Guizhou, China"
153,35.6,139.7,1623098,8_21,38.8,134.4,"Meguro, Japan"
154,-1.3,36.8,1619803,14_5,0.4,32.0,"Nairobi, Kenya"
155,11.3,75.8,1614517,12_11,13.2,70.4,"Kakkodi Bazar, Kozhikode, Kerala, India"
156,22.3,73.2,1613853,10_11,26.0,70.4,"Vadodara, India"
157,22.8,86.2,1607117,10_13,26.0,83.2,"Jamshedpur, India"
158,30.5,47.8,1602869,9_7,32.4,44.8,"Al Başrah al Qadīmah, Iraq"
159,40.4,-3.7,1602404,7_55,45.2,352.0,"Madrid, Spain"
160,1.4,103.9,1594889,13_16,6.8,102.4,"Punggol Field West, Pasir Gudang, Johor, Malaysia"
161,-15.4,28.3,1590043,16_4,-12.4,25.6,"Lusaka, Zambia"
162,36.6,114.5,1589451,8_17,38.8,108.8,"Handan, Hebei, China"
163,5.3,-4.0,1586593,13_55,6.8,352.0,"Zone 3, Abidjan, Abidjan Autonomous District, Ivory Coast"
164,30.6,114.2,1585496,9_17,32.4,108.8,"Hanjiadun, Wuhan, Hubei, China"
165,30.9,75.9,1583891,9_11,32.4,70.4,"Sherpur Kalan, Ludhiana, Punjab, India"
166,3.9,11.5,1574490,13_1,6.8,6.4,"Ntoungou, Yaoundé, Centre, Cameroon"
167,-6.9,39.3,1572338,15_6,-6.0,38.4,"Mwandege, Dar es Salaam, Tanzania"
168,41.0,29.1,1570441,7_4,45.2,25.6,"West Ataşehir, Umraniye, Istanbul, Turkey"
169,36.2,37.1,1568334,8_5,38.8,32.0,"Aleppo, Syria"
170,37.5,127.1,1567730,8_19,38.8,121.6,"Seokchon-dong, Seongnam-si, Gyeonggi-do, South Korea"
171,-4.2,15.3,1563472,14_2,0.4,12.8,"Talangaï, Brazzaville, Republic of the Congo"
172,41.0,28.8,1558311,7_4,45.2,25.6,"Bağcılar, Turkey"
173,31.3,118.4,1556838,9_18,32.4,115.2,"Matang Subdistrict, Wuhu, Anhui, China"
174,37.5,126.7,1550971,8_19,38.8,121.6,"Incheon, South Korea"
175,23.6,90.5,1538610,10_14,26.0,89.6,"Nitaiganj, Narayanganj, Dhaka Division, Bangladesh"
176,32.2,74.2,1531279,9_11,32.4,70.4,"Lohianwala, Gujranwala, Punjab, Pakistan"
177,24.5,118.1,1529672,10_18,26.0,115.2,"Xiamen, China"
178,18.5,-69.9,1527764,11_45,19.6,288.0,"Santo Domingo, Dominican Republic"
179,-6.4,106.9,1521726,15_16,-6.0,102.4,"Cileungsir, Depok, Indonesia"
180,-23.6,-46.6,1521207,17_48,-18.8,307.2,"Sacomã, Brazil"
181,6.6,3.4,1520763,13_0,6.8,0.0,"Erukan, Ikeja, Lagos, Nigeria"
182,19.4,-99.1,1506921,11_40,19.6,256.0,"Mexico City, Mexico"
183,3.6,98.7,1505499,13_15,6.8,96.0,"Sei Kera Hilir II, Medan, North Sumatra, Indonesia"
184,32.0,36.0,1505034,9_5,32.4,32.0,"Marka Sub-District, Amman, Jordan"
185,32.0,35.9,1493115,9_5,32.4,32.0,"Sweileh, Amman, Jordan"
186,4.8,7.0,1492891,13_1,6.8,6.4,"Diobu, Port Harcourt, Rivers State, Nigeria"
187,25.1,121.5,1489637,10_18,26.0,115.2,"Beitou, Taipei, Taiwan"
188,9.9,78.1,1487878,12_12,13.2,76.8,"Madurai, India"
189,35.7,139.8,1481228,8_21,38.8,134.4,"Taito, Japan"
190,26.8,80.9,1473348,9_12,32.4,76.8,"Alambagh, Lucknow, Uttar Pradesh, India"
191,37.6,127.0,1473268,8_19,38.8,121.6,"Seongbuk-dong 1-ga, Seoul, South Korea"
192,35.7,139.6,1470009,8_21,38.8,134.4,"Chōfu, Japan"
193,29.0,77.7,1468135,9_12,32.4,76.8,"Meerut, Uttar Pradesh, India"
194,22.6,88.3,1467458,10_13,26.0,83.2,"Shibpur, Kolkata, West Bengal, India"
195,14.4,121.0,1467421,11_18,19.6,115.2,"Las Piñas, Philippines"
196,31.1,121.4,1465856,9_18,32.4,115.2,"Zhuanqiao, Minhang, Shanghai, China"
197,21.1,79.1,1462027,10_12,26.0,76.8,"Dhantoli, Nagpur, Maharashtra, India"
198,19.5,-99.1,1453569,11_40,19.6,256.0,"Gustavo Adolfo Madero, Mexico City, Mexico"
199,3.4,-76.5,1444892,13_44,6.8,281.6,"Navarro, Cali, Valle del Cauca Department, Colombia"
200,37.6,127.1,1444664,8_19,38.8,121.6,"Guri-si, Seoul, South Korea"
201,27.9,78.1,1443502,9_12,32.4,76.8,"Alīgarh, Uttar Pradesh, India"
202,34.8,113.6,1441781,8_17,38.8,108.8,"Shifo, Zhengzhou, Henan, China"
203,15.3,44.2,1440641,11_6,19.6,38.4,"Haddah, Sanaa, Amanat Alasimah, Yemen"
204,-7.3,112.7,1437522,15_17,-6.0,108.8,"RW 02, Surabaya, East Java, Indonesia"
205,0.5,29.5,1427895,13_4,6.8,25.6,"Sobiede, Beni, North Kivu, Democratic Republic of the Congo"
206,-23.5,-46.4,1420606,17_49,-18.8,313.6,"Vila Simone, Itaquaquecetuba, São Paulo, Brazil"
207,26.5,80.3,1419529,9_12,32.4,76.8,"Kanpur, Uttar Pradesh, India"
208,13.1,80.3,1413664,12_12,13.2,76.8,"Chennai, India"
209,6.2,-75.6,1412385,13_44,6.8,281.6,"Altavista, Medellín, Antioquia, Colombia"
210,-23.6,-46.5,1404139,17_48,-18.8,307.2,"Sapopemba, Brazil"
211,34.3,109.0,1402602,8_17,38.8,108.8,"Xinjiamiao, Xi’an, China"
212,-5.9,22.4,1401245,14_3,0.4,19.2,"Misasa, Kananga, Kasai-Central, Democratic Republic of the Congo"
213,-23.5,-46.7,1399489,17_48,-18.8,307.2,"Parque Monteiro Soares, Brasilandia, São Paulo, Brazil"
214,6.7,3.3,1398185,13_0,6.8,0.0,"Ifako, Akowonjo, Nigeria"
215,-1.2,36.9,1398006,14_5,0.4,32.0,"Kiambu, Kenya"
216,34.8,113.7,1397890,8_17,38.8,108.8,"Longhu, Zhengzhou, Henan, China"
217,40.8,-73.9,1395220,7_44,45.2,281.6,"The Bronx, Washington Heights, New York, United States"
218,37.5,127.0,1392300,8_19,38.8,121.6,"Banpo 4(sa)-dong, Seoul, South Korea"
219,30.5,114.3,1391756,9_17,32.4,108.8,"Zhangjiawan, Wuhan, China"
220,39.0,125.7,1380323,7_19,45.2,121.6,"Chongpyong-dong, Pyongyang, North Korea"
221,-34.6,-58.4,1378916,19_47,-31.6,300.8,"Buenos Aires, Argentina"
222,41.4,2.2,1378712,7_0,45.2,0.0,"Barcelona, Spain"
223,22.3,70.8,1378694,10_11,26.0,70.4,"Rājkot, India"
224,41.8,123.3,1375486,7_19,45.2,121.6,"Yuhong, Shenyang, Liaoning, China"
225,28.6,77.0,1369975,9_12,32.4,76.8,"Najafgarh, India"
226,34.3,108.9,1367204,8_17,38.8,108.8,"Weiyanggong, Xi’an, Shaanxi, China"
227,10.3,123.9,1365958,12_19,13.2,121.6,"Cebu City, Philippines"
228,39.2,117.2,1362130,7_18,45.2,115.2,"Dabizhuang, China"
229,48.9,2.4,1361312,6_0,51.6,0.0,"Paris 20 Ménilmontant, France"
230,40.7,-73.9,1360399,7_44,45.2,281.6,"Queens County, Queens, New York, United States"
231,28.4,77.3,1354147,9_12,32.4,76.8,"Faridabad, India"
232,24.0,90.4,1351744,10_14,26.0,89.6,"Chandona, Gazipur, Dhaka Division, Bangladesh"
233,14.1,-87.2,1349071,11_42,19.6,268.8,"Tegucigalpa, Honduras"
234,20.0,73.8,1341911,10_11,26.0,70.4,"Nashik, India"
235,11.2,75.8,1340104,12_11,13.2,70.4,"Modern Bazar, Kozhikode, Kerala, India"
236,30.2,31.3,1338429,9_4,32.4,25.6,"Al Khuşūş, Egypt"
237,26.9,80.9,1335717,9_12,32.4,76.8,"Khadra, Lucknow, Uttar Pradesh, India"
238,39.9,116.5,1331350,7_18,45.2,115.2,"Longtan, Beijing, China"
239,16.9,96.1,1329199,11_15,19.6,96.0,"Insein, Myanmar"
240,-33.6,-70.6,1323326,19_45,-31.6,288.0,"Provincia de Cordillera, Puente Alto, Santiago Metropolitan, Chile"
241,-6.9,107.7,1323004,15_16,-6.0,102.4,"Cileunyi, Bandung, Indonesia"
242,28.6,77.4,1320168,9_12,32.4,76.8,"Noida, Ghāziābād, India"
243,33.6,119.0,1317414,8_18,38.8,115.2,"Fuqian Subdistrict, Huai'an, Jiangsu, China"
244,1.4,103.8,1314397,13_16,6.8,102.4,"Woodlands, Singapore"
245,-6.5,106.8,1314315,15_16,-6.0,102.4,"Cibinong, Depok, Indonesia"
246,40.2,29.0,1311115,7_4,45.2,25.6,"Hüdavendigar, Bursa, Bursa Province, Turkey"
247,8.5,77.0,1310387,12_12,13.2,76.8,"Thirumala, Thiruvananthapuram, Kerala, India"
248,-22.9,-43.3,1305415,17_49,-18.8,313.6,"Estácio, Brazil"
249,25.6,85.2,1302375,10_13,26.0,83.2,"Hakimganj, Patna, Bihar, India"
250,29.3,48.0,1301560,9_7,32.4,44.8,"Ḩawallī, Kuwait"
251,39.9,116.2,1301023,7_18,45.2,115.2,"Lugu, Mentougou, China"
252,48.9,2.3,1297739,6_0,51.6,0.0,"Paris 18 Buttes-Montmartre, France"
253,-22.8,-43.4,1295803,17_49,-18.8,313.6,"Éden, Nova Iguaçu, Rio de Janeiro, Brazil"
254,10.9,-74.8,1293583,12_44,13.2,281.6,"Soledad, Barranquilla, Atlántico, Colombia"
255,34.7,135.5,1288930,8_21,38.8,134.4,"Osaka, Japan"
256,35.8,139.7,1288581,8_21,38.8,134.4,"Kawaguchi, Japan"
257,6.5,3.4,1287845,13_0,6.8,0.0,"Makoko, Lagos, Nigeria"
258,8.9,76.6,1283625,12_11,13.2,70.4,"Kollam, India"
259,41.2,69.3,1282683,7_10,45.2,64.0,"Sergeli, Tashkent, Uzbekistan"
260,26.4,80.3,1279055,9_12,32.4,76.8,"Naubasta, Kanpur, Uttar Pradesh, India"
261,22.7,75.8,1277348,10_11,26.0,70.4,"Bank, Indore, Madhya Pradesh, India"
262,30.7,104.1,1274796,9_16,32.4,102.4,"Qinglong, Chengdu, Sichuan, China"
263,33.6,73.0,1273772,8_11,38.8,70.4,"Shalley Valley, Rawalpindi, Punjab, Pakistan"
264,-23.5,-46.6,1271148,17_48,-18.8,307.2,"São Paulo, Brazil"
265,6.3,-75.6,1271088,13_44,6.8,281.6,"San Cristóbal, Medellín, Antioquia, Colombia"
266,21.6,39.2,1270730,10_6,26.0,38.4,"Al-Safa, Jeddah, Mecca Region, Saudi Arabia"
267,-6.6,106.8,1270120,15_16,-6.0,102.4,"Paledang, Bogor, West Java, Indonesia"
268,-6.3,106.7,1266399,15_16,-6.0,102.4,"South Tangerang, Indonesia"
269,0.3,32.6,1263772,14_5,0.4,32.0,"Kampala, Uganda"
270,35.6,139.6,1263752,8_21,38.8,134.4,"Setagaya, Japan"
271,37.5,126.8,1260343,8_19,38.8,121.6,"Bucheon-si, South Korea"
272,23.4,116.7,1258680,10_18,26.0,115.2,"Shantou, Guangdong, China"
273,17.5,78.4,1255472,11_12,19.6,76.8,"Kukatpally, India"
274,19.0,72.9,1253278,11_11,19.6,70.4,"Dhārāvi, Mumbai, India"
275,41.2,69.2,1252283,7_10,45.2,64.0,"Sergeli, Tashkent, Uzbekistan (N)"
276,21.5,39.2,1249460,10_6,26.0,38.4,"Al Baghdadiyah Ash Sharqiyah, Jeddah, Mecca Region, Saudi Arabia"
277,37.9,112.6,1244235,8_17,38.8,108.8,"Dunhuafang Subdistrict, Taiyuan, Shanxi, China"
278,37.9,112.5,1243864,8_17,38.8,108.8,"Chaicun Subdistrict, Taiyuan, Shanxi, China"
279,-23.7,-46.6,1243085,17_48,-18.8,307.2,"Casa Grande, São Bernardo do Campo, São Paulo, Brazil"
280,-23.5,-46.5,1239823,17_48,-18.8,307.2,"Jardim Danfer, Guarulhos, São Paulo, Brazil"
281,25.0,102.7,1238680,10_16,26.0,102.4,"Qianwei Subdistrict, Kunming, Yunnan, China"
282,22.6,113.9,1238019,10_17,26.0,108.8,"Xixiang, China"
283,32.5,74.5,1236301,8_11,38.8,70.4,"Zeeshan Colony, Sialkot, Punjab, Pakistan"
284,-34.6,-58.5,1235741,19_47,-31.6,300.8,"Belgrano, Buenos Aires, Argentina"
285,-2.2,-79.9,1234765,14_43,0.4,275.2,"Sucre, Guayaquil, Guayas, Ecuador"
286,17.3,78.5,1229703,11_12,19.6,76.8,"Gaddi Annaram, Hyderabad, India"
287,35.7,51.5,1229593,8_8,38.8,51.2,"Hafezieh, Tehran, Iran"
288,-6.8,39.3,1229306,15_6,-6.0,38.4,"Seaview, Dar es Salaam, Tanzania"
289,26.9,81.0,1229052,9_12,32.4,76.8,"Munshi Pulia, Lucknow, Uttar Pradesh, India"
290,4.0,9.8,1225652,13_1,6.8,6.4,"Mbanga Bakoko, Douala, Littoral, Cameroon"
291,36.4,59.5,1223240,8_9,38.8,57.6,"Tūs-e Soflá, Iran"
292,3.2,101.7,1222694,13_15,6.8,96.0,"Kampung Puah, Kuala Lumpur, Malaysia"
293,33.3,44.3,1222149,8_6,38.8,38.4,"Al Amriya, Baghdad, Iraq"
294,38.0,23.7,1221371,8_3,38.8,19.2,"4th District of Peristeri, Athens, Attica, Greece"
295,22.7,88.4,1218694,10_13,26.0,83.2,"Sodepur, Pānihāti, West Bengal, India"
296,33.4,44.4,1218078,8_6,38.8,38.4,"Baghdad, Iraq"
297,13.1,77.5,1214798,12_12,13.2,76.8,"Chik Bānavar, Yelahanka, India"
298,25.0,67.0,1213370,10_10,26.0,64.0,"Hub, Pakistan"
299,45.8,126.7,1211457,6_19,51.6,121.6,"Harbin, Heilongjiang, China"
300,17.4,78.4,1207843,11_12,19.6,76.8,"Ward 94 Shaikpet, Hyderabad, Telangana, India"
301,25.1,102.7,1203473,10_16,26.0,102.4,"Kunming, Yunnan, China"
302,-23.6,-46.8,1201173,17_48,-18.8,307.2,"Conjunto Promorar Raposo Tavares, Osasco, São Paulo, Brazil"
303,31.5,73.1,1198950,9_11,32.4,70.4,"Kuhala, Faisalabad, Punjab, Pakistan"
304,-8.0,-34.9,1198419,15_50,-6.0,320.0,"Caixa d'Água, Recife, Brazil"
305,13.9,100.6,1196165,11_15,19.6,96.0,"Sanam Bin Subdistrict, Sai Mai, Bangkok, Thailand"
306,-7.0,110.4,1189229,15_17,-6.0,108.8,"RW 08, Semarang, Central Java, Indonesia"
307,23.0,72.5,1182779,10_11,26.0,70.4,"Bopal, Ahmedabad, India"
308,32.1,74.2,1182554,9_11,32.4,70.4,"Chan Da Qila, Gujranwala, Punjab, Pakistan"
309,40.0,32.9,1179312,7_5,45.2,32.0,"Etlik, Ankara, Turkey"
310,36.2,37.2,1176234,8_5,38.8,32.0,"Helwaniyah district (Tareeq al-Bab), Aleppo, Syria"
311,23.7,86.9,1174173,10_13,26.0,83.2,"Sitarampur, Kulti, West Bengal, India"
312,9.6,-13.6,1173937,12_54,13.2,345.6,"Dixinn, Conakry, Guinea"
313,36.3,59.6,1172963,8_9,38.8,57.6,"Saad Abad, Mashhad, Razavi Khorasan, Iran"
314,-22.8,-43.3,1167355,17_49,-18.8,313.6,"Duque de Caxias, Brazil"
315,-34.0,18.6,1162238,19_2,-31.6,12.8,"Lansdowne, Athlone, South Africa"
316,35.7,139.9,1158623,8_21,38.8,134.4,"Edogawe, Japan"
317,-26.0,28.2,1158480,18_4,-25.2,25.6,"Thembisa, South Africa"
318,40.7,-74.0,1157115,7_44,45.2,281.6,"New York City, United States"
319,4.1,9.8,1147205,13_1,6.8,6.4,"Ngoma, Douala, Littoral, Cameroon"
320,23.8,86.4,1146364,10_13,26.0,83.2,"Dhanbad, Jharkhand, India"
321,35.2,129.1,1141726,8_20,38.8,128.0,"Dongnae, Gijang, South Korea"
322,36.1,103.8,1140481,8_16,38.8,102.4,"Jiuzhou, Lanzhou, Gansu, China"
323,-3.8,-38.6,1139658,14_50,0.4,320.0,"Maracanaú, Fortaleza, Brazil"
324,14.4,120.9,1139053,11_18,19.6,115.2,"Imus, Philippines"
325,30.6,31.5,1138838,9_4,32.4,25.6,"Manshiyat al Sadat, Zagazig, Sharqia, Egypt"
326,19.5,-99.2,1138589,11_40,19.6,256.0,"Naucalpan de Juárez, Mexico City, Mexico"
327,38.0,114.5,1137662,8_17,38.8,108.8,"Jiantong Subdistrict, Shijiazhuang, Hebei, China"
328,30.7,104.0,1136697,9_16,32.4,102.4,"Jinquan, Chengdu, Sichuan, China"
329,45.7,126.6,1136258,6_19,51.6,121.6,"Baojianlu, Harbin, Heilongjiang, China"
330,14.8,121.1,1134659,11_18,19.6,115.2,"Kaybanban, San Jose del Monte, Central Luzon, Philippines"
331,-8.9,13.4,1133097,15_2,-6.0,12.8,"Viana, Angola"
332,19.4,-99.2,1133069,11_40,19.6,256.0,"Álvaro Obregón, Mexico City, Mexico"
333,17.5,78.5,1131899,11_12,19.6,76.8,"Quthbullapur, India"
334,35.7,51.3,1131302,8_8,38.8,51.2,"Andīsheh, Tehran, Iran"
335,-14.9,13.5,1127123,16_2,-12.4,12.8,"Lubango, Angola"
336,21.2,79.1,1126069,10_12,26.0,76.8,"Nagpur Urban Taluka, Nagpur, Maharashtra, India"
337,22.8,113.8,1120068,10_17,26.0,108.8,"Tantou, Guangdong, China"
338,21.4,39.8,1118199,10_6,26.0,38.4,"Al Khalidiyah, Makkah, Mecca Region, Saudi Arabia"
339,41.4,2.1,1116546,7_0,45.2,0.0,"Sant Just Desvern, L'Hospitalet de Llobregat, Catalonia, Spain"
340,22.5,114.1,1116429,10_17,26.0,108.8,"Luohu District, China"
341,31.8,35.2,1116418,9_5,32.4,32.0,"Jerusalem, Israel"
342,34.0,71.6,1114835,8_11,38.8,70.4,"Haider Colony, Peshawar, Khyber Pakhtunkhwa, Pakistan"
343,31.9,35.9,1114598,9_5,32.4,32.0,"Quaismeh Sub-District, Amman, Jordan"
344,13.6,44.0,1113974,11_6,19.6,38.4,"Al Muftash, Taiz, Ta‘izz, Yemen"
345,-7.3,108.2,1112754,15_16,-6.0,102.4,"Jati, Indonesia"
346,37.6,126.9,1111912,8_19,38.8,121.6,"Hyangdong-dong, Seoul, South Korea"
347,25.4,68.3,1111025,10_10,26.0,64.0,"SOS Children Village Jamshoro, Hyderabad, Sindh, Pakistan"
348,6.9,79.9,1108204,12_12,13.2,76.8,"Ethulkotte West, Colombo, Sri Lanka"
349,13.7,100.4,1108047,11_15,19.6,96.0,"Bang Khae, Thailand"
350,31.6,74.9,1106245,9_11,32.4,70.4,"Amritsar, India"
351,48.8,2.3,1106125,6_0,51.6,0.0,"Paris 15 Vaugirard, France"
352,18.5,73.8,1103002,11_11,19.6,70.4,"Warje, Pune, Maharashtra, India"
353,10.8,78.7,1102939,12_12,13.2,76.8,"Tiruchirappalli, India"
354,36.7,117.0,1100968,8_18,38.8,115.2,"Beiyuan, Jinan, Shandong, China"
355,33.3,44.4,1100585,8_6,38.8,38.4,"Karadat Maryam, Baghdad, Iraq"
356,24.7,46.7,1100560,10_7,26.0,44.8,"As Sulaymaniyah District, Riyadh, Riyadh Region, Saudi Arabia"
357,35.8,139.8,1100252,8_21,38.8,134.4,"Kita, Japan"
358,28.7,77.4,1098016,9_12,32.4,76.8,"Farukh Nagar, Ghāziābād, Uttar Pradesh, India"
359,18.5,-70.0,1097459,11_45,19.6,288.0,"Santo Domingo Oeste, Dominican Republic"
360,3.1,101.7,1094772,13_15,6.8,96.0,"Salak South, Kuala Lumpur, Malaysia"
361,-11.7,27.5,1089504,15_4,-6.0,25.6,"Kafubu, Lubumbashi, Haut-Katanga, Democratic Republic of the Congo"
362,16.9,96.2,1089370,11_15,19.6,96.0,"Saw Bwar Gyi Kone, Myanmar"
363,30.3,120.2,1084991,9_18,32.4,115.2,"Jianqiao, Hangzhou, Zhejiang, China"
364,-6.3,107.1,1084804,15_16,-6.0,102.4,"Danauindah, Cikarang, West Java, Indonesia"
365,24.0,90.3,1082925,10_14,26.0,89.6,"Konabari, Gazipur, Dhaka Division, Bangladesh"
366,10.9,106.7,1082013,12_16,13.2,102.4,"Thuận An, Ho Chi Minh City, Vietnam"
367,-5.6,12.2,1081584,14_1,0.4,6.4,"Cabinda, Angola"
368,12.4,-1.5,1080710,12_56,13.2,358.4,"Ouagadougou, Centre, Burkina Faso"
369,23.4,85.3,1080164,10_13,26.0,83.2,"Nauasoso, Ranchi, Jharkhand, India"
370,37.8,112.6,1079690,8_17,38.8,108.8,"Xiaodian, Taiyuan, China"
371,19.3,-99.1,1077761,11_40,19.6,256.0,"Iztapalapa, Mexico"
372,36.3,43.1,1076908,8_6,38.8,38.4,"Al Mawşil al Jadīdah, Nineveh, Iraq"
373,-6.1,106.7,1074777,15_16,-6.0,102.4,"Kamal, Teluknaga, Tangerang, West Java, Indonesia"
374,12.1,15.1,1073100,12_2,13.2,12.8,"Habena هابينا, N'Djamena, N’Djaména, Chad"
375,39.1,117.3,1072694,7_18,45.2,115.2,"Xinli, China"
376,10.5,-66.9,1071588,12_45,13.2,288.0,"Caracas, Venezuela"
377,10.7,106.6,1070708,12_16,13.2,102.4,"Phường Bình Đông, Chợ Lớn, Ho Chi Minh City (HCMC), Vietnam"
378,2.1,45.3,1068136,13_7,6.8,44.8,"Afgooye District, Mogadishu, Banaadir, Somalia"
379,30.2,31.4,1064240,9_4,32.4,25.6,"Al Khānkah, Al Khuşūş, Egypt"
380,29.3,53.2,1060653,9_8,32.4,51.2,"Sarvestān, Iran"
381,41.1,123.0,1060151,7_19,45.2,121.6,"Anshan, Liaoning, China"
382,51.5,-0.1,1058621,6_56,51.6,358.4,"London, United Kingdom"
383,-34.7,-58.6,1054779,19_47,-31.6,300.8,"San Miguel, Castelar, Buenos Aires, Argentina"
384,35.4,139.6,1053189,8_21,38.8,134.4,"Yokohama, Japan"
385,6.1,6.8,1052143,13_1,6.8,6.4,"Nkpor, Onitsha, Anambra, Nigeria"
386,30.7,111.3,1050821,9_17,32.4,108.8,"Yichang, China"
387,41.1,29.0,1049185,7_4,45.2,25.6,"Şişli, Turkey"
388,-3.0,104.8,1048564,14_16,0.4,102.4,"Sungaigerong, Palembang, Indonesia"
389,20.7,-103.3,1047014,10_40,26.0,256.0,"Guadalajara, Mexico"
390,5.4,-4.1,1041868,13_55,6.8,352.0,"Anonkoua, Abobo, Ivory Coast"
391,31.6,120.3,1040977,9_18,32.4,115.2,"Huangxiang, Wuxi, Jiangsu, China"
392,24.7,46.8,1040149,10_7,26.0,44.8,"Al Rawabi District, Riyadh, Riyadh Region, Saudi Arabia"
393,31.4,74.3,1039681,9_11,32.4,70.4,"Sadhoke, Kahna Nau, Punjab, Pakistan"
394,35.5,139.6,1034444,8_21,38.8,134.4,"Kikuna, Kawasaki, Japan"
395,24.9,91.9,1030781,10_14,26.0,89.6,"Tilagar, Sylhet, Sylhet Division, Bangladesh"
396,33.6,-7.6,1029248,8_55,38.8,352.0,"Arrondissement de Sidi Belyout ⵜⴰⴳⵥⵥⵓⵎⵜ ⵏ ⵙⵉⴷⵉ ⴱⵍⵢⵓⵟ مقاطعة سيدي بليوط, Casablanca, Morocco"
397,6.3,-10.7,1025350,13_54,6.8,345.6,"Nizohn, Monrovia, Montserrado County, Liberia"
398,37.3,127.0,1024640,8_19,38.8,121.6,"Songjuk-dong, Suwon, Gyeonggi-do, South Korea"
399,14.3,121.1,1023442,11_18,19.6,115.2,"Cabuyao, Philippines"
400,-23.6,-46.7,1022022,17_48,-18.8,307.2,"Campo Limpo, São Paulo, Brazil"
401,-7.8,110.4,1021352,15_17,-6.0,108.8,"Plumbon, Yogyakarta, Indonesia"
402,13.6,100.6,1019793,11_15,19.6,96.0,"Samut Prakan, Thailand"
403,23.7,87.0,1019181,10_13,26.0,83.2,"Āsansol, India"
404,28.4,79.4,1018551,9_12,32.4,76.8,"Izatnagar, Bareilly, Uttar Pradesh, India"
405,38.5,106.3,1018114,8_16,38.8,102.4,"Lijingjie Subdistrict, Yinchuan, Ningxia, China"
406,42.9,74.6,1016893,7_11,45.2,70.4,"Sverdlov District, Bishkek, Kyrgyzstan"
407,38.9,121.6,1014599,7_19,45.2,121.6,"Bayun Subdistrict, Dalian, Liaoning, China"
408,24.9,67.2,1009849,10_10,26.0,64.0,"Malir District, Malir Cantonment, Sindh, Pakistan"
409,29.5,53.3,1007220,9_8,32.4,51.2,"Kharameh, Kherāmeh, Fars, Iran"
410,26.2,78.2,1004313,9_12,32.4,76.8,"Alapur, Gwalior, Madhya Pradesh, India"
411,-7.0,107.6,1004007,15_16,-6.0,102.4,"Banjaran, Bandung, Indonesia"
412,31.3,121.6,999209,9_19,32.4,121.6,"Nanhang, Jinqiao, Pudong, Shanghai, China"
413,15.7,32.5,999067,11_5,19.6,32.0,"Omdurman, Khartoum, Sudan"
414,10.5,76.2,998770,12_11,13.2,70.4,"Thrissur, India"
415,34.0,71.5,998388,8_11,38.8,70.4,"Jahangir Abad, Peshawar, Khyber Pakhtunkhwa, Pakistan"
416,40.8,-74.0,998205,7_44,45.2,281.6,"Manhattan, United States"
417,-13.0,-38.6,998144,16_50,-12.4,320.0,"Vera Cruz, Brazil"
418,-13.0,-38.5,998144,16_50,-12.4,320.0,"Salvador, Brazil"
419,23.2,113.2,998120,10_17,26.0,108.8,"Shijing, Guangzhou, China"
420,36.7,3.1,997668,8_0,38.8,0.0,"Algiers, Algeria"
421,55.7,37.6,997331,5_5,58.0,32.0,"Moscow, Russia"
422,30.8,106.1,996072,9_16,32.4,102.4,"Nanchong, Sichuan, China"
423,35.7,139.5,994337,8_21,38.8,134.4,"Fuchū, Japan"
424,4.1,9.7,993662,13_1,6.8,6.4,"Djébalé, Douala, Littoral, Cameroon"
425,40.8,111.7,992775,7_17,45.2,108.8,"Daxuexilu, Hohhot, Inner Mongolia, China"
426,7.1,125.6,992678,12_19,13.2,121.6,"Davao, Philippines"
427,34.7,135.6,990798,8_21,38.8,134.4,"Higashiosaka, Osaka, Japan"
428,11.0,77.0,990523,12_12,13.2,76.8,"Ward 67, Coimbatore, Tamil Nadu, India"
429,-23.7,-46.7,985734,17_48,-18.8,307.2,"Jardim Cruzeiro, Jardim Angela, São Paulo, Brazil"
430,31.8,117.3,983219,9_18,32.4,115.2,"Wanghu Subdistrict, Hefei, Anhui, China"
431,31.2,121.6,982682,9_19,32.4,121.6,"Sunqiao, Jinqiao, Pudong, Shanghai, China"
432,39.9,32.9,982039,7_5,45.2,32.0,"Aşağı İmrahor Mahallesi, Ankara, Turkey"
433,35.8,51.4,981924,8_8,38.8,51.2,"Tajrīsh, Tehran, Iran"
434,23.2,77.4,981296,10_12,26.0,76.8,"Huzur Tahsil, Bhopal, Madhya Pradesh, India"
435,30.8,31.0,978543,9_4,32.4,25.6,"Tanta, Egypt"
436,6.2,1.2,978219,13_0,6.8,0.0,"Cacaveli, Lomé, Maritime, Togo"
437,51.5,-0.2,975915,6_56,51.6,358.4,"Fulham, United Kingdom"
438,1.3,103.9,975825,13_16,6.8,102.4,"Singapore, Singapore"
439,18.5,-69.8,974888,11_45,19.6,288.0,"Santo Domingo Este, Dominican Republic"
440,31.6,-8.0,974596,9_55,32.4,352.0,"Zone Touristique de l'Agdal ⵜⴰⵎⵏⴰⴹⵜ ⵜⴰⵎⴰⵍⵍⴰⵢⴰⵏⵜ ⵏ ⵓⴳⴷⴰⵍ, Marrakesh, Marrakesh-Safi, Morocco"
441,27.7,85.4,974350,9_13,32.4,83.2,"Changunarayan-01, Kathmandu, Bagmati Province, Nepal"
442,-3.1,-60.0,973766,14_46,0.4,294.4,"Aleixo, Manaus, Amazonas, Brazil"
443,-6.4,20.8,970149,15_3,-6.0,19.2,"Tshikapa, Democratic Republic of the Congo"
444,14.5,121.1,967709,11_18,19.6,115.2,"Taguig, Philippines"
445,27.2,31.2,966151,9_4,32.4,25.6,"An Nāşirīyah, Assiut, Asyut, Egypt"
446,22.0,96.1,965935,10_15,26.0,96.0,"Mandalay, Myanmar"
447,23.9,90.3,965807,10_14,26.0,89.6,"Basaid, Savar, Dhaka Division, Bangladesh"
448,26.8,83.4,964086,9_13,32.4,83.2,"Gorakhpur, Uttar Pradesh, India"
449,32.6,44.0,963275,8_6,38.8,38.4,"Karbala, Iraq"
450,23.4,88.5,962979,10_13,26.0,83.2,"Krishnanagar, West Bengal, India"
451,29.2,52.7,962561,9_8,32.4,51.2,"Kavār, Iran"
452,11.6,104.9,960139,12_16,13.2,102.4,"Phum Tuol Thngan, Phnom Penh, Cambodia"
453,22.6,120.3,960035,10_18,26.0,115.2,"Zhenbei Village, Kaohsiung, Taiwan"
454,26.1,85.4,959933,9_13,32.4,83.2,"Muzaffarpur, Bihar, India"
455,31.4,73.0,959779,9_11,32.4,70.4,"Faisalabad, Punjab, Pakistan"
456,-2.1,-79.9,958707,14_43,0.4,275.2,"La Puntilla, Guayaquil, Ecuador"
457,24.6,46.7,958320,10_7,26.0,44.8,"As-Suwaidi District, Riyadh, Riyadh Region, Saudi Arabia"
458,-6.2,106.5,956201,15_16,-6.0,102.4,"Suka Nagara, Pasarkemis, West Java, Indonesia"
459,-22.9,-43.2,953525,17_49,-18.8,313.6,"Rio de Janeiro, Brazil"
460,39.8,116.4,953269,7_18,45.2,115.2,"Nanyuan, Daxing, China"
461,22.7,114.0,952822,10_17,26.0,108.8,"Dalang, Baimang, China"
462,3.1,101.6,952330,13_15,6.8,96.0,"Petaling Jaya, Malaysia"
463,13.8,100.7,951757,11_15,19.6,96.0,"Bang Kapi, Thailand"
464,11.5,104.9,951224,12_16,13.2,102.4,"Phum Choeung Ek, Phnom Penh, Cambodia"
465,18.6,73.8,949012,11_11,19.6,70.4,"Pimpri-Chinchwad, India"
466,-19.9,-44.0,948772,17_49,-18.8,313.6,"Alípio de Melo, Belo Horizonte, Minas Gerais, Brazil"
467,40.6,-74.0,947448,7_44,45.2,281.6,"Borough Park, United States"
468,31.7,118.5,946743,9_18,32.4,115.2,"Ma’anshan, China"
469,6.7,-1.7,942275,13_55,6.8,352.0,"Asenemaso, Kumasi, Ashanti, Ghana"
470,36.6,101.8,940267,8_15,38.8,96.0,"Xining, Qinghai, China"
471,44.4,26.1,937795,7_4,45.2,25.6,"Berceni, Bucharest, Romania"
472,36.6,117.0,936694,8_18,38.8,115.2,"Shiliulihe, Jinan, Shandong, China"
473,21.2,72.7,936661,10_11,26.0,70.4,"Mora, India"
474,31.0,31.2,935189,9_4,32.4,25.6,"Al Qasriyah, Al Maḩallah al Kubrá, Gharbia, Egypt"
475,32.1,72.7,934978,9_11,32.4,70.4,"Maqam-e-Hayat, Sargodha, Punjab, Pakistan"
476,19.4,72.8,934739,11_11,19.6,70.4,"Nallasopara West, Virār, Maharashtra, India"
477,31.4,121.4,934640,9_18,32.4,115.2,"Yangbei, Baoshan, Shanghai, China"
478,13.0,80.1,934516,12_12,13.2,76.8,"Kollaicheri, Pallāvaram, Tamil Nadu, India"
479,32.0,120.9,934363,9_18,32.4,115.2,"Guanyinshan, Nantong, Jiangsu, China"
480,0.4,32.6,934213,14_5,0.4,32.0,"Katumba, Kira, Central Region, Uganda"
481,-33.5,-70.6,934196,19_45,-31.6,288.0,"Macul, Santiago, Santiago Metropolitan, Chile"
482,18.2,-16.0,933116,11_53,19.6,339.2,"Tevragh Zeina, Mauritania"
483,18.1,-16.0,933116,11_53,19.6,339.2,"Nouakchott, Mauritania"
484,5.3,-4.1,932930,13_55,6.8,352.0,"Abadjin-Kouté, Marcory, Ivory Coast"
485,25.0,121.3,931893,10_18,26.0,115.2,"Taoyuan, Taiwan"
486,23.8,90.3,931239,10_14,26.0,89.6,"Pallabi, Bangladesh"
487,55.7,37.8,931083,5_5,58.0,32.0,"Mar’ino, Moscow, Russia"
488,17.7,83.2,930874,11_13,19.6,83.2,"Visakhapatnam, Andhra Pradesh, India"
489,35.8,51.0,930627,8_7,38.8,44.8,"Mesbah, Karaj, Alborz Province, Iran"
490,16.8,96.1,928540,11_15,19.6,96.0,"Kone, Yangon, Myanmar"
491,39.6,118.2,927848,7_18,45.2,115.2,"Nuzhizhai, Tangshan, Hebei, China"
492,6.0,6.9,927722,13_1,6.8,6.4,"Nnewi, Nigeria"
493,22.7,113.8,924961,10_17,26.0,108.8,"Shajing Residential District, China"
494,23.2,79.9,923072,10_12,26.0,76.8,"Vijay Nagar, Jabalpur, Madhya Pradesh, India"
495,30.3,120.1,922151,9_18,32.4,115.2,"Hangzhou, Zhejiang, China"
496,10.9,106.8,920575,12_16,13.2,102.4,"Nội Hóa 1, Biên Hòa, Dong Nai, Vietnam"
497,-34.7,-58.4,919046,19_47,-31.6,300.8,"Villa Lugano, Buenos Aires, Argentina"
498,24.8,46.7,916053,10_7,26.0,44.8,"Al Falah District, Riyadh, Riyadh Region, Saudi Arabia"
499,15.6,32.6,913739,11_5,19.6,32.0,"Burri Al Shreef, Khartoum, Sudan"
500,27.7,106.9,913105,9_16,32.4,102.4,"Zunyi, Guizhou, China"
501,-19.9,-43.9,912078,17_49,-18.8,313.6,"Ana Lúcia, Belo Horizonte, Minas Gerais, Brazil"
502,29.9,121.5,911865,9_18,32.4,115.2,"Gaoqiao, Ningbo, Zhejiang, China"
503,40.5,-3.7,910399,7_55,45.2,352.0,"Fuencarral, Spain"
504,20.0,110.3,909997,10_17,26.0,108.8,"Haiken, Haikou, Hainan, China"
505,14.3,121.0,909826,11_18,19.6,115.2,"Severino de las Alas, Dasmariñas, Calabarzon, Philippines"
506,31.4,74.2,909415,9_11,32.4,70.4,"Khizrabad, Sharqpur Sharif, Punjab, Pakistan"
507,24.8,46.8,907452,10_7,26.0,44.8,"Al Ishbiliyah District, Riyadh, Riyadh Region, Saudi Arabia"
508,23.1,72.6,906521,10_11,26.0,70.4,"Adalaj, Ahmedabad, India"
509,4.7,-74.0,903506,13_44,6.8,281.6,"La Calera, Colombia"
510,14.7,-17.4,902222,11_53,19.6,339.2,"Dakar, Senegal"
511,29.9,31.3,900772,9_4,32.4,25.6,"Hadayek helwan, Ḩalwān, Cairo, Egypt"
512,55.8,37.6,899763,5_5,58.0,32.0,"Meshchansky, Moscow, Russia"
513,-7.3,112.8,899752,15_17,-6.0,108.8,"Wonorejo, Indonesia"
514,-26.2,27.9,899661,18_4,-25.2,25.6,"Johannesburg Ward 70, Roodepoort, Soweto, Gauteng, South Africa"
515,23.3,77.4,898783,10_12,26.0,76.8,"Huzur Tahsil, Bhopal, Madhya Pradesh, India (N)"
516,29.6,106.6,896369,9_16,32.4,102.4,"Tushan, Chongqing, China"
517,-11.6,27.5,894985,15_4,-6.0,25.6,"Tunnel, Lubumbashi, Haut-Katanga, Democratic Republic of the Congo"
518,19.2,73.1,894783,11_11,19.6,70.4,"Sagaon, Kalyān, Maharashtra, India"
519,11.9,79.8,894375,12_12,13.2,76.8,"Puducherry, India"
520,53.9,27.6,893785,5_4,58.0,25.6,"Leninsky District, Minsk, Minsk City, Belarus"
521,25.4,81.8,892827,10_12,26.0,76.8,"Kareli, Prayagraj, Uttar Pradesh, India"
522,48.8,2.4,891794,6_0,51.6,0.0,"Paris 13e Arrondissement, France"
523,23.5,116.4,890952,10_18,26.0,115.2,"Jieyang, Guangdong, China"
524,19.3,-98.9,890644,11_40,19.6,256.0,"Ixtapaluca, Mexico"
525,24.1,120.7,889278,10_18,26.0,115.2,"Dali District, Taichung, Taiwan"
526,11.2,-4.3,888956,12_55,13.2,352.0,"Sakabi, Bobo-Dioulasso, Hauts-Bassins, Burkina Faso"
527,31.1,121.3,888537,9_18,32.4,115.2,"Zhangshi, Minhang, Shanghai, China"
528,34.6,69.2,888522,8_10,38.8,64.0,"Pul-e Sangī, Kabul, Afghanistan"
529,34.6,135.5,888055,8_21,38.8,134.4,"Sakai, Japan"
530,25.3,55.4,887436,10_8,26.0,51.2,"Sharjah, United Arab Emirates"
531,28.0,120.7,886557,9_18,32.4,115.2,"Puxieshi, Wenzhou, Zhejiang, China"
532,-23.7,-46.8,886127,17_48,-18.8,307.2,"Chácara Santa Maria, Jardim Angela, São Paulo, Brazil"
533,19.6,-99.2,882735,11_40,19.6,256.0,"Tlalnepantla, Mexico"
534,-11.9,-77.0,881496,15_44,-6.0,281.6,"Urb. Santo Domingo, Lima region, Peru"
535,-25.9,32.5,881226,18_5,-25.2,32.0,"Bairro 25 de Junho A, Maputo, Mozambique"
536,6.5,3.2,880254,13_0,6.8,0.0,"Ikotun, Irewe, Nigeria"
537,41.9,12.5,878715,7_1,45.2,6.4,"Municipio Roma I, Rome, Lazio, Italy"
538,5.6,-0.3,878046,13_56,6.8,358.4,"Gbawe, Ghana"
539,13.4,-16.7,877984,11_53,19.6,339.2,"Serekunda, Gambia"
540,55.9,37.6,877511,5_5,58.0,32.0,"Severnyy, Russia"
541,28.8,78.8,877251,9_12,32.4,76.8,"Sisa Inayatpur, Morādābād, Uttar Pradesh, India"
542,35.9,128.6,877120,8_20,38.8,128.0,"Sangyeok-dong, Daegu, South Korea"
543,36.2,44.0,876948,8_6,38.8,38.4,"Erbil, Iraq"
544,8.5,76.9,875909,12_12,13.2,76.8,"Vettukadu, Thiruvananthapuram, Kerala, India"
545,27.8,114.4,875824,9_17,32.4,108.8,"Yichun, Jiangxi, China"
546,-17.8,-63.2,875747,16_46,-12.4,294.4,"El Pari, Santa Cruz de la Sierra, Santa Cruz Department, Bolivia"
547,7.1,-73.1,875607,12_44,13.2,281.6,"Bucaramanga, Colombia"
548,-34.7,-58.5,875021,19_47,-31.6,300.8,"Villa Lugano, Argentina"
549,37.3,127.1,874869,8_19,38.8,121.6,"Mabuk-dong, Suwon, Gyeonggi-do, South Korea"
550,10.7,106.7,873594,12_16,13.2,102.4,"Ấp 20, Chợ Lớn, Ho Chi Minh City (HCMC), Vietnam"
551,10.5,7.4,873298,12_1,13.2,6.4,"Kinkinau, Kaduna, Kaduna State, Nigeria"
552,14.8,121.0,872210,11_18,19.6,115.2,"San Vicente, San Jose del Monte, Central Luzon, Philippines"
553,9.7,-13.5,871718,12_54,13.2,345.6,"Bailobaya Centre, Manéah, Kindia, Guinea"
554,8.5,-13.2,871153,12_54,13.2,345.6,"Freetown, Sierra Leone"
555,32.1,34.8,869116,9_5,32.4,32.0,"Tel Aviv, Israel"
556,31.7,74.0,868915,9_11,32.4,70.4,"Shekhupura, Punjab, Pakistan"
557,30.6,104.1,867839,9_16,32.4,102.4,"Jinhualu, Chengdu, Sichuan, China"
558,-25.9,32.6,867291,18_5,-25.2,32.0,"Laulane, Maputo, Maputo City, Mozambique"
559,24.9,118.6,864000,10_18,26.0,115.2,"Quanzhou, China"
560,4.0,9.7,863890,13_1,6.8,6.4,"Nyanga Kombo, Douala, Littoral, Cameroon"
561,11.9,8.5,862502,12_1,13.2,6.4,"Kumbotso, Kano, Nigeria"
562,34.2,108.9,862360,8_17,38.8,108.8,"Dianzicheng, Xi’an, Shaanxi, China"
563,55.8,37.5,862198,5_5,58.0,32.0,"Khoroshëvo-Mnevniki, Moscow Oblast, Russia"
564,-8.1,-34.9,860810,15_50,-6.0,320.0,"Pina, Recife, Brazil"
565,25.0,121.4,860495,10_18,26.0,115.2,"Banqiao, New Taipei City, Taiwan"
566,34.0,113.8,860252,8_17,38.8,108.8,"Xuchang, Henan, China"
567,30.5,114.4,859928,9_17,32.4,108.8,"Guanshan, China"
568,0.3,32.5,859193,14_5,0.4,32.0,"Central(kyengera), Nansana, Central Region, Uganda"
569,26.4,50.1,859182,9_7,32.4,44.8,"Al Jamiyin, Dammam, Eastern Province, Saudi Arabia"
570,41.0,28.7,859000,7_4,45.2,25.6,"Mustafa Kemal Paşa Mahallesi, Esenyurt, Istanbul, Turkey"
571,32.0,118.7,858187,9_18,32.4,115.2,"Jiangxinzhou, Nanjing, China"
572,-6.9,107.5,857486,15_16,-6.0,102.4,"Cimahi, Indonesia"
573,45.5,9.2,856781,6_1,51.6,6.4,"Municipio 2, Milan, Lombardy, Italy"
574,11.0,-74.8,856157,12_44,13.2,281.6,"Localidad Norte - Centro Histórico, Barranquilla, Atlántico, Colombia"
575,31.0,31.4,855944,9_4,32.4,25.6,"Shawa, Al Mansurah, Dakahlia, Egypt"
576,35.8,139.6,854988,8_21,38.8,134.4,"Niiza, Japan"
577,19.3,-99.2,854582,11_40,19.6,256.0,"Álvaro Obregón, Mexico"
578,36.1,114.3,853709,8_17,38.8,108.8,"Dongfeng, Anyang, Henan, China"
579,13.9,100.5,851688,11_15,19.6,96.0,"Mueang Nonthaburi, Thailand"
580,-16.5,-68.2,851448,16_45,-12.4,288.0,"Distrito 5, La Paz, La Paz Department, Bolivia"
581,30.7,76.8,850635,9_12,32.4,76.8,"Chandigarh, India"
582,39.5,-0.4,850622,7_56,45.2,358.4,"Burjassot, Valencia, Spain"
583,23.1,113.4,850228,10_17,26.0,108.8,"Xinzhou, Dasha, Guangdong, China"
584,55.7,37.7,850005,5_5,58.0,32.0,"Kozhukhovo, Mar’ino, Moscow, Russia"
585,-8.1,-79.0,848642,15_43,-6.0,275.2,"Trujillo, Peru"
586,-12.9,-38.4,848021,16_50,-12.4,320.0,"Cajazeiras, Lauro de Freitas, Bahia, Brazil"
587,55.6,37.7,846486,5_5,58.0,32.0,"Mar’ino, Moscow, Russia (SW)"
588,15.6,32.4,846183,11_5,19.6,32.0,"Omdurman, Khartoum, Sudan (S)"
589,-33.5,-70.7,843875,19_45,-31.6,288.0,"Ciudad Parque, Santiago, Santiago Metropolitan, Chile"
590,51.6,-0.1,841892,6_56,51.6,358.4,"West Green, Archway, England, United Kingdom"
591,-23.7,-46.5,839657,17_48,-18.8,307.2,"Jardim Santo André - CDHU, São Bernardo do Campo, São Paulo, Brazil"
592,29.5,106.6,838781,9_16,32.4,102.4,"Huangjueya, Chongqing, China"
593,-3.4,29.4,838532,14_4,0.4,25.6,"Bujumbura, Burundi"
594,6.4,2.4,833570,13_0,6.8,0.0,"Cotonou, Benin"
595,40.2,29.1,832330,7_4,45.2,25.6,"Kazım Karabekir, Bursa, Bursa Province, Turkey"
596,30.7,76.7,831464,9_11,32.4,70.4,"Mohali, Chandigarh, India"
597,33.4,44.5,829874,8_6,38.8,38.4,"Tariq, Sadr City, Baghdad, Iraq"
598,19.6,-99.0,829767,11_40,19.6,256.0,"Desarrollo habitacional Ilegal, Ecatepec de Morelos, México, Mexico"
599,35.2,136.9,829572,8_21,38.8,134.4,"Nagoya, Japan"
600,-3.3,114.6,828355,14_17,0.4,108.8,"Banjarmasin, Indonesia"
601,10.5,-75.5,827946,12_44,13.2,281.6,"Villa Gloria, Cartagena, Colombia"
602,10.4,-75.5,827946,12_44,13.2,281.6,"Zaragocilla, Cartagena, Colombia"
603,18.6,73.9,827904,11_11,19.6,70.4,"Khadki, Pune, India"
604,35.5,139.5,826068,8_21,38.8,134.4,"Kamikawaicho, Machida, Tokyo, Japan"
605,36.1,114.4,825243,8_17,38.8,108.8,"Yongminglu Subdistrict, Anyang, Henan, China"
606,-7.2,107.9,823361,15_16,-6.0,102.4,"Jayaraga Kaler, Indonesia"
607,6.3,5.6,821045,13_0,6.8,0.0,"Oko, Benin City, Edo State, Nigeria"
608,19.9,75.3,820848,10_11,26.0,70.4,"Bidri workshop, Aurangabad, Maharashtra, India"
609,-5.9,29.2,820629,14_4,0.4,25.6,"Kalemie, Democratic Republic of the Congo"
610,28.0,120.6,820082,9_18,32.4,115.2,"Xinqiao, Wenzhou, Zhejiang, China"
611,33.6,114.0,819254,8_17,38.8,108.8,"Luohe, Henan, China"
612,34.6,69.1,818662,8_10,38.8,64.0,"17th District, Kabul, Afghanistan"
613,3.5,-76.5,818015,13_44,6.8,281.6,"Yumbo, Cali, Valle del Cauca Department, Colombia"
614,39.0,125.8,817591,7_19,45.2,121.6,"Songsin 1-dong, Pyongyang, North Korea"
615,45.8,126.6,817381,6_19,51.6,121.6,"Harbin, Heilongjiang, China (NW)"
616,13.5,2.1,816564,11_0,19.6,0.0,"Gaweye, Niamey, Niger"
617,30.0,31.1,816445,9_4,32.4,25.6,"Kirdāsah, Giza, Egypt"
618,11.0,106.7,815641,12_16,13.2,102.4,"Phú Lợi 9, Thủ Dầu Một, Ho Chi Minh City (HCMC), Vietnam"
619,14.6,121.2,815570,11_18,19.6,115.2,"Teresa, Antipolo, Philippines"
620,24.3,109.4,815084,10_17,26.0,108.8,"Liuzhou, China"
621,12.7,-8.0,814640,12_55,13.2,352.0,"Dialakorodji, Bamako, Mali"
622,29.3,47.9,813504,9_7,32.4,44.8,"Al Farwānīyah, Kuwait"
623,-16.7,-49.3,812952,16_48,-12.4,307.2,"Sudoeste, Goiânia, Goiás, Brazil"
624,-22.9,-43.4,811788,17_49,-18.8,313.6,"Jardim Sulacap, Nilópolis, Rio de Janeiro, Brazil"
625,24.8,85.0,811785,10_13,26.0,83.2,"Gaya, Bihar, India"
626,36.3,59.5,811683,8_9,38.8,57.6,"Chahar Cheshmeh, Mashhad, Razavi Khorasan, Iran"
627,55.7,37.5,811560,5_5,58.0,32.0,"Ramenki, Russia"
628,31.2,121.7,811315,9_19,32.4,121.6,"Jinqiao, Shanghai, China"
629,35.6,139.5,810775,8_21,38.8,134.4,"Katahira 1-chome, Machida, Tokyo, Japan"
630,40.9,-73.9,810774,7_44,45.2,281.6,"Bronx County, The Bronx, New York, United States"
631,34.8,135.5,807230,8_21,38.8,134.4,"Toyonaka, Osaka, Japan"
632,15.6,32.5,806919,11_5,19.6,32.0,"Khartoum, Sudan"
633,5.0,7.9,806500,13_1,6.8,6.4,"Mbribit, Uyo, Akwa Ibom State, Nigeria"
634,21.9,96.1,805294,10_15,26.0,96.0,"Yar Taw Ward, Amarapura, Mandalay, Mandalay Region, Myanmar"
635,26.2,50.6,804561,9_7,32.4,44.8,"Manama, Bahrain"
636,31.1,121.5,802293,9_18,32.4,115.2,"Pujiang, Minhang, China"
637,34.0,-6.8,802000,8_55,38.8,352.0,"Bettana بطانة, Rabat, Rabat-Salé-Kénitra, Morocco"
638,30.1,31.4,801617,9_4,32.4,25.6,"Burg al Hudud, Al Qāhirah al Jadīdah, Egypt"
639,0.5,25.2,801223,13_3,6.8,19.2,"Kisangani, Democratic Republic of the Congo"
640,34.7,113.6,801011,8_17,38.8,108.8,"Luogou, Zhengzhou, Henan, China"
641,32.9,115.8,800264,8_18,38.8,115.2,"Fuyang, Anhui, China"
642,-0.2,-78.5,800255,14_43,0.4,275.2,"Quito, Ecuador"
643,-23.5,-46.8,800158,17_48,-18.8,307.2,"Jardim Elvira, Osasco, São Paulo, Brazil"
644,22.4,114.2,799331,10_17,26.0,108.8,"Sha Tin, Hong Kong"
645,25.7,-100.2,797805,10_40,26.0,256.0,"Guadalupe, Mexico"
646,-33.4,-70.7,795267,19_45,-31.6,288.0,"Renca, Santiago, Santiago Metropolitan, Chile"
647,7.3,3.9,794239,12_0,13.2,0.0,"Idi-Ayunre, Ibadan, Nigeria"
648,41.0,29.2,793702,7_4,45.2,25.6,"Emek Mahallesi, Umraniye, Istanbul, Turkey"
649,-6.4,107.0,793455,15_16,-6.0,102.4,"Mekarsari, Cileungsir, West Java, Indonesia"
650,30.6,114.4,791366,9_17,32.4,108.8,"Hongqi, Hubei, China"
651,55.8,37.7,790610,5_5,58.0,32.0,"Cherkizovo, Moscow, Russia"
652,-8.8,13.2,790462,15_2,-6.0,12.8,"Praia do Bispo, Luanda, Angola"
653,-34.6,-58.6,789250,19_47,-31.6,300.8,"Ciudad Jardín Lomas del Palomar, Castelar, Buenos Aires, Argentina"
654,33.6,117.0,787554,8_18,38.8,115.2,"Suzhou, Anhui, China"
655,22.4,114.1,785183,10_17,26.0,108.8,"New Territories, Hong Kong"
656,12.3,76.6,784966,12_11,13.2,70.4,"Bogadi, Mysuru, Karnataka, India"
657,1.3,103.8,782356,13_16,6.8,102.4,"Bukit Merah Estate, Singapore"
658,-12.2,-76.9,782354,15_44,-6.0,281.6,"Villa Poeta José Gálvez Barrenechea, Peru"
659,23.1,114.4,782200,10_17,26.0,108.8,"Huizhou, China"
660,28.7,77.0,781187,9_12,32.4,76.8,"Kanjhawalan Tehsil, Kirāri Sulemānnagar, Delhi, India"
661,-8.8,13.4,781114,15_2,-6.0,12.8,"Cacuaco, Kikolo, Luanda, Angola"
662,29.1,119.6,780587,9_18,32.4,115.2,"Jinhua, Zhejiang, China"
663,19.3,-99.0,780409,11_40,19.6,256.0,"Xico, Iztapalapa, Mexico"
664,-16.5,-68.1,779877,16_45,-12.4,288.0,"San Antonio, La Paz, La Paz Department, Bolivia"
665,43.3,76.9,778987,7_12,45.2,76.8,"Jetisu district, Almaty, Kazakhstan"
666,22.7,114.1,778479,10_17,26.0,108.8,"Pinghu, China"
667,-18.8,47.6,778354,17_7,-18.8,44.8,"Ambohimpananina, Ivato, Analamanga, Madagascar"
668,38.1,114.5,778276,8_17,38.8,108.8,"Taoyuan, Shijiazhuang, Hebei, China"
669,36.8,10.1,778020,8_1,38.8,6.4,"El Hrairia, Tunis, Tunis Governorate, Tunisia"
670,15.5,-88.0,776922,11_42,19.6,268.8,"San Pedro Sula, Honduras"
671,-3.0,104.7,776659,14_16,0.4,102.4,"Gandus, Palembang, South Sumatra, Indonesia"
672,15.5,32.5,776583,11_5,19.6,32.0,"Al Kalakla, Khartoum, Sudan"
673,51.5,-0.0,776522,6_0,51.6,0.0,"Canary Wharf, United Kingdom"
674,23.4,113.2,775750,10_17,26.0,108.8,"Xinhua, China"
675,-8.0,112.6,775346,15_17,-6.0,108.8,"Bakalankrajan, Malang, East Java, Indonesia"
676,34.0,-5.0,773147,8_55,38.8,352.0,"Arrondissement de Saiss مقاطعة سايس, Fes, Fes-Meknes, Morocco"
677,31.2,121.3,771475,9_18,32.4,115.2,"Qibao, Putuo, China"
678,35.5,139.7,770379,8_21,38.8,134.4,"Kawasaki, Japan"
679,25.4,83.0,770084,10_12,26.0,76.8,"Sarnath, Varanasi, Uttar Pradesh, India"
680,-7.4,112.7,770028,15_17,-6.0,108.8,"Masangan Wetan, Sidoarjo, East Java, Indonesia"
681,-6.7,108.5,769708,15_16,-6.0,102.4,"Cirebon, Indonesia"
682,-11.8,19.9,769676,15_3,-6.0,19.2,"Luena, Angola"
683,-4.0,39.7,769006,14_6,0.4,38.4,"Kiembeni, Mombasa, Kenya"
684,23.0,72.7,767779,10_11,26.0,70.4,"Singarva, Ahmedabad, India"
685,17.7,75.9,767692,11_11,19.6,70.4,"Hipparge, Sholapur, Maharashtra, India"
686,20.6,-103.3,767053,10_40,26.0,256.0,"Tlaquepaque, Mexico"
687,12.3,-1.5,767046,12_56,13.2,358.4,"Ouaga 2000, Ouagadougou, Centre, Burkina Faso"
688,22.6,114.0,766323,10_17,26.0,108.8,"Xili, China"
689,13.8,9.0,766065,11_1,19.6,6.4,"Zinder, Niger"
690,33.9,35.5,765609,8_5,38.8,32.0,"Beirut, Lebanon"
691,22.2,113.5,765588,10_17,26.0,108.8,"Macau, Macao"
692,31.3,120.7,764885,9_18,32.4,115.2,"Loufeng, Suzhou, China"
693,55.6,37.6,764169,5_5,58.0,32.0,"Yasenevo, Moscow, Russia"
694,-5.4,105.3,763467,14_16,0.4,102.4,"Sukabumi, Bandar Lampung, Lampung, Indonesia"
695,21.0,105.9,762961,10_16,26.0,102.4,"Long Bien Ward, Hanoi, Vietnam"
696,34.7,36.7,762395,8_5,38.8,32.0,"Homs, Syria"
697,-8.7,115.2,762347,15_18,-6.0,115.2,"Pemogan, Denpasar, Bali, Indonesia"
698,12.4,-1.6,761930,12_56,13.2,358.4,"Tampouy, Ouagadougou, Centre, Burkina Faso"
699,-3.8,-38.5,760153,14_50,0.4,320.0,"Cidade dos Funcionários, Fortaleza, Brazil"
700,-4.4,15.2,760044,14_2,0.4,12.8,"Kimbwala, Kinshasa, Democratic Republic of the Congo"
701,29.5,77.7,759646,9_12,32.4,76.8,"Muzaffarnagar, Uttar Pradesh, India"
702,33.4,44.3,758115,8_6,38.8,38.4,"al-Kadhimiya, Baghdad, Iraq"
703,23.1,-82.4,758092,10_43,26.0,275.2,"Havana, Cuba"
704,-18.8,47.5,757441,17_7,-18.8,44.8,"Ambatolampy, Ivato, Analamanga, Madagascar"
705,8.5,4.6,755138,12_0,13.2,0.0,"Ilorin South, Ilorin, Kwara State, Nigeria"
706,32.6,74.1,754882,8_11,38.8,70.4,"Jamal Pur Syedan, Gujrat, Punjab, Pakistan"
707,10.9,106.6,754356,12_16,13.2,102.4,"Hóc Môn, Ho Chi Minh City, Vietnam"
708,35.7,139.4,753763,8_21,38.8,134.4,"Hino, Japan"
709,41.0,29.0,753204,7_4,45.2,25.6,"Kemankeş Karamustafa Paşa, Istanbul, Turkey"
710,24.8,118.6,752803,10_18,26.0,115.2,"Jinjiang, Fujian, China"
711,35.3,113.9,751106,8_17,38.8,108.8,"Hongqi, Henan, China"
712,32.0,44.3,750734,9_6,32.4,38.4,"Najaf, Iraq"
713,40.1,116.3,750354,7_18,45.2,115.2,"Huilongguan, China"
714,-6.4,106.7,750195,15_16,-6.0,102.4,"Pamulang, Indonesia"
715,3.2,101.6,749559,13_15,6.8,96.0,"Bukit Rahman Putra, Malaysia"
716,32.0,44.9,747973,9_7,32.4,44.8,"Al Diwaniyah, Al-Qadisiyah, Iraq"
717,25.4,81.9,747921,10_12,26.0,76.8,"Mawaiya, Prayagraj, Uttar Pradesh, India"
718,48.2,16.4,747858,6_2,51.6,12.8,"Katastralgemeinde Landstraße, Vienna, State of Vienna, Austria"
719,22.3,87.3,746662,10_13,26.0,83.2,"Kharagpur, West Bengal, India"
720,16.5,80.6,746164,11_12,19.6,76.8,"Undavalli, Vijayawada, Andhra Pradesh, India"
721,16.3,80.4,746072,11_12,19.6,76.8,"Guntur, Andhra Pradesh, India"
722,26.9,75.7,744134,9_11,32.4,70.4,"Lalarpura, Jaipur, Rajasthan, India"
723,31.5,34.5,743412,9_5,32.4,32.0,"East al-Jadida, Gaza, Gaza Strip, Palestinian Territory"
724,11.1,76.1,742901,12_11,13.2,70.4,"Pattolikund, Malappuram, Kerala, India"
725,34.6,119.2,742593,8_18,38.8,115.2,"Lianyungang, China"
726,26.3,73.0,742166,9_11,32.4,70.4,"Paota, Jodhpur, Rajasthan, India"
727,12.0,8.6,741806,12_1,13.2,6.4,"Raudakeyi, Kano, Kano State, Nigeria"
728,20.7,-103.4,741221,10_40,26.0,256.0,"Zapopan, Mexico"
729,29.8,31.3,740412,9_4,32.4,25.6,"Ḩalwān, Cairo, Egypt"
730,30.2,67.0,740337,9_10,32.4,64.0,"Yakhao, Quetta, Balochistan, Pakistan"
731,34.3,62.2,739750,8_9,38.8,57.6,"Nowin-e Sufla, Herāt, Herat, Afghanistan"
732,31.2,107.5,739731,9_16,32.4,102.4,"Dazhou, China"
733,25.0,121.6,739173,10_19,26.0,121.6,"Shiding, Taipei, Taiwan"
734,32.0,34.8,738313,9_5,32.4,32.0,"Rishon LeTsiyyon, Israel"
735,36.7,67.1,738043,8_10,38.8,64.0,"Mazār-e Sharīf, Afghanistan"
736,24.1,88.3,737877,10_13,26.0,83.2,"Cossimbazar, Baharampur, West Bengal, India"
737,34.8,135.6,737863,8_21,38.8,134.4,"Hirakata, Osaka, Japan"
738,3.6,98.6,737855,13_15,6.8,96.0,"Paya Geli, Medan, North Sumatra, Indonesia"
739,40.7,109.8,737375,7_17,45.2,108.8,"Xishuiquan, Baotou, Inner Mongolia, China"
740,32.1,118.7,737109,9_18,32.4,115.2,"Baotaqiao, Nanjing, China"
741,60.0,30.3,736527,4_4,64.4,25.6,"Kalininskiy, Russia"
742,34.2,109.0,735643,8_17,38.8,108.8,"Qujiang, Xi’an, China"
743,35.7,-0.6,735367,8_56,38.8,358.4,"Hayy Ibn Rushd, Oran, Algeria"
744,31.3,121.3,734793,9_18,32.4,115.2,"Nanxiang, Putuo, China"
745,4.4,18.5,733901,13_2,6.8,12.8,"Sakai I, Bangui, Central African Republic"
746,33.6,130.4,733433,8_20,38.8,128.0,"Tsumashoji, Fukuoka, Japan"
747,31.0,121.2,732666,9_18,32.4,115.2,"Songjiang, Shanghai, China"
748,12.9,77.6,732606,12_12,13.2,76.8,"Bilekahalli, Bengaluru, Karnataka, India"
749,-6.9,106.9,732532,15_16,-6.0,102.4,"Sukasari, Sukabumi, West Java, Indonesia"
750,25.6,32.5,732455,10_5,26.0,32.0,"Armant, Egypt"
751,22.6,113.1,731542,10_17,26.0,108.8,"Jiangmen, China"
752,37.4,126.9,730798,8_19,38.8,121.6,"Bakdal-dong, Anyang-si, Gyeonggi-do, South Korea"
753,35.4,139.5,730710,8_21,38.8,134.4,"Izumicho, Fujisawa, Kanagawa, Japan"
754,-15.8,-48.1,730237,16_48,-12.4,307.2,"Ceilândia, Brazil"
755,31.3,120.5,730192,9_18,32.4,115.2,"Mudu, Suzhou, China"
756,31.8,119.9,729526,9_18,32.4,115.2,"Wuxing, Changzhou, Jiangsu, China"
757,23.9,90.7,729268,10_14,26.0,89.6,"Panchdona, Narsingdi, Dhaka Division, Bangladesh"
758,-1.6,103.6,729100,14_16,0.4,102.4,"Jambi City, Indonesia"
759,13.1,80.1,728796,12_12,13.2,76.8,"Dhanalakshmi Nagar, Ambattur, Tamil Nadu, India"
760,-12.1,-77.1,728765,15_44,-6.0,281.6,"Callao, Peru"
761,-7.0,110.5,727444,15_17,-6.0,108.8,"Mranggen, Semarang, Indonesia"
762,28.5,77.1,726329,9_12,32.4,76.8,"Kāpas Herd, Gurugram, India"
763,45.5,-73.6,726211,6_44,51.6,281.6,"Montréal, Canada"
764,35.8,139.9,725857,8_21,38.8,134.4,"Matsudo, Japan"
765,-33.5,-70.8,725462,19_45,-31.6,288.0,"Maipú, Chile"
766,-6.2,39.2,725113,15_6,-6.0,38.4,"Kiembe Samaki, Zanzibar, Zanzibar Urban/West, Tanzania"
767,-31.4,-64.2,724931,18_46,-25.2,294.4,"Providencia, Córdoba, Cordoba, Argentina"
768,25.4,119.0,724904,10_18,26.0,115.2,"Baosheng, Putian, Fujian, China"
769,-11.9,-77.1,723994,15_44,-6.0,281.6,"Callao, Urb. Santo Domingo, Lima region, Peru"
770,22.7,120.3,723292,10_18,26.0,115.2,"Yongqing Village, Kaohsiung, Taiwan"
771,19.6,-99.1,723268,11_40,19.6,256.0,"Ecatepec de Morelos, México, Mexico"
772,28.0,73.3,721124,9_11,32.4,70.4,"Bikaner, Rajasthan, India"
773,34.1,74.8,720984,8_11,38.8,70.4,"Srinagar, India"
774,39.1,117.1,720528,7_18,45.2,115.2,"Wangdingdi, Tianjin, China"
775,-26.3,27.9,720489,18_4,-25.2,25.6,"Johannesburg Ward 17, Soweto, Gauteng, South Africa"
776,40.7,-73.8,720055,7_44,45.2,281.6,"Queens County, Queens, New York, United States (E)"
777,32.1,36.1,718998,9_5,32.4,32.0,"Zarqa, Jordan"
778,35.1,129.0,717777,8_20,38.8,128.0,"Goejeong 2(i)-dong, Busan, South Korea"
779,3.6,32.1,717375,13_5,6.8,32.0,"Nimule, South Sudan"
780,20.3,85.8,716396,10_13,26.0,83.2,"Bhubaneswar, Odisha, India"
781,9.6,44.1,715207,12_6,13.2,38.4,"Cabdi Bidaar, Hargeysa, Woqooyi Galbeed, Somalia"
782,23.0,114.0,714304,10_17,26.0,108.8,"Changping, Guangdong, China"
783,21.2,81.4,712837,10_12,26.0,76.8,"Bhilai, India"
784,5.5,7.5,712568,13_1,6.8,6.4,"Umuahia, Nigeria"
785,5.1,7.4,712468,13_1,6.8,6.4,"Aba North, Aba, Abia State, Nigeria"
786,40.1,124.4,710616,7_19,45.2,121.6,"Cheongsong-dong, Dandong, Liaoning, China"
787,10.5,-66.8,710534,12_45,13.2,288.0,"Petare, Caracas, Venezuela"
788,55.8,37.8,709964,5_5,58.0,32.0,"Gol’yanovo, Moscow, Russia"
789,7.9,-72.5,709226,12_44,13.2,281.6,"Cúcuta, Colombia"
790,31.8,120.0,709137,9_18,32.4,115.2,"Changzhou, Jiangsu, China"
791,40.0,116.5,707309,7_18,45.2,115.2,"Wangjing, China"
792,-10.9,-37.1,706008,15_50,-6.0,320.0,"Olaria, Aracaju, Sergipe, Brazil"
793,10.0,76.3,704950,12_11,13.2,70.4,"Kanayannur, India"
794,40.4,-3.6,704414,7_55,45.2,352.0,"Moratalaz, Spain"
795,11.1,75.9,703803,12_11,13.2,70.4,"Panikkad, Tirūrangādi, Kerala, India"
796,38.6,68.8,703218,8_10,38.8,64.0,"Dushanbe, Tajikistan"
797,23.1,113.8,700897,10_17,26.0,108.8,"Shijie, Dongguan, China"
798,35.4,116.6,700172,8_18,38.8,115.2,"Jining, China"
799,-8.6,116.1,699597,15_18,-6.0,115.2,"Mataram, Indonesia"
800,-15.4,28.2,699339,16_4,-12.4,25.6,"Namalombwe, Lusaka, Zambia"
801,0.4,32.5,699120,14_5,0.4,32.0,"Gombe A, Nansana, Central Region, Uganda"
802,24.6,46.6,698655,10_7,26.0,44.8,"Al `Urayja' al Gharbiyah, ‘Irqah, Riyadh Region, Saudi Arabia"
803,37.9,58.4,698043,8_9,38.8,57.6,"Kopetdag District, Ashgabat, Turkmenistan"
804,21.3,81.6,697979,10_12,26.0,76.8,"Birgaon, Raipur, Chhattisgarh, India"
805,29.4,71.7,697861,9_11,32.4,70.4,"Bahawalpur, Pakistan"
806,20.5,85.9,697623,10_13,26.0,83.2,"Cuttack, Odisha, India"
807,35.1,117.2,697241,8_18,38.8,115.2,"Chengtangcun, Shandong, China"
808,24.2,120.7,697085,10_18,26.0,115.2,"Toujia Village, Taichung, Taiwan"
809,9.1,38.7,696219,12_6,13.2,38.4,"Burayu, Addis Ababa, Ethiopia"
810,48.2,16.3,695602,6_2,51.6,12.8,"Katastralgemeinde Breitensee, Vienna, State of Vienna, Austria"
811,6.1,6.9,693304,13_1,6.8,6.4,"Ojoto, Nnewi, Nigeria"
812,-1.3,36.7,692248,14_5,0.4,32.0,"Mutuini, Kikuyu, Kiambu County, Kenya"
813,22.4,114.0,691952,10_17,26.0,108.8,"Tuen Mun, Hong Kong"
814,38.4,27.2,691854,8_4,38.8,25.6,"Aydoğdu Mahallesi, İzmir, Turkey"
815,30.9,113.9,690916,9_17,32.4,108.8,"Xiaogan, China"
816,36.1,111.5,690583,8_17,38.8,108.8,"Linfen, Shanxi, China"
817,12.9,80.2,690526,12_12,13.2,76.8,"Meddappakkam, Pallāvaram, India"
818,-25.5,-49.3,690240,18_48,-25.2,307.2,"Capão Raso, Curitiba, Paraná, Brazil"
819,36.3,127.4,689783,8_19,38.8,121.6,"Sajeong-dong, Daejeon, South Korea"
820,6.6,-1.6,689524,13_56,6.8,358.4,"Sefwi, Kumasi, Ghana"
821,10.0,105.8,689488,12_16,13.2,102.4,"Phường Hưng Phú, Cần Thơ, Can Tho City, Vietnam"
822,20.6,-103.4,688008,10_40,26.0,256.0,"Santa Anita, Hacienda Santa Fe, Mexico"
823,26.4,80.4,687482,9_12,32.4,76.8,"Jajmau, Kanpur, Uttar Pradesh, India"
824,11.8,13.2,685384,12_2,13.2,12.8,"Mairi Central, Maiduguri, Borno State, Nigeria"
825,7.0,79.9,685211,12_12,13.2,76.8,"Kolonnawa, Colombo, Sri Lanka"
826,-8.7,25.0,685178,15_3,-6.0,19.2,"Kamina, Democratic Republic of the Congo"
827,33.3,44.5,683675,8_6,38.8,38.4,"New Baghdad, Baghdad, Iraq"
828,4.8,7.1,681479,13_1,6.8,6.4,"Okrika, Port Harcourt, Nigeria"
829,26.6,31.7,681229,9_4,32.4,25.6,"Akhmim, Sohag, Egypt"
830,25.3,51.5,679987,10_8,26.0,51.2,"Fereej Bin Omran, Doha, Baladiyat ad Dawhah, Qatar"
831,39.2,121.7,679404,7_19,45.2,121.6,"Jinzhou, Liaoning, China"
832,13.7,-89.2,679277,11_42,19.6,268.8,"San Salvador, El Salvador"
833,34.0,-118.3,679204,8_37,38.8,236.8,"Koreatown, United States"
834,5.0,-1.8,679142,13_55,6.8,352.0,"Effia Kwesimintsim Municipal District, Sekondi-Takoradi, Ghana"
835,4.9,-1.8,679142,13_55,6.8,352.0,"Apowa, Sekondi-Takoradi, Ghana"
836,-12.4,16.9,678618,16_2,-12.4,12.8,"Cuíto, Angola"
837,-22.8,-43.0,678268,17_49,-18.8,313.6,"São Gonçalo, Brazil"
838,24.5,39.6,678099,10_6,26.0,38.4,"Al Uyun, Madinah, Medina Region, Saudi Arabia"
839,32.7,51.7,677493,8_8,38.8,51.2,"District 14, Isfahan, Iran"
840,-34.8,-58.4,677361,19_47,-31.6,300.8,"Lomas de Zamora, Argentina"
841,28.4,70.3,677312,9_10,32.4,64.0,"Rahim Yar Khan, Pakistan"
842,35.7,51.1,676838,8_7,38.8,44.8,"Farzan Town, Shahrīār, Tehran, Iran"
843,-23.6,-46.4,676312,17_49,-18.8,313.6,"Cidade Tiradentes, Brazil"
844,35.7,140.0,676135,8_21,38.8,134.4,"Honchō, Japan"
845,38.0,23.8,675947,8_3,38.8,19.2,"Cholargos, Athens, Attica, Greece"
846,39.2,117.1,675165,7_18,45.2,115.2,"Beicang, Yangliuqing, China"
847,23.0,120.2,674319,10_18,26.0,115.2,"Tainan, Taiwan"
848,31.9,117.2,674244,9_18,32.4,115.2,"Dayang Town, Hefei, Anhui, China"
849,30.3,78.0,674141,9_12,32.4,76.8,"Mājra, Dehradun, Uttarakhand, India"
850,26.4,112.8,673470,9_17,32.4,108.8,"Leiyang, Hunan, China"
851,9.9,-84.1,673152,12_43,13.2,275.2,"Alajuelita, San José, Costa Rica"
852,32.7,74.9,671414,8_11,38.8,70.4,"Jammu, Jammu and Kashmir, India"
853,-14.0,33.8,670778,16_5,-12.4,32.0,"Lilongwe, Central Region, Malawi"
854,7.4,4.0,669825,12_0,13.2,0.0,"Egbeda, Ibadan, Nigeria"
855,33.0,114.0,669667,8_17,38.8,108.8,"Zhumadian, Henan, China"
856,40.1,116.4,669082,7_18,45.2,115.2,"Beiqijia, Beijing, China"
857,6.4,2.3,668020,13_0,6.8,0.0,"Godomè, Benin"
858,34.6,135.6,667427,8_21,38.8,134.4,"Higashiosaka, Japan"
859,35.4,44.4,667115,8_6,38.8,38.4,"Kirkuk, Iraq"
860,22.7,114.2,666710,10_17,26.0,108.8,"Longcheng Sub-district, Longgang, Guangdong, China"
861,36.9,30.7,665701,8_4,38.8,25.6,"Antalya, Turkey"
862,23.0,113.3,664642,10_17,26.0,108.8,"Shibi, Shiqiao, China"
863,30.5,105.6,664573,9_16,32.4,102.4,"Suining, China"
864,23.0,113.1,664249,10_17,26.0,108.8,"Damaicun, Foshan, Guangdong, China"
865,31.1,29.8,663400,9_4,32.4,25.6,"Al Hanuvil, Alexandria, Egypt"
866,21.1,-101.7,662887,10_40,26.0,256.0,"León de los Aldama, Mexico"
867,12.9,45.0,662298,12_7,13.2,44.8,"Ash Shaykh ‘Uthmān, Yemen"
868,26.9,112.6,662235,9_17,32.4,108.8,"Hengyang, China"
869,34.8,114.3,661696,8_17,38.8,108.8,"Chengxi, Kaifeng, Henan, China"
870,30.2,31.2,661288,9_4,32.4,25.6,"Qalyub, Shubrā al Khaymah, Egypt"
871,-18.9,47.6,661255,17_7,-18.8,44.8,"Andranovao, Antananarivo, Analamanga, Madagascar"
872,31.3,75.6,661129,9_11,32.4,70.4,"Jalandhar, India"
873,47.5,19.1,660783,6_2,51.6,12.8,"Pest, Hungary"
874,52.5,13.4,660550,5_2,58.0,12.8,"Kreuzberg, Berlin, State of Berlin, Germany"
875,14.8,-17.3,660294,11_53,19.6,339.2,"Niakoul Rab, Pikine, Senegal"
876,31.6,65.7,660135,9_10,32.4,64.0,"15th District, Kandahār, Kandahar, Afghanistan"
877,23.3,116.2,659931,10_18,26.0,115.2,"Puning, Guangdong, China"
878,15.7,32.4,659872,11_5,19.6,32.0,"Omdurman, Khartoum, Sudan (N)"
879,34.7,112.4,658852,8_17,38.8,108.8,"Luoyang, Henan, China"
880,4.5,-74.1,658166,13_44,6.8,281.6,"Chipaque, Colombia"
881,35.1,136.9,656908,8_21,38.8,134.4,"Tōkai, Nagoya, Japan"
882,20.7,77.0,656811,10_12,26.0,76.8,"Akola, India"
883,40.0,32.8,656747,7_5,45.2,32.0,"Batikent, Ankara, Turkey"
884,25.5,81.9,656675,10_12,26.0,76.8,"Jhūsi, Prayagraj, India"
885,23.0,113.9,655880,10_17,26.0,108.8,"Liaobu, China"
886,13.7,100.3,655563,11_15,19.6,96.0,"Nong Khaem, Thailand"
887,21.2,81.3,655302,10_12,26.0,76.8,"Durg, India"
888,-6.5,106.9,654727,15_16,-6.0,102.4,"Cibinong, Indonesia"
889,40.8,111.6,654665,7_17,45.2,108.8,"Gangtielu, Hohhot, Inner Mongolia, China"
890,36.4,59.3,653850,8_9,38.8,57.6,"Khader, Ţorqabeh, Razavi Khorasan, Iran"
891,14.5,-90.6,653581,11_42,19.6,268.8,"Villa Nueva, Guatemala"
892,6.6,3.2,653359,13_0,6.8,0.0,"Ikotun, Alimosho, Nigeria"
893,43.7,-79.4,653181,7_43,45.2,275.2,"Toronto, Canada"
894,31.2,120.6,653157,9_18,32.4,115.2,"Yuexi, Suzhou, China"
895,43.2,76.9,652312,7_12,45.2,76.8,"Bostandıq District, Almaty, Kazakhstan"
896,38.9,121.5,652149,7_18,45.2,115.2,"Lingshui, Dalian, Liaoning, China"
897,19.0,-98.2,651918,11_40,19.6,256.0,"Fraccionamiento la aldea, Puebla, Mexico"
898,-16.4,-71.5,651703,16_45,-12.4,288.0,"Mariano Melgar, Arequipa, Peru"
899,-0.9,100.4,651684,14_15,0.4,96.0,"Kalumbuk, Padang, West Sumatra, Indonesia"
900,1.1,104.0,650556,13_16,6.8,102.4,"Batam, Indonesia"
901,40.0,32.6,650534,7_5,45.2,32.0,"Sarayköy, Batikent, Turkey"
902,-3.4,36.7,650418,14_5,0.4,32.0,"Arusha, Tanzania"
903,23.0,113.8,650415,10_17,26.0,108.8,"Dongcheng Subdistrict, Dongguan, Guangdong, China"
904,32.6,110.8,650219,8_17,38.8,108.8,"Shiyan, Hubei, China"
905,35.6,139.4,649949,8_21,38.8,134.4,"Aihara, Kanagawa, Japan"
906,34.8,135.4,649829,8_21,38.8,134.4,"Toyonaka, Osaka, Japan (W)"
907,-19.8,-44.0,648740,17_49,-18.8,313.6,"Maria Helena, Ribeirão das Neves, Minas Gerais, Brazil"
908,25.4,86.1,647658,10_13,26.0,83.2,"Ulao, Begusarai, Bihar, India"
909,37.1,37.4,646621,8_5,38.8,32.0,"Karacaahmet Mahallesi, Gaziantep, Turkey"
910,23.0,88.4,646260,10_13,26.0,83.2,"Kānchrāpāra, India"
911,25.7,-100.3,644818,10_40,26.0,256.0,"Monterrey, Nuevo León, Mexico"
912,30.5,31.2,644690,9_4,32.4,25.6,"Warwarah, Banhā, Qalyubia, Egypt"
913,16.7,74.2,643717,11_11,19.6,70.4,"Ambewadi, Kolhāpur, Maharashtra, India"
914,-34.0,18.7,643153,19_2,-31.6,12.8,"Kuils River, South Africa"
915,36.3,59.4,642877,8_9,38.8,57.6,"Hesar, Ţorqabeh, Razavi Khorasan, Iran"
916,-6.9,109.1,642750,15_17,-6.0,108.8,"Sidapurna, Tegal, Central Java, Indonesia"
917,27.2,78.4,642514,9_12,32.4,76.8,"Firozabad, Fīrozābād, Uttar Pradesh, India"
918,-0.5,117.1,642190,14_18,0.4,115.2,"Sungai Kunjang, Samarinda, East Kalimantan, Indonesia"
919,1.5,103.8,641650,13_16,6.8,102.4,"Kampung Bakar Batu, Johor Bahru, Johor, Malaysia"
920,22.5,113.9,641520,10_17,26.0,108.8,"Qianhai Cooperation Zone, Nantou, Guangdong, China"
921,30.2,71.4,641163,9_11,32.4,70.4,"Qasim Bela, Multan, Punjab, Pakistan"
922,24.4,88.6,641009,10_13,26.0,83.2,"Paba Upazila, Rajshahi, Rajshahi Division, Bangladesh"
923,35.7,-5.8,640928,8_55,38.8,352.0,"Chriaa, Tangier, Tanger-Tetouan-Al Hoceima, Morocco"
924,27.8,114.9,640896,9_17,32.4,108.8,"Xinyu, Jiangxi, China"
925,43.3,5.4,639914,7_0,45.2,0.0,"Marseille, France"
926,-3.0,-60.0,639587,14_46,0.4,294.4,"Santa Etelvina, Manaus, Amazonas, Brazil"
927,60.0,30.4,639517,4_4,64.4,25.6,"Kalininskiy, Saint Petersburg, Russia"
928,59.9,30.3,638970,4_4,64.4,25.6,"Blizhnyaya Rogatka, Saint Petersburg, St.-Petersburg, Russia"
929,11.1,7.7,637799,12_1,13.2,6.4,"Zaria, Nigeria"
930,31.8,117.2,636868,9_18,32.4,115.2,"Shangpai, Hefei, China"
931,25.1,121.6,636698,10_19,26.0,121.6,"Neihu, Taipei, Taiwan"
932,59.9,30.4,636511,4_4,64.4,25.6,"Smolenskoe, Saint Petersburg, St.-Petersburg, Russia"
933,40.4,49.8,635975,7_7,45.2,44.8,"Bilajari, Baku, Azerbaijan"
934,5.1,7.3,635197,13_1,6.8,6.4,"Umuode, Aba, Abia State, Nigeria"
935,48.9,2.5,634763,6_0,51.6,0.0,"Montreuil, France"
936,23.0,113.7,634681,10_17,26.0,108.8,"Nancheng Subdistrict, Dongguan, Guangdong, China"
937,29.6,106.4,634609,9_16,32.4,102.4,"Geleshan, Tongjiaxi, China"
938,-3.7,-38.7,634414,14_50,0.4,320.0,"Caucaia, Brazil"
939,30.0,77.5,634202,9_12,32.4,76.8,"Saharanpur, Sahāranpur, Uttar Pradesh, India"
940,-0.1,-78.5,634148,14_43,0.4,275.2,"El Condado, Pomasqui, Pichincha, Ecuador"
941,12.3,-1.6,634086,12_56,13.2,358.4,"Saonré, Ouagadougou, Burkina Faso"
942,-34.8,-58.3,633948,19_47,-31.6,300.8,"Adrogué, Quilmes, Argentina"
943,38.1,46.3,633701,8_7,38.8,44.8,"Tabriz, Iran"
944,31.3,32.3,633628,9_5,32.4,32.0,"Port Fuad, Port Said, Egypt"
945,25.2,85.5,633516,10_13,26.0,83.2,"Bihār Sharīf, Bihar, India"
946,27.0,75.8,633389,9_11,32.4,70.4,"Ākera, Jaipur, India"
947,28.8,77.1,633302,9_12,32.4,76.8,"Rohini, India"
948,31.9,106.8,633211,9_16,32.4,102.4,"Bazhong, Sichuan, China"
949,22.5,113.4,630542,10_17,26.0,108.8,"Zhongshan, Guangdong, China"
950,30.6,104.0,630518,9_16,32.4,102.4,"Dongsheng, Chengdu, China"
951,31.4,74.4,629873,9_11,32.4,70.4,"Ghankar, Kahna Nau, Punjab, Pakistan"
952,39.6,118.1,629742,7_18,45.2,115.2,"Lunan, Tangshan, China"
953,-6.3,106.6,629434,15_16,-6.0,102.4,"Ciakar Hilir, Curug, Banten, Indonesia"
954,34.8,114.4,628959,8_17,38.8,108.8,"Lichangzhuangcun, Kaifeng, Henan, China"
955,10.1,76.3,628665,12_11,13.2,70.4,"Kalamassery, India"
956,-26.8,-65.2,628267,18_46,-25.2,294.4,"San Miguel de Tucumán, Argentina"
957,37.4,127.1,628201,8_19,38.8,121.6,"Sampyeong-dong, Seongnam-si, Gyeonggi-do, South Korea"
958,-5.1,-42.8,628189,14_49,0.4,313.6,"Monte Castelo, Teresina, Piauí, Brazil"
959,29.3,30.8,627840,9_4,32.4,25.6,"Minshaat Futayh, Al Fayyum, Faiyum, Egypt"
960,-29.7,31.0,627673,18_4,-25.2,25.6,"eThekwini Ward 52, Ntuzuma, KwaZulu-Natal, South Africa"
961,45.7,126.7,627666,6_19,51.6,121.6,"Harbin, Heilongjiang, China (S)"
962,12.1,-86.2,627126,12_42,13.2,268.8,"Managua, Managua Department, Nicaragua"
963,31.4,121.0,626918,9_18,32.4,115.2,"Kunshan, Jiangsu, China"
964,22.9,91.1,626443,10_14,26.0,89.6,"Begumganj Upazila, Maijdi, Chittagong, Bangladesh"
965,21.9,-102.3,626162,10_40,26.0,256.0,"Aguascalientes, Mexico"
966,25.5,103.8,625480,10_16,26.0,102.4,"Qujing, China"
967,-1.9,30.1,625074,14_4,0.4,25.6,"Gisozi, Kigali, Rwanda"
968,12.1,24.9,624833,12_3,13.2,19.2,"Jacob Night, Nyala, Southern Darfur, Sudan"
969,15.5,32.6,624385,11_5,19.6,32.0,"Al Giref Gharb, Khartoum, Sudan"
970,35.2,129.0,623944,8_20,38.8,128.0,"Dongnae, Busan, South Korea"
971,41.9,123.9,622895,7_19,45.2,121.6,"Fushun, Liaoning, China"
972,33.5,36.2,622522,8_5,38.8,32.0,"Dārayyā, Damascus, Syria"
973,35.2,126.9,622352,8_19,38.8,121.6,"Maegok-dong, Gwangju, South Korea"
974,25.8,32.7,622252,10_5,26.0,32.0,"Az Zaynīyah Qiblī, Egypt"
975,10.7,-71.6,621963,12_45,13.2,288.0,"Parroquia Coquivacoa, Maracaibo, Venezuela"
976,-26.2,27.8,620213,18_4,-25.2,25.6,"Johannesburg Ward 53, Roodepoort, Soweto, Gauteng, South Africa"
977,19.3,84.8,619427,11_13,19.6,83.2,"Brahmapur, India"
978,9.0,-79.5,619381,12_43,13.2,275.2,"Panama City, Panama"
979,-20.3,-40.3,619273,17_49,-18.8,313.6,"Vila Velha, Brazil"
980,10.3,11.2,619186,12_1,13.2,6.4,"Gombe, Nigeria"
981,24.6,46.8,618612,10_7,26.0,44.8,"Al Manakh District, Riyadh, Riyadh Region, Saudi Arabia"
982,16.1,108.1,617220,11_16,19.6,102.4,"Liên Chiểu, Thanh Khê, Vietnam"
983,16.1,108.2,617220,11_16,19.6,102.4,"Da Nang, Vietnam"
984,14.6,-90.6,615481,11_42,19.6,268.8,"Zona 8, Mixco, Guatemala"
985,24.6,73.7,615221,10_11,26.0,70.4,"Udaipur, Rajasthan, India"
986,28.6,115.9,614704,9_18,32.4,115.2,"Dongxin, Nanchang, China"
987,18.5,-72.3,614416,11_44,19.6,281.6,"2e aux Cadets, Port-au-Prince, Ouest, Haiti"
988,27.7,113.5,613692,9_17,32.4,108.8,"Xishan, China"
989,25.9,114.9,613451,10_17,26.0,108.8,"Ganzhou Economic and Technological Development Zone, Ganzhou, Jiangxi, China"
990,11.6,43.0,612528,12_6,13.2,38.4,"Chabelley, Djibouti"
991,11.6,43.1,612528,12_6,13.2,38.4,"Djibouti, Djibouti"
992,6.4,5.6,612015,13_0,6.8,0.0,"Ugbowo, Benin City, Edo State, Nigeria"
993,31.0,121.4,611384,9_18,32.4,115.2,"Jiangchuanlu, Nanqiao, China"
994,31.4,48.8,610686,9_7,32.4,44.8,"Sheybān, Iran"
995,26.6,104.8,610610,9_16,32.4,102.4,"Liupanshui, Guizhou, China"
996,19.9,75.4,610449,10_11,26.0,70.4,"Gopalpur, Aurangabad, Maharashtra, India"
997,-0.3,-78.5,609924,14_43,0.4,275.2,"Sangolquí, Quito, Ecuador"
998,38.4,27.1,609748,8_4,38.8,25.6,"Basın Sitesi Mahallesi, İzmir, Turkey"
999,3.1,101.8,608148,13_15,6.8,96.0,"Kampong Baharu Cheras Batu Sebelas, Malaysia"
1000,3.0,101.6,608090,13_15,6.8,96.0,"Subang Jaya, Malaysia"
1001,-33.4,-70.6,607390,19_45,-31.6,288.0,"Vitacura, Santiago, Santiago Metropolitan, Chile"
1002,30.7,73.1,607001,9_11,32.4,70.4,"Farid Town, Sahiwal, Punjab, Pakistan"
1003,37.4,-6.0,606217,8_55,38.8,352.0,"San Lorenzo, Sevilla, Andalusia, Spain"
1004,48.9,2.2,605987,6_0,51.6,0.0,"Nanterre, France"
1005,26.5,88.7,605898,9_13,32.4,83.2,"Jalpāiguri, India"
1006,-12.0,-76.9,605577,15_44,-6.0,281.6,"Santa María, Santa Anita - Los Ficus, Peru"
1007,34.7,-1.9,605523,8_55,38.8,352.0,"Oujda, Morocco"
1008,17.8,83.3,604635,11_13,19.6,83.2,"Rasapūdipalem, India"
1009,-2.1,-80.0,604429,14_43,0.4,275.2,"Santa Lucía, Ecuador"
1010,34.2,72.0,604210,8_11,38.8,70.4,"Zakirabad, Mardan, Khyber Pakhtunkhwa, Pakistan"
1011,4.7,-74.2,603553,13_44,6.8,281.6,"Madrid, Kennedy, Colombia"
1012,22.8,113.9,602779,10_17,26.0,108.8,"Songgang, Tantou, China"
1013,23.7,86.8,602539,10_13,26.0,83.2,"Dumarkunda, Kulti, West Bengal, India"
1014,21.0,75.6,602241,10_11,26.0,70.4,"Jalgaon, Maharashtra, India"
1015,12.9,80.1,602159,12_12,13.2,76.8,"Tambaram, India"
1016,29.4,106.5,602022,9_16,32.4,102.4,"Banan, China"
1017,35.8,-5.7,601584,8_55,38.8,352.0,"Feddane Saïd فدان سعيد, Tangier, Tanger-Tetouan-Al Hoceima, Morocco"
1018,35.8,-5.8,601584,8_55,38.8,352.0,"Tangier, Morocco"
1019,-33.9,151.2,601486,19_23,-31.6,147.2,"Randwick, Australia"
1020,11.1,77.3,601241,12_12,13.2,76.8,"Andipalayam, Tiruppur, Tamil Nadu, India"
1021,27.8,120.7,601162,9_18,32.4,115.2,"Tingtian, Rui’an, Zhejiang, China"
1022,-8.6,115.2,601143,15_18,-6.0,115.2,"Sading, Denpasar, Bali, Indonesia"
1023,-6.1,106.6,600680,15_16,-6.0,102.4,"Bunisari, Teluknaga, Tangerang, West Java, Indonesia"
1024,41.3,19.8,599593,7_3,45.2,19.2,"Tirana, Albania"
1025,-15.1,39.3,599354,16_6,-12.4,38.4,"Nampula, Mozambique"
1026,14.9,-15.9,599331,11_53,19.6,339.2,"Touba Mosquée 2, Touba, Diourbel Region, Senegal"
1027,7.5,6.2,599323,12_0,13.2,0.0,"Okene, Kogi State, Nigeria"
1028,31.1,104.4,599296,9_16,32.4,102.4,"Deyang, Sichuan, China"
1029,-6.3,107.3,599102,15_16,-6.0,102.4,"Karawang Barat, Karawang, West Java, Indonesia"
1030,25.8,113.0,598652,10_17,26.0,108.8,"Chenzhou, Hunan, China"
1031,53.9,27.5,598454,5_4,58.0,25.6,"Tučynka, Minsk, Minsk City, Belarus"
1032,24.2,90.4,597846,10_14,26.0,89.6,"Mawna, Gazipur, Dhaka Division, Bangladesh"
1033,29.4,77.0,597769,9_12,32.4,76.8,"Panipat, Haryana, India"
1034,14.0,44.2,597425,11_6,19.6,38.4,"Al Haffah al `Ulya, Ibb, Ibb Governorate, Yemen"
1035,32.5,-116.9,597237,8_37,38.8,236.8,"Terrazas del Valle, Tijuana, Mexico"
1036,51.4,-0.1,597073,6_56,51.6,358.4,"Croydon, United Kingdom"
1037,41.8,123.5,596680,7_19,45.2,121.6,"Dongta Subdistrict, Shenyang, Liaoning, China"
1038,44.6,129.6,595707,7_20,45.2,128.0,"Mudanjiang, China"
1039,19.3,-99.6,595299,11_40,19.6,256.0,"Santa Maria Totoltepec, Toluca, México, Mexico"
1040,-7.3,27.4,594574,15_4,-6.0,25.6,"Manono, Democratic Republic of the Congo"
1041,17.4,78.6,594495,11_12,19.6,76.8,"Medpally, Lal Bahadur Nagar, Telangana, India"
1042,34.1,-118.3,593595,8_37,38.8,236.8,"East Hollywood, Los Angeles, California, United States"
1043,26.5,83.8,593540,9_13,32.4,83.2,"Deoria, Uttar Pradesh, India"
1044,39.0,121.6,593308,7_19,45.2,121.6,"Dalianwan, Dalian, China"
1045,14.8,43.0,593084,11_6,19.6,38.4,"Al Ḩudaydah, Yemen"
1046,25.2,51.4,592691,10_8,26.0,51.2,"Mu‘aydhir Rawḑat Rāshid, Ar Rayyān, Qatar"
1047,-2.0,30.1,592332,14_4,0.4,25.6,"Nyanza, Kigali, Rwanda"
1048,37.2,38.8,592199,8_6,38.8,38.4,"Ali Baba Mahallesi, Şanlıurfa, Turkey"
1049,23.5,116.8,591231,10_18,26.0,115.2,"Chenghua, China"
1050,13.6,100.5,590456,11_15,19.6,96.0,"Phra Pradaeng, Thailand"
1051,34.7,113.7,590018,8_17,38.8,108.8,"Zhengzhou, Henan, China"
1052,29.9,121.6,589832,9_19,32.4,121.6,"Fuming, Ningbo, Zhejiang, China"
1053,19.5,-99.0,589788,11_40,19.6,256.0,"Francisco I. Madero, Santa María Chimalhuacán, Mexico"
1054,-34.4,-58.5,589122,19_47,-31.6,300.8,"San Isidro, Argentina"
1055,34.4,62.2,588039,8_9,38.8,57.6,"Injil, Herāt, Herat, Afghanistan"
1056,-20.0,-44.0,587992,17_49,-18.8,313.6,"Ibirité, Belo Horizonte, Brazil"
1057,35.5,139.4,587944,8_21,38.8,134.4,"Minami Ward, Machida, Tokyo, Japan"
1058,23.1,113.6,587660,10_17,26.0,108.8,"Xintang, China"
1059,13.5,7.1,587440,11_1,19.6,6.4,"Maradi, Niger"
1060,20.6,-100.4,587432,10_40,26.0,256.0,"Santiago de Querétaro, Mexico"
1061,35.8,139.5,587374,8_21,38.8,134.4,"Matsugo, Tokorozawa, Saitama, Japan"
1062,35.8,50.9,586654,8_7,38.8,44.8,"Phase 2 Mehrshahr, Kamālshahr, Karaj, Alborz Province, Iran"
1063,28.8,79.0,586044,9_12,32.4,76.8,"Rāmpur, Uttar Pradesh, India"
1064,30.3,109.5,585774,9_17,32.4,108.8,"Enshi, China"
1065,31.8,116.5,585708,9_18,32.4,115.2,"Lu’an, Anhui, China"
1066,-25.8,32.6,584833,18_5,-25.2,32.0,"Marracuene, Mozambique"
1067,20.9,74.8,584641,10_11,26.0,70.4,"Dhule, India"
1068,13.9,100.7,584544,11_15,19.6,96.0,"Sam Wa Tawan Tok Subdistrict, Sai Mai, Bangkok, Thailand"
1069,15.5,75.0,583591,11_11,19.6,70.4,"Narendra, Hubballi, Karnataka, India"
1070,19.1,-98.2,583534,11_40,19.6,256.0,"San Sebastián de Aparicio, Puebla, Mexico"
1071,0.4,9.5,583473,14_1,0.4,6.4,"Libreville, Gabon"
1072,27.8,120.6,582399,9_18,32.4,115.2,"Jinhu, Rui’an, Zhejiang, China"
1073,3.0,101.7,582089,13_15,6.8,96.0,"Bukit Jalil, Malaysia"
1074,-5.1,119.5,581780,14_18,0.4,115.2,"Lantebung, Makassar, Indonesia"
1075,36.4,119.2,581638,8_18,38.8,115.2,"Anqiu, Shandong, China"
1076,41.9,-87.7,580646,7_42,45.2,268.8,"West Town, Chicago, Illinois, United States"
1077,37.7,126.8,580500,8_19,38.8,121.6,"Seongseok-dong, Goyang-si, Gyeonggi-do, South Korea"
1078,3.9,11.6,580463,13_1,6.8,6.4,"Okoa, Yaoundé, Cameroon"
1079,36.7,117.1,580377,8_18,38.8,115.2,"Jinan, Shandong, China"
1080,40.9,14.3,580008,7_2,45.2,12.8,"Casoria, Italy"
1081,37.0,37.4,579926,8_5,38.8,32.0,"Akbulut Mahallesi, Gaziantep, Turkey"
1082,22.4,88.4,579696,10_13,26.0,83.2,"Srirampur, Rajpur Sonarpur, West Bengal, India"
1083,22.9,108.3,579535,10_16,26.0,102.4,"Xixiangtang, Nanning, China"
1084,22.8,114.1,579522,10_17,26.0,108.8,"Tangxia, China"
1085,19.4,-99.3,579416,11_40,19.6,256.0,"Delegación Cuajimalpa de Morelos, Mexico"
1086,26.6,85.5,579257,9_13,32.4,83.2,"Sītāmarhi, Bihar, India"
1087,41.3,123.8,578449,7_19,45.2,121.6,"Benxi, Liaoning, China"
1088,36.7,3.2,578288,8_0,38.8,0.0,"Bab Ezzouar, Algiers, Algeria"
1089,19.2,77.3,578068,11_12,19.6,76.8,"Nanded, Maharashtra, India"
1090,43.1,141.3,578027,7_22,45.2,140.8,"Nishi Ward, Sapporo, Hokkaido, Japan"
1091,30.2,31.1,577936,9_4,32.4,25.6,"Al Qanāţir al Khayrīyah, Egypt"
1092,22.8,113.7,577457,10_17,26.0,108.8,"Humen, Guangdong, China"
1093,0.5,101.4,577254,13_15,6.8,96.0,"Payung Sekaki District, Pekanbaru, Riau, Indonesia"
1094,27.4,79.6,576938,9_12,32.4,76.8,"Farrukhābād, India"
1095,29.8,106.4,575741,9_16,32.4,102.4,"Beibei, Chongqing, China"
1096,34.8,72.4,575105,8_11,38.8,70.4,"Kabal Tehsil, Mingora, Khyber Pakhtunkhwa, Pakistan"
1097,23.0,113.4,574534,10_17,26.0,108.8,"Nancun Town, Shiqiao, Guangdong, China"
1098,35.2,137.0,574510,8_21,38.8,134.4,"Kasugai, Nagoya, Japan"
1099,4.8,-75.7,574424,13_44,6.8,281.6,"Pereira, Colombia"
1100,-2.5,32.9,574191,14_5,0.4,32.0,"Kirumba, Mwanza, Tanzania"
1101,12.1,15.0,574154,12_2,13.2,12.8,"Masaki, N'Djamena, N’Djaména, Chad"
1102,35.5,112.8,573981,8_17,38.8,108.8,"Xiajiang, Jincheng, Shanxi, China"
1103,-4.3,15.2,573701,14_2,0.4,12.8,"Madibou, Brazzaville, Republic of the Congo"
1104,37.4,118.0,573510,8_18,38.8,115.2,"Binzhou, China"
1105,17.0,81.8,572820,11_12,19.6,76.8,"Rajamahendravaram, India"
1106,23.1,113.7,572151,10_17,26.0,108.8,"Gaobu, Dongguan, China"
1107,22.4,91.9,572058,10_14,26.0,89.6,"Boalkhali Upazila, Chattogram, Chittagong, Bangladesh"
1108,33.5,-7.6,571852,8_55,38.8,352.0,"Bouskoura, Casablanca, Morocco"
1109,3.0,101.8,571656,13_15,6.8,96.0,"Kajang, Malaysia"
1110,21.7,110.9,571460,10_17,26.0,108.8,"Maoming, Guangdong, China"
1111,23.7,116.6,571348,10_18,26.0,115.2,"Chaozhou, Guangdong, China"
1112,-9.0,13.3,570969,15_2,-6.0,12.8,"Vila Flor, Angola"
1113,-22.9,-43.5,570930,17_49,-18.8,313.6,"Senador Camará, Nilópolis, Rio de Janeiro, Brazil"
1114,47.9,106.9,570731,6_16,51.6,102.4,"Gandan, Ulan Bator, Ulaanbaatar, Mongolia"
1115,50.4,30.5,570133,6_4,51.6,25.6,"Pechersk, Ukraine"
1116,43.9,87.5,569976,7_13,45.2,83.2,"Diwopu, China"
1117,25.5,81.8,569819,10_12,26.0,76.8,"Ashok Nagar, Prayagraj, Uttar Pradesh, India"
1118,-1.4,-48.4,569441,14_48,0.4,307.2,"Águas Lindas, Ananindeua, Pará, Brazil"
1119,-26.2,28.0,569053,18_4,-25.2,25.6,"Johannesburg Ward 58, Johannesburg, Gauteng, South Africa"
1120,31.4,31.8,569041,9_4,32.4,25.6,"Damietta, Egypt"
1121,21.1,79.0,568213,10_12,26.0,76.8,"Wāri, Nagpur, Maharashtra, India"
1122,40.9,14.2,567934,7_2,45.2,12.8,"Torre Caracciolo, Giugliano in Campania, Campania, Italy"
1123,29.1,31.1,567670,9_4,32.4,25.6,"Banī Suwayf, Egypt"
1124,36.8,118.0,567120,8_18,38.8,115.2,"Zibo, Shandong, China"
1125,41.8,86.1,567001,7_13,45.2,83.2,"Korla, Xinjiang, China"
1126,23.2,75.8,566522,10_11,26.0,70.4,"Ujjain, India"
1127,39.8,116.3,566115,7_18,45.2,115.2,"Daxing, Beijing, China"
1128,42.7,23.3,565977,7_3,45.2,19.2,"zh.k. Zone B-19, Sofia, Sofia-Capital, Bulgaria"
1129,6.5,2.6,565876,13_0,6.8,0.0,"Porto-Novo, Benin"
1130,27.9,79.9,565272,9_12,32.4,76.8,"Shāhjānpur, India"
1131,23.5,91.2,565264,10_14,26.0,89.6,"Amratali, Comilla, Chittagong, Bangladesh"
1132,21.5,39.3,565083,10_6,26.0,38.4,"Ar Rughamah, Jeddah, Mecca Region, Saudi Arabia"
1133,24.9,121.2,564431,10_18,26.0,115.2,"Shanziding, Bade, Taiwan"
1134,25.6,91.9,564329,10_14,26.0,89.6,"Shillong, India"
1135,41.7,44.8,564132,7_7,45.2,44.8,"Mtatsminda District, Tbilisi, Georgia"
1136,55.8,37.4,564069,5_5,58.0,32.0,"Khoroshëvo-Mnevniki, Moscow Oblast, Russia (W)"
1137,5.5,5.8,563930,13_0,6.8,0.0,"Ovwian, Warri, Delta, Nigeria"
1138,40.9,29.3,563241,7_4,45.2,25.6,"Ramazanoğlu Mahallesi, Sultanbeyli, Istanbul, Turkey"
1139,31.4,118.4,563131,9_18,32.4,115.2,"Guandou Subdistrict, Wuhu, Anhui, China"
1140,19.7,-101.2,562872,10_40,26.0,256.0,"Morelia, Mexico"
1141,17.0,96.1,562242,11_15,19.6,96.0,"Shwenatha, Myanmar"
1142,24.8,-107.4,561791,10_39,26.0,249.6,"Culiacán, Mexico"
1143,4.6,101.1,560564,13_15,6.8,96.0,"Ipoh, Malaysia"
1144,41.1,28.8,559845,7_4,45.2,25.6,"Sultangazi, Turkey"
1145,23.3,116.3,559670,10_18,26.0,115.2,"Zhanlong, China"
1146,31.9,36.0,558400,9_5,32.4,32.0,"Khuraybat as Sūq, Amman, Jordan"
1147,4.7,7.2,557951,13_1,6.8,6.4,"Wakama, Ogu, Rivers State, Nigeria"
1148,-15.8,35.0,557268,16_5,-12.4,32.0,"Blantyre, Malawi"
1149,27.6,81.6,557171,9_12,32.4,76.8,"Bahraigh, Uttar Pradesh, India"
1150,36.8,3.0,557151,8_0,38.8,0.0,"’Aïn Benian, Algiers, Algeria"
1151,44.8,20.5,557140,7_3,45.2,19.2,"Zvezdara, Belgrade, Central Serbia"
1152,33.4,120.1,556659,8_18,38.8,115.2,"Xinxing, Yancheng, Jiangsu, China"
1153,38.5,43.4,556522,8_6,38.8,38.4,"Van, Turkey"
1154,52.2,21.0,556441,5_3,58.0,19.2,"Wyględów, Warsaw, Mazovia, Poland"
1155,35.9,139.6,556138,8_21,38.8,134.4,"Kamikocho, Saitama, Japan"
1156,40.6,110.0,555457,7_17,45.2,108.8,"Hedong, Baotou, Inner Mongolia, China"
1157,42.3,69.6,555282,7_10,45.2,64.0,"Shymkent, Kazakhstan"
1158,19.7,-99.1,554876,10_40,26.0,256.0,"San Pablo de las Salinas, Mexico"
1159,6.8,79.9,554847,13_12,6.8,76.8,"Dehiwala-Mount Lavinia, Sri Lanka"
1160,41.3,36.3,554771,7_5,45.2,32.0,"Samsun, Turkey"
1161,30.1,31.1,554525,9_4,32.4,25.6,"Kirdāsah, Egypt"
1162,10.2,-68.0,554424,12_45,13.2,288.0,"Centro de Valencia, Valencia, Carabobo, Venezuela"
1163,46.8,130.4,552542,6_20,51.6,128.0,"Jiamusi, Heilongjiang, China"
1164,9.3,13.4,552494,12_2,13.2,12.8,"Ouro Moufou, Garoua, North, Cameroon"
1165,-11.0,26.7,551822,15_4,-6.0,25.6,"Kikula, Likasi, Haut-Katanga, Democratic Republic of the Congo"
1166,40.3,-3.8,551390,7_55,45.2,352.0,"Sur, Móstoles, Madrid, Spain"
1167,35.1,137.0,551341,8_21,38.8,134.4,"Nisshin, Japan"
1168,27.3,105.3,551247,9_16,32.4,102.4,"Bijie, China"
1169,23.2,89.2,551076,10_13,26.0,83.2,"Jessore, Bangladesh"
1170,13.5,39.5,550661,11_6,19.6,38.4,"Mek'ele, Ethiopia"
1171,11.9,-15.6,549012,12_53,13.2,339.2,"Bissau, Guinea-Bissau"
1172,10.7,-71.7,548909,12_45,13.2,288.0,"Santa Cruz de Mara, Maracaibo, Venezuela"
1173,7.8,6.7,548688,12_1,13.2,6.4,"Lokoja, Nigeria"
1174,24.8,46.6,547982,10_7,26.0,44.8,"Ad Dir‘īyah, Saudi Arabia"
1175,-22.9,-43.6,547851,17_49,-18.8,313.6,"Universidade Rural, Brazil"
1176,29.4,105.9,547443,9_16,32.4,102.4,"Yongchuan, Chongqing, China"
1177,26.8,75.8,547005,9_11,32.4,70.4,"Jaipur Tehsil, Jaipur, Rajasthan, India"
1178,35.0,111.0,546494,8_17,38.8,108.8,"Yuncheng, China"
1179,36.4,43.1,546209,8_6,38.8,38.4,"Bisan square, Al Mawşil al Jadīdah, Nineveh, Iraq"
1180,11.7,78.1,546021,12_12,13.2,76.8,"Karuppur, Salem, Tamil Nadu, India"
1181,19.3,73.0,545310,11_11,19.6,70.4,"Bhiwandi, India"
1182,36.0,119.4,545109,8_18,38.8,115.2,"Zhu Cheng City, China"
1183,41.1,29.1,544859,7_4,45.2,25.6,"Çubuklu, Turkey"
1184,18.0,79.6,544392,11_12,19.6,76.8,"Warangal, India"
1185,-34.5,-58.7,543718,19_47,-31.6,300.8,"Malvinas Argentinas, José C. Paz, Buenos Aires, Argentina"
1186,-17.8,-63.1,543211,16_46,-12.4,294.4,"Cotoca, Santa Cruz de la Sierra, Bolivia"
1187,-7.6,110.8,542904,15_17,-6.0,108.8,"Gedangan, Surakarta, Central Java, Indonesia"
1188,35.5,51.2,542601,8_8,38.8,51.2,"Hoseynabad, Eslamshahr, Tehran, Iran"
1189,31.1,30.1,542066,9_4,32.4,25.6,"Ezbet Michel Hamawi, Kafr ad Dawwār, Beheira, Egypt"
1190,30.3,31.3,541969,9_4,32.4,25.6,"Shibīn al Qanāţir, Egypt"
1191,-32.9,-68.8,541799,19_45,-31.6,288.0,"Barrio UNIMEV, Mendoza, Argentina"
1192,43.9,87.6,541784,7_13,45.2,83.2,"Ergong, Ürümqi, China"
1193,37.7,115.7,541719,8_18,38.8,115.2,"Hengshui, Hebei, China"
1194,25.8,-100.3,541528,10_40,26.0,256.0,"Ciudad General Escobedo, Mexico"
1195,40.2,44.5,541234,7_6,45.2,38.4,"Arabkir, Yerevan, Armenia"
1196,24.8,92.8,541022,10_14,26.0,89.6,"Silchar, India"
1197,26.1,85.9,540764,9_13,32.4,83.2,"Ratanpur, Darbhanga, Bihar, India"
1198,27.6,110.0,540691,9_17,32.4,108.8,"Huaihua, Hunan, China"
1199,-12.6,13.4,540668,16_2,-12.4,12.8,"Benguela, Angola"
1200,31.0,30.5,540584,9_4,32.4,25.6,"Ezbet Sheir, Damanhur, Beheira, Egypt"
1201,51.4,-0.2,539474,6_56,51.6,358.4,"Sutton, United Kingdom"
1202,31.9,120.2,538007,9_18,32.4,115.2,"Jiangyin, Jiangsu, China"
1203,26.2,127.7,537931,9_19,32.4,121.6,"Naha, Japan"
1204,31.4,120.5,537719,9_18,32.4,115.2,"Xushuguan, China"
1205,34.0,118.3,537610,8_18,38.8,115.2,"Suqian, Jiangsu, China"
1206,-34.0,18.5,537581,19_2,-31.6,12.8,"Athlone, Cape Town, South Africa"
1207,35.8,115.0,537206,8_17,38.8,108.8,"Puyang, Henan, China"
1208,-9.0,13.4,537084,15_2,-6.0,12.8,"Zango, Viana, Angola"
1209,39.8,110.0,536164,7_17,45.2,108.8,"Dongsheng, Inner Mongolia, China"
1210,6.5,7.5,536008,13_1,6.8,6.4,"Trans-Ekulu Extension, Enugu, Enugu State, Nigeria"
1211,23.9,87.5,534863,10_13,26.0,83.2,"Siuri, India"
1212,30.9,75.8,534050,9_11,32.4,70.4,"Haibowal Khurd, Ludhiana, Punjab, India"
1213,19.0,73.1,534039,11_11,19.6,70.4,"Panvel, Navi Mumbai, India"
1214,-7.1,112.7,534011,15_17,-6.0,108.8,"Bangkalan, Indonesia"
1215,19.6,-99.3,534003,11_40,19.6,256.0,"Ciudad López Mateos, Mexico"
1216,30.0,120.6,533868,9_18,32.4,115.2,"Shaoxing, Zhejiang, China"
1217,14.6,-90.5,533584,11_42,19.6,268.8,"Zone 15, Guatemala City, Guatemala"
1218,-30.0,-51.1,533268,18_48,-25.2,307.2,"Alvorada, Brazil"
1219,19.4,-98.9,533161,11_40,19.6,256.0,"Chicoloapan, Mexico"
1220,36.7,119.1,532652,8_18,38.8,115.2,"Weifang, China"
1221,-15.5,28.3,532609,16_4,-12.4,25.6,"Chisankane, Lusaka, Zambia"
1222,3.8,11.6,532459,13_1,6.8,6.4,"Nkongoa, Yaoundé, Centre, Cameroon"
1223,55.9,37.5,531941,5_5,58.0,32.0,"Khimki Urban Okrug, Khimki, Moscow Oblast, Russia"
1224,5.7,7.1,531104,13_1,6.8,6.4,"Obolo, Nkwerre, Imo State, Nigeria"
1225,13.2,30.2,531004,12_4,13.2,25.6,"El Obeid, Sudan"
1226,39.1,117.7,530956,7_18,45.2,115.2,"Ningchegu, Tanggu, China"
1227,12.1,-86.3,530665,12_42,13.2,268.8,"Managua, Managua Department, Nicaragua (W)"
1228,7.7,-5.0,530660,12_55,13.2,352.0,"Kennedy, Bouaké, Vallée du Bandama District, Ivory Coast"
1229,18.9,-99.2,529970,11_40,19.6,256.0,"Cuernavaca, Mexico"
1230,12.8,45.0,529760,12_7,13.2,44.8,"Aden, Yemen"
1231,37.6,126.8,529047,8_19,38.8,121.6,"Gaehwa-dong, Goyang-si, Gyeonggi-do, South Korea"
1232,13.0,7.6,528944,12_1,13.2,6.4,"Katsina, Nigeria"
1233,11.1,76.0,528849,12_11,13.2,70.4,"Vengara, India"
1234,30.6,32.3,528543,9_5,32.4,32.0,"Ismailia, Egypt"
1235,23.3,116.4,528443,10_18,26.0,115.2,"Tongyu, Guangdong, China"
1236,41.9,12.6,527190,7_1,45.2,6.4,"Municipio Roma V, Rome, Lazio, Italy"
1237,-2.5,28.8,527084,14_4,0.4,25.6,"Mbonobono, Bukavu, South Kivu, Democratic Republic of the Congo"
1238,37.8,112.5,526531,8_17,38.8,108.8,"Qianfeng, Taiyuan, China"
1239,-33.6,-70.7,525594,19_45,-31.6,288.0,"San Bernardo, Chile"
1240,16.4,120.6,525442,11_18,19.6,115.2,"Baguio, Philippines"
1241,42.0,-87.7,524592,7_42,45.2,268.8,"Evanston, United States"
1242,-30.0,-51.2,523271,18_48,-25.2,307.2,"Navegantes, Porto Alegre, Rio Grande do Sul, Brazil"
1243,8.6,77.0,523034,12_12,13.2,76.8,"Nedumangād, India"
1244,35.0,135.7,522878,8_21,38.8,134.4,"Ukyō Ward, Kyoto, Japan"
1245,43.9,125.4,522806,7_19,45.2,121.6,"Changqing Subdistrict, Changchun, Jilin, China"
1246,28.0,116.4,522429,9_18,32.4,115.2,"Fuzhou, Jiangxi, China"
1247,52.5,13.3,522413,5_2,58.0,12.8,"Kreuzberg, Germany"
1248,28.2,112.9,521975,9_17,32.4,108.8,"Tianding, Changsha, Hunan, China"
1249,35.8,51.5,521843,8_8,38.8,51.2,"Tajrīsh, Iran"
1250,32.7,109.0,521796,8_17,38.8,108.8,"Ankang, Shaanxi, China"
1251,4.4,32.6,521542,13_5,6.8,32.0,"Torit, South Sudan"
1252,3.7,8.8,521495,13_1,6.8,6.4,"Basilé, Malabo, Equatorial Guinea"
1253,29.6,103.7,521337,9_16,32.4,102.4,"Leshan, Sichuan, China"
1254,-33.9,18.6,520964,19_2,-31.6,12.8,"Century City, Athlone, South Africa"
1255,25.9,80.8,520617,10_12,26.0,76.8,"Fatehpur, Uttar Pradesh, India"
1256,33.0,112.5,520227,8_17,38.8,108.8,"Nanyang, Henan, China"
1257,43.9,126.6,520148,7_19,45.2,121.6,"Longhua Subdistrict, Jilin, China"
1258,10.8,106.8,519877,12_16,13.2,102.4,"Thủ Đức, Vietnam"
1259,-22.9,-47.1,519771,17_48,-18.8,307.2,"Jardim Chapadão, Campinas, São Paulo, Brazil"
1260,18.1,-76.8,519517,11_44,19.6,281.6,"Constant Spring, Kingston, Jamaica"
1261,18.0,-76.8,519517,11_44,19.6,281.6,"Kingston, Jamaica"
1262,25.3,110.3,519385,10_17,26.0,108.8,"Guilin, China"
1263,50.0,36.2,519107,6_5,51.6,32.0,"Kholodnohirskiy Raion, Kharkiv, Ukraine"
1264,6.7,3.2,518974,13_0,6.8,0.0,"Ota, Nigeria"
1265,30.6,31.0,518613,9_4,32.4,25.6,"Shibīn al Kawm, Monufia, Egypt"
1266,29.5,106.4,517943,9_16,32.4,102.4,"Baishiyi, China"
1267,-30.0,30.9,517902,18_4,-25.2,25.6,"eManzimtoti, South Africa"
1268,-5.2,119.5,516999,14_18,0.4,115.2,"Sungguminasa, Makassar, Indonesia"
1269,31.3,48.7,516642,9_7,32.4,44.8,"Ahvaz, Iran"
1270,-0.3,36.1,516481,14_5,0.4,32.0,"Nakuru, Kenya"
1271,28.9,76.6,516180,9_11,32.4,70.4,"Rohtak, India"
1272,23.7,113.0,515547,10_17,26.0,108.8,"Qingyuan, Guangdong, China"
1273,-3.3,29.4,515316,14_4,0.4,25.6,"Muzinda, Bujumbura, Burundi"
1274,6.4,7.5,515313,13_1,6.8,6.4,"Gariki, Enugu, Enugu State, Nigeria"
1275,32.7,112.1,514884,8_17,38.8,108.8,"Dengzhou, Henan, China"
1276,23.6,116.6,514678,10_18,26.0,115.2,"Chaozhou, Guangdong, China (S)"
1277,37.9,40.2,514637,8_6,38.8,38.4,"Diyarbakır, Turkey"
1278,13.0,5.3,514404,12_0,13.2,0.0,"Kona Kinba, Sokoto, Nigeria"
1279,8.6,76.9,514220,12_12,13.2,76.8,"Uliyazhathura, India"
1280,24.8,121.0,514073,10_18,26.0,115.2,"Hsinchu, Taiwan"
1281,40.8,114.9,513806,7_17,45.2,108.8,"Zhangjiakou, China"
1282,23.1,113.5,513758,10_17,26.0,108.8,"Suidong Subdistrict, Dasha, Guangdong, China"
1283,29.1,-111.0,513477,9_38,32.4,243.2,"Hermosillo, Mexico"
1284,38.3,140.9,513254,8_22,38.8,140.8,"Higashi-Kuromatsu, Sendai, Miyagi, Japan"
1285,34.3,117.1,512974,8_18,38.8,115.2,"Liuxin, China"
1286,15.2,120.6,512941,11_18,19.6,115.2,"Sapang Biabas, Angeles City, Central Luzon, Philippines"
1287,55.6,37.5,512563,5_5,58.0,32.0,"Kommunarka, Yasenevo, Moscow, Russia"
1288,25.8,-100.4,512330,10_40,26.0,256.0,"Parque Industrial Ciudad Mitras, Ciudad General Escobedo, Mexico"
1289,34.1,-5.0,511829,8_55,38.8,352.0,"caïdat de Ain Bou Ali, Fes, Fes-Meknes, Morocco"
1290,37.3,49.6,511679,8_7,38.8,44.8,"Rasht, Iran"
1291,3.5,98.7,511640,13_15,6.8,96.0,"Deli Tua, Medan, Indonesia"
1292,39.9,32.6,511567,7_5,45.2,32.0,"Etimesgut, Çayyolu, Turkey"
1293,28.7,77.5,511472,9_12,32.4,76.8,"Kanauja, Ghāziābād, Uttar Pradesh, India"
1294,37.1,114.5,510873,8_17,38.8,108.8,"Xingtai, Hebei, China"
1295,29.7,116.0,510540,9_18,32.4,115.2,"Jiujiang, China"
1296,16.5,80.7,510209,11_12,19.6,76.8,"Kanuru, Vijayawada, Andhra Pradesh, India"
1297,35.0,135.8,509892,8_21,38.8,134.4,"Yamashina Ward, Kyoto, Japan"
1298,55.7,12.5,509685,5_1,58.0,6.4,"Brønshøj, Copenhagen, Denmark"
1299,35.6,51.4,509384,8_8,38.8,51.2,"Bāqershahr, Tehran, Iran"
1300,23.5,116.3,508827,10_18,26.0,115.2,"Meiyun, Jieyang, China"
1301,39.7,118.2,507982,7_18,45.2,115.2,"Qingbei, Tangshan, Hebei, China"
1302,-1.6,29.2,507661,14_4,0.4,25.6,"Bukumu, Goma, North Kivu, Democratic Republic of the Congo"
1303,-6.7,39.2,507604,15_6,-6.0,38.4,"Magomeni, Tanzania"
1304,22.3,87.9,507360,10_13,26.0,83.2,"Tamluk, Tamlūk, West Bengal, India"
1305,11.6,37.4,507291,12_5,13.2,32.0,"Bahir Dar, Ethiopia"
1306,-6.1,106.2,506958,15_16,-6.0,102.4,"Bendung, Serang, Banten, Indonesia"
1307,24.8,113.6,506831,10_17,26.0,108.8,"Shaoguan, China"
1308,-2.9,-79.0,506384,14_43,0.4,275.2,"Cuenca, Ecuador"
1309,35.1,129.1,506333,8_20,38.8,128.0,"Yongho 4(sa)-dong, Busan, South Korea"
1310,35.6,45.4,506331,8_7,38.8,44.8,"Sulaymaniyah, Iraq"
1311,4.7,7.3,506254,13_1,6.8,6.4,"Biara, Bori, Rivers State, Nigeria"
1312,19.3,73.1,506122,11_11,19.6,70.4,"Bhadvad, Kalyān, Maharashtra, India"
1313,31.1,31.4,505822,9_4,32.4,25.6,"Mit Antar, Al Mansurah, Dakahlia, Egypt"
1314,10.0,-84.2,505536,12_43,13.2,275.2,"San Francisco, Costa Rica"
1315,55.7,37.9,504300,5_5,58.0,32.0,"Vykhino-Zhulebino, Russia"
1316,32.5,-117.0,504151,8_37,38.8,236.8,"Tijuana, Mexico"
1317,26.5,106.7,504045,9_16,32.4,102.4,"Pingqiao, Guiyang, Guizhou, China"
1318,25.2,55.4,503982,10_8,26.0,51.2,"International City, United Arab Emirates"
1319,26.3,31.9,503746,9_4,32.4,25.6,"Girga, Egypt"
1320,13.7,100.7,503570,11_15,19.6,96.0,"Dok Mai Subdistrict, Latkrabang, Bangkok, Thailand"
1321,34.0,-118.2,503480,8_37,38.8,236.8,"Vernon, Los Angeles, California, United States"
1322,22.5,113.0,502957,10_17,26.0,108.8,"Hengpai, Huicheng, Guangdong, China"
1323,35.5,35.8,502294,8_5,38.8,32.0,"Latakia, Syria"
1324,32.1,20.1,501594,9_3,32.4,19.2,"Benghazi, Libya"
1325,25.1,87.1,501549,10_13,26.0,83.2,"Goradih, Purāini, Bihar, India"
1326,30.5,106.6,501285,9_16,32.4,102.4,"Guang’an, China"
1327,43.1,141.4,501252,7_22,45.2,140.8,"Higashi Ward, Sapporo, Hokkaido, Japan"
1328,31.5,120.3,501182,9_18,32.4,115.2,"Taihu, Wuxi, Jiangsu, China"
1329,41.9,126.4,501113,7_19,45.2,121.6,"Baishan, Jilin, China"
1330,39.0,121.5,500584,7_18,45.2,115.2,"Fanjiagou, Dalian, Liaoning, China"
1331,-22.9,-43.1,500531,17_49,-18.8,313.6,"Niterói, Rio de Janeiro, Brazil"
1332,-26.1,28.1,500476,18_4,-25.2,25.6,"Alexandra, South Africa"
1333,20.4,72.9,500459,10_11,26.0,70.4,"Vapi, India"
1334,8.5,124.5,500412,12_19,13.2,121.6,"El Salvador, Philippines"
1335,15.9,74.5,500319,11_11,19.6,70.4,"Kangrali Khurd, Belagavi, Karnataka, India"
1336,31.1,121.6,499657,9_19,32.4,121.6,"Kangqiao, Shanghai, China"
1337,27.9,120.8,499323,9_18,32.4,115.2,"Qidu, Zhejiang, China"
1338,8.9,38.8,499071,12_6,13.2,38.4,"Akaki-Kaliti, Addis Ababa, Ethiopia"
1339,10.9,77.0,498752,12_12,13.2,76.8,"Kurichchi, India"
1340,6.7,-1.5,497944,13_56,6.8,358.4,"Mamponteng, Ghana"
1341,-8.1,-35.0,497253,15_50,-6.0,320.0,"Jaboatão dos Guararapes, Brazil"
1342,35.5,44.4,496968,8_6,38.8,38.4,"Soma City, Kirkuk, Iraq"
1343,11.0,76.0,496821,12_11,13.2,70.4,"Tennala, India"
1344,31.4,121.3,496639,9_18,32.4,115.2,"Malu, Jiading, Shanghai, China"
1345,39.5,76.0,496556,7_11,45.2,70.4,"Kashgar, China"
1346,30.7,31.3,496346,9_4,32.4,25.6,"DONDATE, Mīt Ghamr, Dakahlia, Egypt"
1347,23.0,113.2,496203,10_17,26.0,108.8,"Chencun, Foshan, Guangdong, China"
1348,6.2,1.1,495997,13_0,6.8,0.0,"Dzodze, Ghana"
1349,28.7,77.8,495576,9_12,32.4,76.8,"Hāpur, India"
1350,-6.8,39.1,495511,15_6,-6.0,38.4,"Msigani, Kisarawe, Pwani, Tanzania"
1351,28.3,70.1,495150,9_10,32.4,64.0,"Saddiqabad, Pakistan"
1352,22.3,113.5,494562,10_17,26.0,108.8,"Zhuhai, China"
1353,26.8,79.0,494277,9_12,32.4,76.8,"Etāwah, India"
1354,18.6,-72.3,494220,11_44,19.6,281.6,"2e Varreux, Port-au-Prince, Ouest, Haiti"
1355,23.3,113.3,493544,10_17,26.0,108.8,"Junhe, China"
1356,37.7,127.1,493437,8_19,38.8,121.6,"Cheonghak-ri, Uijeongbu-si, Gyeonggi-do, South Korea"
1357,33.9,115.8,493291,8_18,38.8,115.2,"Bozhou, Anhui, China"
1358,51.5,-0.3,492710,6_56,51.6,358.4,"Southall, United Kingdom"
1359,-25.4,-49.2,492446,18_48,-25.2,307.2,"Bairro Alto, Curitiba, Paraná, Brazil"
1360,40.0,113.2,492199,7_17,45.2,108.8,"Xihanling, China"
1361,40.7,109.9,492191,7_17,45.2,108.8,"Baotou, Inner Mongolia, China"
1362,8.2,77.4,492182,12_12,13.2,76.8,"Nāgercoil, India"
1363,12.6,-7.9,492052,12_55,13.2,352.0,"Sirakoro Méguétana, Bamako, Mali"
1364,25.8,87.5,491963,10_13,26.0,83.2,"Purnia, India"
1365,32.4,119.4,491859,9_18,32.4,115.2,"Yangzhou, Jiangsu, China"
1366,26.2,85.9,491285,9_13,32.4,83.2,"Nanaura, Darbhanga, Bihar, India"
1367,51.6,-0.0,490325,6_0,51.6,0.0,"Tottenham, United Kingdom"
1368,-25.5,28.1,490310,18_4,-25.2,25.6,"Tshwane Ward 33, Soshanguve, Gauteng, South Africa"
1369,-30.1,-51.2,489982,18_48,-25.2,307.2,"Teresópolis, Porto Alegre, Rio Grande do Sul, Brazil"
1370,36.1,120.3,489332,8_18,38.8,115.2,"Qingdao, Shandong, China"
1371,34.8,48.5,489207,8_7,38.8,44.8,"Hamadān, Iran"
1372,-3.7,128.2,489205,14_20,0.4,128.0,"Ambon, Indonesia"
1373,14.8,120.9,489081,11_18,19.6,115.2,"Guiguinto, Philippines"
1374,51.5,0.1,488960,6_0,51.6,0.0,"Barking, United Kingdom"
1375,32.7,117.0,488809,8_18,38.8,115.2,"Daji, Huainan, Anhui, China"
1376,15.7,32.6,488794,11_5,19.6,32.0,"Khartoum North, Sudan"
1377,25.4,-101.0,488793,10_40,26.0,256.0,"Saltillo, Mexico"
1378,29.8,121.5,488261,9_18,32.4,115.2,"Zhonggongmiao, Ningbo, China"
1379,23.7,86.4,487767,10_13,26.0,83.2,"Jharia, Dhanbad, India"
1380,38.8,-9.2,487680,8_54,38.8,345.6,"Ramada e Caneças, Amadora, Lisbon, Portugal"
1381,25.5,-103.4,487521,10_40,26.0,256.0,"Torreón, Coahuila, Mexico"
1382,31.3,120.8,487487,9_18,32.4,115.2,"Shengpu, China"
1383,10.1,76.4,487207,12_11,13.2,70.4,"Edattala, Kerala, India"
1384,-19.8,-43.9,486956,17_49,-18.8,313.6,"Santa Luzia, Brazil"
1385,-19.1,33.5,486555,17_5,-18.8,32.0,"Chimoio, Mozambique"
1386,34.5,135.5,486111,8_21,38.8,134.4,"Izumi, Japan"
1387,0.5,29.4,485685,13_4,6.8,25.6,"Lufrere, Beni, North Kivu, Democratic Republic of the Congo"
1388,-23.5,-46.9,485120,17_48,-18.8,307.2,"Carapicuíba, Brazil"
1389,-24.8,-65.4,484606,17_46,-18.8,294.4,"Salta, Argentina"
1390,9.1,76.5,484422,12_11,13.2,70.4,"Ochira, India"
1391,-17.4,-66.2,484414,16_45,-12.4,288.0,"Molle, Cochabamba, Bolivia"
1392,3.1,101.5,484409,13_15,6.8,96.0,"Section U11, Kampung Baru Subang, Selangor, Malaysia"
1393,47.9,106.8,484236,6_16,51.6,102.4,"Yaarmag, Ulan Bator, Ulaanbaatar, Mongolia"
1394,56.8,60.6,484128,5_9,58.0,57.6,"Leninsky District, Yekaterinburg, Sverdlovsk Oblast, Russia"
1395,35.9,139.7,483424,8_21,38.8,134.4,"Katayanagi-higashi, Saitama, Japan"
1396,34.2,73.2,483231,8_11,38.8,70.4,"Jhangi, Abbottabad, Khyber Pakhtunkhwa, Pakistan"
1397,12.9,79.1,483054,12_12,13.2,76.8,"Vellore, Tamil Nadu, India"
1398,-25.8,32.5,483026,18_5,-25.2,32.0,"Bairro 25 de Junho A, Mozambique"
1399,-25.5,-49.2,482906,18_48,-25.2,307.2,"São José dos Pinhais, Curitiba, Brazil"
1400,34.0,116.8,482761,8_18,38.8,115.2,"Huaibei, China"
1401,45.1,7.7,482686,7_1,45.2,6.4,"Turin, Italy"
1402,11.0,106.9,482551,12_16,13.2,102.4,"Khu phố Thiện Tân, Biên Hòa, Dong Nai, Vietnam"
1403,29.3,120.1,482414,9_18,32.4,115.2,"Yiwu, Zhejiang, China"
1404,5.5,5.7,482377,13_0,6.8,0.0,"Ajigba Community, Warri Island, Warri, Delta, Nigeria"
1405,29.6,107.2,482224,9_16,32.4,102.4,"Linshi, Chongqing, China"
1406,35.7,140.1,481980,8_21,38.8,134.4,"Hanamigawa Ward, Yachiyo, Chiba, Japan"
1407,28.6,78.6,481830,9_12,32.4,76.8,"Sambhal, India"
1408,-12.8,28.2,481560,16_4,-12.4,25.6,"Misheshi, Kitwe, Copperbelt, Zambia"
1409,42.3,-71.1,481191,7_45,45.2,288.0,"Dorchester, United States"
1410,27.7,68.9,480888,9_10,32.4,64.0,"New Sukkur Taluka, Sukkur, Sindh, Pakistan"
1411,37.9,32.5,480293,8_5,38.8,32.0,"Konya, Turkey"
1412,28.7,115.8,480219,9_18,32.4,115.2,"Xinyuehu, Nanchang, Jiangxi, China"
1413,26.8,84.5,479973,9_13,32.4,83.2,"Bettiah, India"
1414,22.8,89.6,479910,10_14,26.0,89.6,"Rupsha, Khulna, Khulna Division, Bangladesh"
1415,40.8,29.4,479831,7_4,45.2,25.6,"Gebze, Turkey"
1416,-23.4,-46.5,479632,17_48,-18.8,307.2,"Invernada, Guarulhos, São Paulo, Brazil"
1417,-33.9,151.1,479390,19_23,-31.6,147.2,"Marrickville, Australia"
1418,29.7,77.0,479024,9_12,32.4,76.8,"Karnāl, India"
1419,21.2,81.6,479021,10_12,26.0,76.8,"Patan Tahsil, Raipur, Chhattisgarh, India"
1420,30.5,31.3,478832,9_4,32.4,25.6,"Minyā al Qamḩ, Sharqia, Egypt"
1421,-37.8,145.0,478360,19_22,-31.6,140.8,"Richmond, Australia"
1422,38.9,115.5,478100,7_18,45.2,115.2,"Baoding, Hebei, China"
1423,-34.7,-58.7,477943,19_47,-31.6,300.8,"Santa Anita, Merlo, Buenos Aires, Argentina"
1424,-12.4,13.6,477721,16_2,-12.4,12.8,"Lobito, Angola"
1425,40.7,122.3,477667,7_19,45.2,121.6,"Lunan, Yingkou, Liaoning, China"
1426,17.5,78.6,477620,11_12,19.6,76.8,"Secunderabad, India"
1427,26.7,83.4,477568,9_13,32.4,83.2,"Gorakhpur, Uttar Pradesh, India (S)"
1428,-7.0,107.8,477559,15_16,-6.0,102.4,"Sangiang, Paseh, West Java, Indonesia"
1429,-22.7,-43.4,477244,17_49,-18.8,313.6,"Belford Roxo, Brazil"
1430,43.9,125.2,477114,7_19,45.2,121.6,"Lüyuan, Changchun, China"
1431,40.0,-75.1,476942,7_44,45.2,281.6,"Olney, United States"
1432,25.1,121.7,476637,10_19,26.0,121.6,"Qidu, Keelung, Taiwan"
1433,19.3,-99.7,476594,11_40,19.6,256.0,"Calixtlahuaca, Toluca, México, Mexico"
1434,55.7,37.4,476166,5_5,58.0,32.0,"Kuntsevo, Russia"
1435,35.9,139.8,475569,8_21,38.8,134.4,"Koshigaya, Japan"
1436,24.1,115.7,475239,10_18,26.0,115.2,"Xingning, Guangdong, China"
1437,-11.7,27.4,474852,15_4,-6.0,25.6,"Kilima Simba, Lubumbashi, Haut-Katanga, Democratic Republic of the Congo"
1438,14.8,-15.9,474837,11_53,19.6,339.2,"Darou Salam, Touba, Diourbel Region, Senegal"
1439,27.4,80.1,474481,9_12,32.4,76.8,"Hardoī, India"
1440,23.0,91.4,474400,10_14,26.0,89.6,"Mohipal, Feni, Chittagong, Bangladesh"
1441,-15.3,28.3,474370,16_4,-12.4,25.6,"Chunga, Lusaka, Zambia"
1442,37.6,36.9,474244,8_5,38.8,32.0,"Kahramanmaraş, Turkey"
1443,41.0,117.9,473999,7_18,45.2,115.2,"Chengde, China"
1444,-34.9,-56.2,473779,19_47,-31.6,300.8,"Montevideo, Uruguay"
1445,-8.0,26.8,473380,15_4,-6.0,25.6,"Malemba-Nkulu, Haut-Lomami, Democratic Republic of the Congo"
1446,14.7,-90.5,473287,11_42,19.6,268.8,"Tzaljá, Guatemala City, Guatemala"
1447,13.7,24.1,473109,11_3,19.6,19.2,"Dadi, Kabkābīyah, Northern Darfur, Sudan"
1448,30.4,31.2,472859,9_4,32.4,25.6,"Mugul, Banhā, Qalyubia, Egypt"
1449,24.0,91.1,472550,10_14,26.0,89.6,"Brahmanbaria Sadar Upazila, Brāhmanbāria, Chittagong, Bangladesh"
1450,14.0,100.6,472529,11_15,19.6,96.0,"Ban Bang Kadi, Sai Mai, Thailand"
1451,25.4,119.1,472434,10_18,26.0,115.2,"Huangshi, Putian, China"
1452,41.9,123.4,472269,7_19,45.2,121.6,"Hushitai, Liaoning, China"
1453,23.4,110.1,472011,10_17,26.0,108.8,"Guiping, Guangxi, China"
1454,30.4,-9.5,471520,9_54,32.4,345.6,"Adrar, Ait Melloul, Souss-Massa, Morocco"
1455,13.7,-89.1,471311,11_42,19.6,268.8,"Soyapango, El Salvador"
1456,7.2,38.6,471095,12_6,13.2,38.4,"Shashamane, Ethiopia"
1457,22.7,113.3,470199,10_17,26.0,108.8,"Suixicun, Nantou, Guangdong, China"
1458,31.6,120.2,469893,9_18,32.4,115.2,"Qianqiao, Wuxi, China"
1459,1.5,103.7,469814,13_16,6.8,102.4,"Tampoi, Johor Bahru, Johor, Malaysia"
1460,27.9,112.9,469700,9_17,32.4,108.8,"Xiangtan, Hunan, China"
1461,-7.9,112.6,469502,15_17,-6.0,108.8,"Ngepeh, Singosari, Malang, East Java, Indonesia"
1462,55.9,37.7,469207,5_5,58.0,32.0,"Mytishchi Urban Okrug, Mytishchi, Moscow Oblast, Russia"
1463,36.2,113.1,468140,8_17,38.8,108.8,"Changzhi, China"
1464,11.7,78.2,467602,12_12,13.2,76.8,"Mannarpalayam, Salem, Tamil Nadu, India"
1465,36.9,10.2,467496,8_1,38.8,6.4,"Sukrah, Tunis, Tunisia"
1466,33.7,44.4,467245,8_6,38.8,38.4,"Hummadi, Aţ Ţārmīyah, Baghdad, Iraq"
1467,48.8,2.5,467136,6_0,51.6,0.0,"Créteil, France"
1468,30.1,77.3,466801,9_12,32.4,76.8,"Yamuna Nagar, India"
1469,41.1,122.1,466738,7_19,45.2,121.6,"Panjin, China"
1470,4.9,7.0,466706,13_1,6.8,6.4,"Rumuaholu, Rumuodomaya, Rivers State, Nigeria"
1471,29.8,121.6,466628,9_19,32.4,121.6,"Xiaying, China"
1472,22.7,113.2,465947,10_17,26.0,108.8,"Dongfeng, Nantou, China"
1473,-25.7,28.4,465804,18_4,-25.2,25.6,"Cullinan, South Africa"
1474,10.6,76.0,465707,12_11,13.2,70.4,"Kārakkād, India"
1475,14.8,-16.9,465657,11_53,19.6,339.2,"Thiès, Senegal"
1476,-32.9,-60.7,465533,19_46,-31.6,294.4,"Unión y Parque Casas, Rosario, Santa Fe, Argentina"
1477,-23.9,-46.3,465498,17_49,-18.8,313.6,"Santos, Brazil"
1478,14.2,121.2,465488,11_18,19.6,115.2,"Calamba, Philippines"
1479,27.6,68.2,465402,9_10,32.4,64.0,"Sattar Dino Sangi, Larkana, Sindh, Pakistan"
1480,19.7,-99.2,465399,10_40,26.0,256.0,"Cuautitlán, Mexico"
1481,29.9,78.1,465212,9_12,32.4,76.8,"Haridwar, India"
1482,36.4,127.4,465021,8_19,38.8,121.6,"Jeonmin-dong, Daejeon, South Korea"
1483,14.3,120.9,464997,11_18,19.6,115.2,"Buenavista III, Dasmariñas, Calabarzon, Philippines"
1484,24.8,90.4,464707,10_14,26.0,89.6,"Sirta, Mymensingh, Mymensingh Division, Bangladesh"
1485,-4.0,39.6,464699,14_6,0.4,38.4,"Jomvu, Mombasa, Kenya"
1486,40.0,-75.2,464666,7_44,45.2,281.6,"Hartranft, United States"
1487,39.9,116.6,464314,7_18,45.2,115.2,"Guanzhuang, Tongzhou, Beijing, China"
1488,37.5,122.1,464287,8_19,38.8,121.6,"Weihai, China"
1489,59.9,30.5,464213,4_4,64.4,25.6,"Rybatskoye, Saint Petersburg, Russia"
1490,-7.5,112.7,463938,15_17,-6.0,108.8,"Boro, Sidoarjo, East Java, Indonesia"
1491,25.6,83.6,463406,10_13,26.0,83.2,"Ghazīpur, Uttar Pradesh, India"
1492,26.2,84.4,463242,9_13,32.4,83.2,"Siwān, Bihar, India"
1493,25.4,49.6,462981,10_7,26.0,44.8,"Al Mubarraz, Al Hufūf, Eastern Province, Saudi Arabia"
1494,33.9,-118.2,462560,8_37,38.8,236.8,"Lynwood Gardens, Compton, California, United States"
1495,-26.2,28.1,462323,18_4,-25.2,25.6,"Johannesburg Ward 118, Johannesburg, Gauteng, South Africa"
1496,-4.8,11.9,461717,14_1,0.4,6.4,"Pointe-Noire, Republic of the Congo"
1497,48.1,11.6,460901,6_1,51.6,6.4,"Stadelheim, Munich, Bavaria, Germany"
1498,32.1,73.7,460666,9_11,32.4,70.4,"Hafizabad, Pakistan"
1499,-8.2,113.7,460641,15_17,-6.0,108.8,"Jember, Indonesia"
1500,6.3,8.1,460554,13_1,6.8,6.4,"Abakaliki, Nigeria"
1501,34.0,71.4,460480,8_11,38.8,70.4,"Jamal Khel, Jamrud, Khyber Pakhtunkhwa, Pakistan"
1502,30.2,120.2,460035,9_18,32.4,115.2,"Xiaoshan, Zhejiang, China"
1503,32.2,119.4,459745,9_18,32.4,115.2,"Qilidian, Zhenjiang, Jiangsu, China"
1504,25.7,85.2,459596,10_13,26.0,83.2,"Hajipur, Hājīpur, Bihar, India"
1505,25.6,32.6,459019,10_5,26.0,32.0,"Armant, Luxor, Egypt"
1506,12.7,-7.9,458929,12_55,13.2,352.0,"Dialakorodji, Mali"
1507,32.1,34.9,458754,9_5,32.4,32.0,"Petaẖ Tiqva, Israel"
1508,35.6,140.1,458651,8_21,38.8,134.4,"Chuo, Chiba, Japan"
1509,-15.9,-48.1,458457,16_48,-12.4,307.2,"Samambaia, Brazil"
1510,27.8,113.2,458409,9_17,32.4,108.8,"Wulidun, Zhuzhou, Hunan, China"
1511,19.6,37.2,458396,11_5,19.6,32.0,Port Sudan
1512,-18.9,-48.3,458278,17_48,-18.8,307.2,"Jardim Brasília, Uberlândia, Minas Gerais, Brazil"
1513,33.5,73.1,457645,8_11,38.8,70.4,"Sector F, Phase 8, Rawalpindi, Punjab, Pakistan"
1514,5.4,100.3,457244,13_15,6.8,96.0,"Paya Terubong, Malaysia"
1515,32.5,74.6,457175,8_11,38.8,70.4,"Jajjy, Sialkot, Punjab, Pakistan"
1516,32.0,36.1,457025,9_5,32.4,32.0,"Russeifa, Jordan"
1517,10.0,-84.1,456918,12_43,13.2,275.2,"El Uriche, San José, Costa Rica"
1518,34.3,117.2,456918,8_18,38.8,115.2,"Yunlong, China"
1519,-19.8,34.9,456644,17_5,-18.8,32.0,"Muave, Beira, Mozambique"
1520,5.5,7.3,456570,13_1,6.8,6.4,"Omicha Umu Awada, Aboh, Imo State, Nigeria"
1521,30.8,73.5,456370,9_11,32.4,70.4,"Chak 27/2-L, Okara, Punjab, Pakistan"
1522,13.8,100.4,456353,11_15,19.6,96.0,"Taling Chan, Thailand"
1523,21.1,72.7,456080,10_11,26.0,70.4,"Hajira INA, India"
1524,56.3,43.9,455768,5_6,58.0,38.4,"Nizhny Novgorod, Nizhniy Novgorod, Nizhny Novgorod Oblast, Russia"
1525,10.1,-69.3,455622,12_45,13.2,288.0,"Centro, Barquisimeto, Lara, Venezuela"
1526,51.2,71.4,455554,6_11,51.6,70.4,"Sarıarqa district, Astana, Kazakhstan"
1527,19.5,109.6,455524,11_17,19.6,108.8,"Nada, China"
1528,55.0,82.9,455245,5_12,58.0,76.8,"Novosibirsk, Novosibirsk Oblast, Russia"
1529,23.8,91.3,455204,10_14,26.0,89.6,"Dulki, Agartala, Tripura, India"
1530,-38.0,-57.6,454713,20_47,-38.0,300.8,"Mar del Plata, Argentina"
1531,32.2,120.0,454285,9_18,32.4,115.2,"Taixing, China"
1532,11.9,75.4,454166,12_11,13.2,70.4,"Kannur, India"
1533,25.3,83.1,454118,10_12,26.0,76.8,"Mughal Sarāi, Varanasi, India"
1534,41.8,129.8,454026,7_20,45.2,128.0,"Chongjin, North Korea"
1535,25.9,86.6,453625,10_13,26.0,83.2,"Satar Kataiya, Saharsa, Bihar, India"
1536,50.5,30.5,453604,6_4,51.6,25.6,"Obolon, Ukraine"
1537,37.1,42.7,453551,8_6,38.8,38.4,"Dasht Mir, Zaxo, Duhok, Iraq"
1538,25.2,75.9,453361,10_11,26.0,70.4,"Ladpura Tehsil, Kota, Rajasthan, India"
1539,33.5,36.4,452851,8_5,38.8,32.0,"Dūmā, Damascus, Syria"
1540,31.6,74.2,452331,9_11,32.4,70.4,"Sattar Wala, Lahore, Punjab, Pakistan"
1541,-6.8,107.1,452045,15_16,-6.0,102.4,"Gasol, Cianjur, West Java, Indonesia"
1542,22.9,113.4,452004,10_17,26.0,108.8,"Datong, Shiqiao, Guangdong, China"
1543,28.1,113.0,451999,9_17,32.4,108.8,"Qingyuan, Changsha, China"
1544,4.8,8.2,451855,13_1,6.8,6.4,"Esuk Oron, Nigeria"
1545,33.5,119.1,451819,8_18,38.8,115.2,"Huai'an, Jiangsu, China"
1546,-0.5,117.2,451450,14_18,0.4,115.2,"Sambutan, Samarinda, East Kalimantan, Indonesia"
1547,37.2,127.1,451299,8_19,38.8,121.6,"Dongtan 2 New Town, Osan, Gyeonggi-do, South Korea"
1548,40.4,49.9,450984,7_7,45.2,44.8,"Baku, Azerbaijan"
1549,22.7,114.3,450613,10_17,26.0,108.8,"Baolong Sub-district, Longgang, Guangdong, China"
1550,12.3,76.7,450243,12_11,13.2,70.4,"Alanahalli, Mysuru, Karnataka, India"
1551,35.8,127.1,450228,8_19,38.8,121.6,"Jeonju, South Korea"
1552,46.1,126.0,449786,6_19,51.6,121.6,"Zhaodong, China"
1553,35.8,51.3,449739,8_8,38.8,51.2,"Andīsheh, Iran"
1554,26.8,82.1,449729,9_12,32.4,76.8,"Cantonment, Fyzābād, Uttar Pradesh, India"
1555,-34.5,-58.6,449648,19_47,-31.6,300.8,"Don Torcuato, Argentina"
1556,4.4,18.6,449405,13_2,6.8,12.8,"Bangui, Central African Republic"
1557,18.8,99.0,448559,11_15,19.6,96.0,"Chiang Mai, Thailand"
1558,24.7,118.6,448553,10_18,26.0,115.2,"Yinglin, China"
1559,8.9,76.7,448514,12_11,13.2,70.4,"Kottangara, India"
1560,33.7,73.1,448307,8_11,38.8,70.4,"Zone III, Islamabad, Pakistan"
1561,35.8,128.5,448299,8_20,38.8,128.0,"Hwawŏn, Daegu, South Korea"
1562,-29.9,30.9,448088,18_4,-25.2,25.6,"eThekwini Ward 65, Pinetown, KwaZulu-Natal, South Africa"
1563,36.1,103.7,448006,8_16,38.8,102.4,"Anning Xilu, China"
1564,-6.9,107.8,447915,15_16,-6.0,102.4,"Marga jaya, Cileunyi, West Java, Indonesia"
1565,29.2,79.5,447518,9_12,32.4,76.8,"Haldwani, India"
1566,45.6,-73.6,447466,6_44,51.6,281.6,"Saint-Léonard, Mercier–Hochelaga-Maisonneuve, Quebec, Canada"
1567,21.4,39.9,446871,10_6,26.0,38.4,"Al Mashaeir Al Muqadasa, Makkah, Mecca Region, Saudi Arabia"
1568,18.4,76.6,446565,11_11,19.6,70.4,"Latur, Maharashtra, India"
1569,37.9,41.1,446365,8_6,38.8,38.4,"Batman, Turkey"
1570,30.9,121.5,446258,9_18,32.4,115.2,"Fengxiang, Shanghai, China"
1571,35.2,113.2,445734,8_17,38.8,108.8,"Jiaozuo, Henan, China"
1572,-34.8,-58.6,445667,19_47,-31.6,300.8,"Ezeiza, Buenos Aires, Argentina"
1573,-11.2,28.9,444498,15_4,-6.0,25.6,"Mansa, Zambia"
1574,24.4,102.5,444375,10_16,26.0,102.4,"Yuxi, Yunnan, China"
1575,25.7,-100.4,444314,10_40,26.0,256.0,"Monterrey, Santa Catarina, Nuevo León, Mexico"
1576,29.7,106.6,444249,9_16,32.4,102.4,"Huixing, China"
1577,23.2,80.0,444166,10_12,26.0,76.8,"GorakhpurTahsil, Jabalpur, Madhya Pradesh, India"
1578,23.1,72.7,443926,10_11,26.0,70.4,"Chiloda, India"
1579,27.6,120.5,443832,9_18,32.4,115.2,"Kunyang, Zhejiang, China"
1580,35.8,140.0,443442,8_21,38.8,134.4,"Kamagaya, Matsudo, Japan"
1581,-21.2,-47.8,443079,17_48,-18.8,307.2,"Santa Cruz, Ribeirão Preto, São Paulo, Brazil"
1582,38.5,106.2,442928,8_16,38.8,102.4,"Shanghaixilu Subdistrict, Yinchuan, Ningxia, China"
1583,39.9,32.8,442822,7_5,45.2,32.0,"Çukurambar Mahallesi, Ankara, Turkey"
1584,24.8,93.9,442712,10_14,26.0,89.6,"Imphal, Manipur, India"
1585,21.0,-89.6,442671,10_42,26.0,268.8,"Mérida, Yucatán, Mexico"
1586,18.1,-15.9,441138,11_53,19.6,339.2,"Dar Naim, Nouakchott, Mauritania"
1587,-5.8,-35.2,440993,14_50,0.4,320.0,"Natal, Brazil"
1588,34.6,105.7,440848,8_16,38.8,102.4,"Tianshui, Gansu, China"
1589,25.1,82.6,440540,10_12,26.0,76.8,"Mirzāpur, Uttar Pradesh, India"
1590,-34.8,-58.2,440420,19_47,-31.6,300.8,"Berazategui, Argentina"
1591,34.0,72.9,440281,8_11,38.8,70.4,"Haripur, Pakistan"
1592,-0.1,34.8,440196,14_5,0.4,32.0,"Kisumu, Kenya"
1593,23.2,116.5,440129,10_18,26.0,115.2,"Chengtian, Haimen, China"
1594,6.0,116.1,439384,13_18,6.8,115.2,"Kota Kinabalu, Malaysia"
1595,-16.8,-49.3,439134,16_48,-12.4,307.2,"Aparecida de Goiânia, Brazil"
1596,51.6,-0.3,438710,6_56,51.6,358.4,"Brent, United Kingdom"
1597,42.4,-71.1,438295,7_45,45.2,288.0,"Boston, United States"
1598,50.0,36.3,438186,6_5,51.6,32.0,"Saltivskyi district, Kharkiv, Ukraine"
1599,21.1,-101.6,438110,10_40,26.0,256.0,"Medina, León de los Aldama, Mexico"
1600,18.7,78.1,438055,11_12,19.6,76.8,"Nizāmābād, Telangana, India"
1601,36.4,59.4,438020,8_9,38.8,57.6,"Chah Khase, Ţorqabeh, Razavi Khorasan, Iran"
1602,10.6,-71.6,437886,12_45,13.2,288.0,"Parroquia Cristo de Aranza, Maracaibo, Venezuela"
1603,21.1,105.8,437651,10_16,26.0,102.4,"Hải Bối, Bắc Từ Liêm, Hanoi, Vietnam"
1604,24.7,46.6,437318,10_7,26.0,44.8,"Irqah District, ‘Irqah, Riyadh Region, Saudi Arabia"
1605,22.1,82.2,436979,10_12,26.0,76.8,"Bilaspur Tahsil, Bilāspur, Chhattisgarh, India"
1606,11.2,-74.1,436900,12_44,13.2,281.6,"Santa Marta, Colombia"
1607,11.2,-74.2,436900,12_44,13.2,281.6,"Localidad 1 Cultural Tayrona - San Pedro Alejandrino, Santa Marta, Colombia"
1608,23.7,114.7,436672,10_17,26.0,108.8,"Heyuan, China"
1609,32.0,74.2,436538,9_11,32.4,70.4,"Mari Thakran, Kamoke, Punjab, Pakistan"
1610,-34.6,-58.7,436360,19_47,-31.6,300.8,"Villa Udaondo, Merlo, Buenos Aires, Argentina"
1611,11.5,26.1,436229,12_4,13.2,25.6,"El Daein, Sudan"
1612,-23.5,-47.5,435934,17_48,-18.8,307.2,"Jardim Vale do Sereno, Sorocaba, São Paulo, Brazil"
1613,39.8,116.5,435933,7_18,45.2,115.2,"Yinghai, China"
1614,31.5,74.2,435566,9_11,32.4,70.4,"Shahpur Kanjra, Sharqpur Sharif, Punjab, Pakistan"
1615,33.6,114.6,435554,8_17,38.8,108.8,"Chengnan Subdistrict, Zhoukou, Henan, China"
1616,39.8,30.5,435545,7_4,45.2,25.6,"Eskişehir, Turkey"
1617,30.7,31.8,435463,9_4,32.4,25.6,"Kafr Jabbarah, Fāqūs, Sharqia, Egypt"
1618,11.1,77.4,435284,12_12,13.2,76.8,"Nallur, Tiruppur, Tamil Nadu, India"
1619,25.6,88.1,435230,10_13,26.0,83.2,"Rāiganj, West Bengal, India"
1620,34.3,118.0,435117,8_18,38.8,115.2,"Pizhou, Jiangsu, China"
1621,19.5,-70.7,435112,11_45,19.6,288.0,"Ensanche Duarte, Santiago de los Caballeros, Santiago Province, Dominican Republic"
1622,-10.7,25.5,434886,15_3,-6.0,19.2,"Kolwezi, Democratic Republic of the Congo"
1623,43.7,-79.3,434808,7_43,45.2,275.2,"Banbury-Don Mills, Canada"
1624,51.6,-0.2,434779,6_56,51.6,358.4,"Church End, Archway, England, United Kingdom"
1625,40.1,113.3,434533,7_17,45.2,108.8,"Datong, Shanxi, China"
1626,32.5,45.8,434394,8_7,38.8,44.8,"Al-Kut, Iraq"
1627,-2.5,-44.2,434376,14_49,0.4,313.6,"Paço do Lumiar, São Luís, Brazil"
1628,34.7,112.8,434126,8_17,38.8,108.8,"Yanshi, Henan, China"
1629,30.1,120.5,433977,9_18,32.4,115.2,"Qixian, China"
1630,-23.2,-45.9,433731,17_49,-18.8,313.6,"São José dos Campos, Brazil"
1631,23.0,114.7,433521,10_17,26.0,108.8,"Pingshan, Guangdong, China"
1632,31.3,72.3,433482,9_11,32.4,70.4,"Jhang Sadr, Pakistan"
1633,26.8,82.2,433400,9_12,32.4,76.8,"Tulsi Nagar, Fyzābād, Uttar Pradesh, India"
1634,26.6,87.3,433358,9_13,32.4,83.2,"Banarjhula, Īṭahari̇̄, Koshi, Nepal"
1635,38.7,-9.2,433334,8_54,38.8,345.6,"Almada, Portugal"
1636,41.8,-87.7,433290,7_42,45.2,268.8,"Gage Park, Cicero, Illinois, United States"
1637,5.3,-3.9,433121,13_55,6.8,352.0,"Koumassi, Ivory Coast"
1638,4.9,33.5,433052,13_5,6.8,32.0,"Riwoto, Kapoeta, Eastern Equatoria, South Sudan"
1639,33.7,73.0,433036,8_11,38.8,70.4,"F-10, Islamabad, Pakistan"
1640,15.8,78.0,432867,11_12,19.6,76.8,"Kurnool, India"
1641,-6.8,-79.8,432785,15_43,-6.0,275.2,"Collud, Chiclayo, Lambayeque, Peru"
1642,29.3,106.3,432781,9_16,32.4,102.4,"Jijiang, Chongqing, China"
1643,25.6,84.7,432652,10_13,26.0,83.2,"Arrah, Bihar, India"
1644,36.7,3.0,432625,8_0,38.8,0.0,"Birkhadem, Algiers, Algeria"
1645,18.5,-72.4,432451,11_44,19.6,281.6,"Carrefour, Haiti"
1646,11.0,75.9,432429,12_11,13.2,70.4,"Velliyamburam, Tirūrangādi, Kerala, India"
1647,23.1,113.9,432272,10_17,26.0,108.8,"Shilong, China"
1648,33.9,-6.9,432254,8_55,38.8,352.0,"Temara, Morocco"
1649,40.2,116.2,432223,7_18,45.2,115.2,"Changping, Beijing, China"
1650,17.3,76.8,432197,11_12,19.6,76.8,"Kalaburagi, Karnataka, India"
1651,10.6,14.3,432160,12_2,13.2,12.8,"Maroua, Cameroon"
1652,34.8,72.3,431960,8_11,38.8,70.4,"Kabal, Mingora, Khyber Pakhtunkhwa, Pakistan"
1653,9.1,6.0,431638,12_0,13.2,0.0,"Bida, Nigeria"
1654,27.6,30.8,431513,9_4,32.4,25.6,"Naj al Shaykh Hasan Abu Sabir, Dayrūţ, Asyut, Egypt"
1655,33.0,70.6,431500,8_11,38.8,70.4,"Bannu Tehsil, Bannu, Khyber Pakhtunkhwa, Pakistan"
1656,27.7,112.0,431499,9_17,32.4,108.8,"Loudi, Hunan, China"
1657,36.0,120.1,431132,8_18,38.8,115.2,"Changjianglu Jiedao, China"
1658,6.1,7.0,430786,13_1,6.8,6.4,"Agulu, Nigeria"
1659,-7.4,112.6,430740,15_17,-6.0,108.8,"Watugolong, Krian, East Java, Indonesia"
1660,35.5,106.7,430357,8_16,38.8,102.4,"Pingliang, China"
1661,23.9,89.1,430326,10_13,26.0,83.2,"Barkhada, Kushtia, Khulna Division, Bangladesh"
1662,50.4,30.6,430165,6_4,51.6,25.6,"Pozniaky, Ukraine"
1663,7.6,6.2,429832,12_0,13.2,0.0,"Obangede, Okene, Kogi State, Nigeria"
1664,6.0,7.0,429649,13_1,6.8,6.4,"Igbo-Ukwu, Nigeria"
1665,7.6,5.2,429627,12_0,13.2,0.0,"ekiti state government territory, Ado-Ekiti, Ekiti State, Nigeria"
1666,46.6,30.7,429581,6_4,51.6,25.6,"Luzanivka, Ukraine"
1667,46.5,30.7,429581,6_4,51.6,25.6,"Odesa, Ukraine"
1668,26.3,82.1,428985,9_12,32.4,76.8,"Sultānpur, Uttar Pradesh, India"
1669,27.2,77.5,428921,9_12,32.4,76.8,"Bharatpur, India"
1670,-26.4,28.2,428832,18_4,-25.2,25.6,"Ekurhuleni Ward 62, Tokoza, Gauteng, South Africa"
1671,-3.7,-38.5,428742,14_50,0.4,320.0,"Fortaleza, Brazil"
1672,35.1,49.0,428721,8_7,38.8,44.8,"Fāmenīn, Iran"
1673,27.1,78.0,428673,9_12,32.4,76.8,"Agra, Uttar Pradesh, India"
1674,29.6,52.5,428569,9_8,32.4,51.2,"Derki, Shiraz, Fars, Iran"
1675,-7.4,108.2,428364,15_16,-6.0,102.4,"Kawalu, Indonesia"
1676,9.9,8.9,428283,12_1,13.2,6.4,"Jos, Nigeria"
1677,25.4,86.5,427940,10_13,26.0,83.2,"Munger, Bihar, India"
1678,9.1,7.4,427893,12_1,13.2,6.4,"Gwarinpa, Abuja, FCT, Nigeria"
1679,9.1,-79.5,427541,12_43,13.2,275.2,"San Miguelito, Panama"
1680,20.9,110.1,427540,10_17,26.0,108.8,"Baisha, Guangdong, China"
1681,25.4,97.4,426948,10_15,26.0,96.0,"Myitkyina, Myanmar"
1682,23.1,-82.3,426850,10_43,26.0,275.2,"Diez de Octubre, Havana, Cuba"
1683,13.6,2.1,426836,11_0,19.6,0.0,"Bangou-Tondibia, Niamey, Niger"
1684,32.7,51.6,426678,8_8,38.8,51.2,"Khomeynī Shahr, Isfahan, Iran"
1685,20.0,-75.8,426665,10_44,26.0,281.6,Santiago de Cuba
1686,7.1,4.8,426658,12_0,13.2,0.0,"Ondo West, Ondo, Ondo State, Nigeria"
1687,21.7,73.0,426587,10_11,26.0,70.4,"Bharūch, India"
1688,28.6,112.3,426569,9_17,32.4,108.8,"Yangjiawan, Heshan, Hunan, China"
1689,25.6,-103.5,426404,10_40,26.0,256.0,"Gómez Palacio, Durango, Mexico"
1690,25.7,86.2,425981,10_13,26.0,83.2,"Bakhri, Bihar, India"
1691,38.9,-77.0,425961,7_44,45.2,281.6,"Near Northeast, Washington, District of Columbia, United States"
1692,26.5,80.4,425744,9_12,32.4,76.8,"Magarwara, Kanpur, Uttar Pradesh, India"
1693,0.0,109.3,425677,14_17,0.4,108.8,"Pontianak, Indonesia"
1694,36.9,43.0,425638,8_6,38.8,38.4,"garmava safid agha, Dihok, Duhok, Iraq"
1695,36.8,10.2,425619,8_1,38.8,6.4,"Montplaisir, Tunis, Tunis Governorate, Tunisia"
1696,24.5,86.7,425109,10_13,26.0,83.2,"Deoghar, India"
1697,27.0,75.7,424895,9_11,32.4,70.4,"Ākera, Rajasthan, India"
1698,26.1,83.2,424881,9_13,32.4,83.2,"Azamgarh, Uttar Pradesh, India"
1699,41.1,121.2,424797,7_18,45.2,115.2,"Jinzhou, Liaoning, China (N)"
1700,36.2,44.1,424328,8_6,38.8,38.4,"Khasnahzān, Erbil, Iraq"
1701,23.2,90.7,424270,10_14,26.0,89.6,"Sobhanpur, Chāndpur, Chittagong, Bangladesh"
1702,59.3,18.1,424103,4_2,64.4,12.8,"Hammarbyhöjden, Stockholm, Sweden"
1703,34.2,72.1,424029,8_11,38.8,70.4,"Mardan Tehsil, Mardan, Khyber Pakhtunkhwa, Pakistan"
1704,-25.4,-49.3,423916,18_48,-25.2,307.2,"Vista Alegre, Curitiba, Paraná, Brazil"
1705,45.8,130.9,423852,6_20,51.6,128.0,"Xinxing, Qitaihe, China"
1706,10.6,-71.7,423828,12_45,13.2,288.0,"San Francisco, Maracaibo, Venezuela"
1707,37.4,127.0,423622,8_19,38.8,121.6,"Cheonggye-dong, Anyang-si, Gyeonggi-do, South Korea"
1708,30.2,121.3,423043,9_18,32.4,115.2,"Xiaolin, Cixi, Zhejiang, China"
1709,26.0,119.3,423007,10_18,26.0,115.2,"Hongxing Farm, Fuzhou, Fujian, China"
1710,26.8,31.5,422844,9_4,32.4,25.6,"Arab Bikhwag, Ţahţā, Sohag, Egypt"
1711,24.4,90.8,422813,10_14,26.0,89.6,"Kishoreganj Sadar, Kishorganj, Dhaka Division, Bangladesh"
1712,5.6,7.3,422735,13_1,6.8,6.4,"Ahiazu-Mbaise, Isinweke, Imo State, Nigeria"
1713,25.0,102.8,422521,10_16,26.0,102.4,"Ala, Kunming, China"
1714,53.2,50.2,422227,5_7,58.0,44.8,"Sovetskiy rayon, Samara, Samara Oblast, Russia"
1715,-16.7,-49.2,422193,16_48,-12.4,307.2,"Parque Cidade, Goiânia, Goiás, Brazil"
1716,51.5,-0.4,422179,6_56,51.6,358.4,"Hayes, United Kingdom"
1717,21.5,-104.9,422054,10_39,26.0,249.6,"Tepic, Mexico"
1718,10.5,-67.0,421977,12_45,13.2,288.0,"Caricuao, Maiquetía, Venezuela"
1719,29.9,77.9,421960,9_12,32.4,76.8,"Roorkee, Uttarakhand, India"
1720,24.1,32.9,421927,10_5,26.0,32.0,"Aswān, Egypt"
1721,19.2,-96.2,421692,11_41,19.6,262.4,"Veracruz, Mexico"
1722,-9.5,-35.7,421352,15_50,-6.0,320.0,"Satuba, Brazil"
1723,-7.4,109.2,421293,15_17,-6.0,108.8,"Pasir Lor, Purwokerto, Central Java, Indonesia"
1724,29.4,113.1,421201,9_17,32.4,108.8,"Yueyang, Hunan, China"
1725,34.3,73.2,421116,8_11,38.8,70.4,"Dangari, Mansehra, Khyber Pakhtunkhwa, Pakistan"
1726,30.0,77.6,420960,9_12,32.4,76.8,"Saharanpur, Sahāranpur, Uttar Pradesh, India (E)"
1727,-7.4,109.3,420951,15_17,-6.0,108.8,"Sambeng Kulon, Purwokerto, Central Java, Indonesia"
1728,41.5,2.2,420665,7_0,45.2,0.0,"Nou Barris, Spain"
1729,6.2,1.3,420661,13_0,6.8,0.0,"Baguida, Lomé, Maritime, Togo"
1730,-20.8,-49.4,420543,17_48,-18.8,307.2,"São José do Rio Preto, Brazil"
1731,25.9,115.0,420531,10_17,26.0,108.8,"Maodian, Ganzhou, China"
1732,52.4,4.9,420386,5_0,58.0,0.0,"Noord, Amsterdam, North Holland, The Netherlands"
1733,14.7,77.6,420149,11_12,19.6,76.8,"Anantapur, India"
1734,40.7,-74.2,419892,7_44,45.2,281.6,"Newark, United States"
1735,41.2,-8.6,419707,7_54,45.2,345.6,"Águas Santas, Rio Tinto, Porto, Portugal"
1736,-7.8,112.0,419687,15_17,-6.0,108.8,"Mojoroto, Kediri, East Java, Indonesia"
1737,-15.1,39.2,419518,16_6,-12.4,38.4,"Nampula, Mozambique (W)"
1738,10.3,9.8,419387,12_1,13.2,6.4,"Gwalgafuran, Bauchi, Nigeria"
1739,22.6,120.4,419359,10_18,26.0,115.2,"Fengshan, Kaohsiung, Taiwan"
1740,38.7,35.5,419184,8_5,38.8,32.0,"Erenköy Mahallesi, Kayseri, Turkey"
1741,14.2,121.1,418733,11_18,19.6,115.2,"Sirang Lupa, Calamba, Philippines"
1742,19.3,76.8,418552,11_12,19.6,76.8,"Parbhani, India"
1743,28.0,79.1,418190,9_12,32.4,76.8,"Budaun, India"
1744,40.7,122.2,418038,7_19,45.2,121.6,"Rongbin, Yingkou, Liaoning, China"
1745,4.4,-75.2,417961,13_44,6.8,281.6,"Ibagué, Colombia"
1746,15.4,75.0,417847,11_11,19.6,70.4,"Yarikoppa, Hubballi, Karnataka, India"
1747,11.0,76.9,417634,12_12,13.2,76.8,"Vedapatti, Coimbatore, Tamil Nadu, India"
1748,29.0,111.7,417201,9_17,32.4,108.8,"Changde, Hunan, China"
1749,24.1,120.6,417080,10_18,26.0,115.2,"Chang-hua, Taichung, Taiwan"
1750,53.6,10.0,416993,5_1,58.0,6.4,"Winterhude, Hamburg-Nord, Hamburg, Germany"
1751,15.1,120.6,416558,11_18,19.6,115.2,"Calibutbut, Angeles City, Central Luzon, Philippines"
1752,25.9,83.6,416526,10_13,26.0,83.2,"Mau, Uttar Pradesh, India"
1753,41.9,-87.8,416339,7_42,45.2,268.8,"Oak Park, Cicero, Illinois, United States"
1754,31.4,120.6,416211,9_18,32.4,115.2,"Yuanhe, Suzhou, China"
1755,26.1,91.8,415935,9_14,32.4,89.6,"Dispur, Guwahati, India"
1756,31.3,45.3,415513,9_7,32.4,44.8,"As Samawah, Iraq"
1757,38.5,27.1,415495,8_4,38.8,25.6,"Çiğli, Turkey"
1758,33.9,-5.5,414919,8_55,38.8,352.0,"Pachalik de Meknes, Meknes, Fes-Meknes, Morocco"
1759,40.0,113.3,414872,7_17,45.2,108.8,"Xihanling, Datong, China"
1760,52.1,4.3,414480,5_0,58.0,0.0,"Scheveningen, The Hague, South Holland, The Netherlands"
1761,-9.4,-40.5,414148,15_49,-6.0,313.6,"Petrolina, Brazil"
1762,-7.0,107.7,413935,15_16,-6.0,102.4,"Sumbersari, Cileunyi, West Java, Indonesia"
1763,11.7,11.1,413931,12_1,13.2,6.4,"Potiskum, Nigeria"
1764,22.6,114.2,413623,10_17,26.0,108.8,"Sha Tau Kok, Luohu District, Hong Kong"
1765,44.8,20.4,413532,7_3,45.2,19.2,"Sava Quay, Belgrade, Central Serbia"
1766,37.0,35.3,413430,8_5,38.8,32.0,"Adana, Turkey"
1767,36.2,120.4,413333,8_18,38.8,115.2,"Kutao, China"
1768,9.6,44.0,413311,12_6,13.2,38.4,"Aflow, Hargeysa, Woqooyi Galbeed, Somalia"
1769,26.9,81.2,413293,9_12,32.4,76.8,"Nawabganj, Nawābganj, Uttar Pradesh, India"
1770,29.3,120.2,413289,9_18,32.4,115.2,"Dongyang, China"
1771,27.6,76.6,413138,9_11,32.4,70.4,"Alwar, Rajasthan, India"
1772,29.7,-95.5,413101,9_41,32.4,262.4,"Bellaire, Alief, United States"
1773,-22.7,-43.3,413028,17_49,-18.8,313.6,"Vila Sarapui, Duque de Caxias, Brazil"
1774,30.3,78.1,412678,9_12,32.4,76.8,"Rāipur, Dehradun, Uttarakhand, India"
1775,35.7,139.3,412307,8_21,38.8,134.4,"Hachiōji, Japan"
1776,26.8,81.0,412227,9_12,32.4,76.8,"Yusufnagar, Lucknow, Uttar Pradesh, India"
1777,52.5,-1.9,412105,5_55,58.0,352.0,"Lozells, Birmingham, England, United Kingdom"
1778,22.8,115.4,411999,10_18,26.0,115.2,"Shanwei, China"
1779,26.2,91.7,411784,9_14,32.4,89.6,"North Guwahati (Pt), Guwahati, Assam, India"
1780,29.6,103.5,411511,9_16,32.4,102.4,"Suishan, China"
1781,-15.4,28.4,411003,16_4,-12.4,25.6,"Madido, Zambia"
1782,35.3,51.7,410993,8_8,38.8,51.2,"Varāmīn, Iran"
1783,30.3,76.4,410947,9_11,32.4,70.4,"Patiāla, Punjab, India"
1784,23.9,90.2,410757,10_14,26.0,89.6,"Joypura, Savar, Dhaka Division, Bangladesh"
1785,31.2,121.1,410747,9_18,32.4,115.2,"Qingpu, Shanghai, China"
1786,26.6,78.8,410731,9_12,32.4,76.8,"Bhind, India"
1787,34.4,132.5,410336,8_20,38.8,128.0,"Higashi Ward, Hiroshima, Japan"
1788,-17.9,36.9,410270,16_5,-12.4,32.0,"Quelimane, Zambezia Province, Mozambique"
1789,26.2,73.0,410270,9_11,32.4,70.4,"Basni, Jodhpur, Rajasthan, India"
1790,28.7,-106.1,410261,9_39,32.4,249.6,"Colonia Francisco Villa, Chihuahua, Mexico"
1791,14.5,121.2,410113,11_18,19.6,115.2,"Binangonan, Philippines"
1792,25.3,55.5,409873,10_8,26.0,51.2,"Al Khawaneej 1, Sharjah, United Arab Emirates"
1793,37.2,42.7,409632,8_6,38.8,38.4,"Barzir, Zaxo, Duhok, Iraq"
1794,25.4,55.5,409581,10_8,26.0,51.2,"Ajman, United Arab Emirates"
1795,24.9,89.4,409477,10_13,26.0,83.2,"Bogra, Rajshahi Division, Bangladesh"
1796,23.5,116.7,409139,10_18,26.0,115.2,"Anbu, China"
1797,20.0,73.7,409119,10_11,26.0,70.4,"Vilholi, Nashik, India"
1798,24.2,120.6,409084,10_18,26.0,115.2,"Buzi, Taichung, Taiwan"
1799,22.8,113.3,409054,10_17,26.0,108.8,"Daliang, Guangdong, China"
1800,16.8,74.6,408927,11_11,19.6,70.4,"Udagaon, Sāngli, Maharashtra, India"
1801,31.2,120.7,408857,9_18,32.4,115.2,"Songling, China"
1802,22.4,114.3,408536,10_17,26.0,108.8,"Ma On Shan, Hong Kong"
1803,34.2,-118.4,408340,8_37,38.8,236.8,"North Hollywood Northeast Neighborhood Council District, Van Nuys, California, United States"
1804,33.2,44.4,408297,8_6,38.8,38.4,"Abu dsheer, Baghdad, Iraq"
1805,55.8,49.1,408202,5_7,58.0,44.8,"Kazan, Tatarstan Republic, Russia"
1806,22.5,88.2,407970,10_13,26.0,83.2,"Maheshtala, India"
1807,-6.3,107.2,407930,15_16,-6.0,102.4,"Jati, Cikarang, West Java, Indonesia"
1808,31.7,74.3,407742,9_11,32.4,70.4,"Muridke, Punjab, Pakistan"
1809,16.7,81.1,407445,11_12,19.6,76.8,"Eluru, India"
1810,30.7,31.6,407415,9_4,32.4,25.6,"Hihya, Abū Kabīr, Sharqia, Egypt"
1811,-5.4,27.0,407406,14_4,0.4,25.6,"Kongolo, Democratic Republic of the Congo"
1812,22.4,87.9,406979,10_13,26.0,83.2,"Kharui, Tamlūk, West Bengal, India"
1813,5.7,-0.0,406700,13_0,6.8,0.0,"Tulaku, Ashaiman, Greater Accra, Ghana"
1814,27.7,68.8,406653,9_10,32.4,64.0,"Saidabad, Sukkur, Sindh, Pakistan"
1815,10.7,123.0,406648,12_19,13.2,121.6,"Bacolod City, Philippines"
1816,9.1,38.8,406624,12_6,13.2,38.4,"Shufune, Addis Ababa, Ethiopia"
1817,30.0,32.5,406421,9_5,32.4,32.0,"Suez, Egypt"
1818,6.2,6.9,406353,13_1,6.8,6.4,"Ogidi, Nkpor, Nigeria"
1819,40.5,-3.6,405891,7_55,45.2,352.0,"Hortaleza, Spain"
1820,11.0,79.4,405799,12_12,13.2,76.8,"Kumbakonam, India"
1821,28.8,77.2,405652,9_12,32.4,76.8,"Bhālswa Jahangirpur, India"
1822,26.5,78.0,405536,9_12,32.4,76.8,"Morena, India"
1823,-29.8,31.0,405480,18_4,-25.2,25.6,"eThekwini Ward 34, Durban, KwaZulu-Natal, South Africa"
1824,24.8,89.4,405441,10_13,26.0,83.2,"Madla, Bogra, Rajshahi Division, Bangladesh"
1825,31.6,120.8,405423,9_18,32.4,115.2,"Changshu, Jiangsu, China"
1826,14.5,75.9,405217,11_11,19.6,70.4,"Davangere, Karnataka, India"
1827,23.6,72.4,405183,10_11,26.0,70.4,"Mahesāna, India"
1828,35.1,118.3,405087,8_18,38.8,115.2,"Linyi, Shandong, China"
1829,50.1,14.4,405081,6_2,51.6,12.8,"Prague, Czechia"
1830,23.2,116.4,405011,10_18,26.0,115.2,"Lugang, China"
1831,25.5,69.0,405000,10_10,26.0,64.0,"Mirpur Khas, Pakistan"
1832,30.9,120.1,404793,9_18,32.4,115.2,"Huzhou, China"
1833,26.4,50.0,404641,9_7,32.4,44.8,"Sayhāt, Dammam, Saudi Arabia"
1834,5.9,5.7,404636,13_0,6.8,0.0,"Sapele, Nigeria"
1835,-8.9,33.5,404437,15_5,-6.0,32.0,"Mbeya, Tanzania"
1836,13.6,79.4,404311,11_12,19.6,76.8,"Tirupati, India"
1837,48.8,9.2,404143,6_1,51.6,6.4,"Stuttgart, Germany"
1838,8.5,4.5,404074,12_0,13.2,0.0,"Oja Tutun, Oko Erin, Nigeria, Ilorin, Kwara State, Nigeria"
1839,41.1,121.1,403976,7_18,45.2,115.2,"Jinzhou, Liaoning, China (41.1, 121.1)"
1840,27.6,80.7,403736,9_12,32.4,76.8,"Sītāpur, India"
1841,26.7,88.4,403567,9_13,32.4,83.2,"Siliguri, India"
1842,43.8,-79.3,403556,7_43,45.2,275.2,"Woburn, Canada"
1843,37.7,127.0,403374,8_19,38.8,121.6,"Gyohyeon-ri, Uijeongbu-si, Gyeonggi-do, South Korea"
1844,25.0,90.0,403280,10_14,26.0,89.6,"Lakshmanpur, Sherpur, Mymensingh Division, Bangladesh"
1845,17.3,78.6,403192,11_12,19.6,76.8,"Injapur, Lal Bahadur Nagar, Telangana, India"
1846,40.7,-73.7,403080,7_44,45.2,281.6,"Queens Village, United States"
1847,28.5,77.0,403008,9_12,32.4,76.8,"Sector 106, Gurugram, Haryana, India"
1848,1.9,9.8,402968,13_1,6.8,6.4,"Utonde, Bata, Litoral, Equatorial Guinea"
1849,23.3,85.3,402886,10_13,26.0,83.2,"Bhatitoli, Ranchi, Jharkhand, India"
1850,25.7,82.7,402793,10_12,26.0,76.8,"Zafrabad, Jaunpur, Uttar Pradesh, India"
1851,3.7,98.7,402654,13_15,6.8,96.0,"Belawan, Indonesia"
1852,31.4,121.5,402586,9_18,32.4,115.2,"Youyilu, Baoshan, Shanghai, China"
1853,32.5,44.4,402574,8_6,38.8,38.4,"Al Hillah, Babil, Iraq"
1854,18.7,73.8,402372,11_11,19.6,70.4,"Dehu Road, Pimpri-Chinchwad, India"
1855,22.9,113.7,402343,10_17,26.0,108.8,"Houjie, Humen, China"
1856,23.2,77.5,402269,10_12,26.0,76.8,"Kolar, Bhopal, India"
1857,-27.5,-58.8,402118,18_47,-25.2,300.8,"Corrientes, Argentina"
1858,24.3,116.1,401849,10_18,26.0,115.2,"Meizhou, China"
1859,41.9,12.4,401683,7_1,45.2,6.4,"Prati, Italy"
1860,34.3,-6.6,401519,8_55,38.8,352.0,"Kenitra, Morocco"
1861,34.7,3.3,401515,8_0,38.8,0.0,"Djelfa District, Djelfa, Algeria"
1862,-7.1,110.4,401295,15_17,-6.0,108.8,"RW 01, Ungaran, Central Java, Indonesia"
1863,34.6,50.9,401123,8_7,38.8,44.8,"Jamkaran, Qom, Qom Province, Iran"
1864,-23.5,-46.3,401001,17_49,-18.8,313.6,"Cidade Boa Vista, Itaquaquecetuba, São Paulo, Brazil"
1865,30.2,121.2,400740,9_18,32.4,115.2,"Cixi, Zhejiang, China"
1866,3.6,98.5,400658,13_15,6.8,96.0,"Binjai, Indonesia"
1867,30.5,-9.6,400576,9_54,32.4,345.6,"Aourir, Agadir, Morocco"
1868,30.4,-9.6,400576,9_54,32.4,345.6,"Agadir, Morocco"
1869,8.3,77.2,400524,12_12,13.2,76.8,"Ezhudesam, India"
1870,50.8,4.4,400481,6_0,51.6,0.0,"Watermael - Watermaal, Brussels, Brussels Capital, Belgium"
1871,-6.2,107.1,400376,15_16,-6.0,102.4,"Sarimukti, Cikarang, West Java, Indonesia"
1872,20.8,106.7,400280,10_16,26.0,102.4,"Anh Dũng, Haiphong, Hai Phong, Vietnam"
1873,37.6,127.2,400211,8_19,38.8,121.6,"Sampae-dong, Hanam, Gyeonggi-do, South Korea"
1874,23.7,90.3,400105,10_14,26.0,89.6,"Dukuria, Dhaka, Bangladesh"
1875,20.9,77.8,400072,10_12,26.0,76.8,"Amravati, Maharashtra, India"
1876,31.3,34.3,399697,9_5,32.4,32.0,"Khān Yūnis, Palestinian Territory"
1877,30.7,31.7,399302,9_4,32.4,25.6,"Khalil Barakat, Abū Kabīr, Sharqia, Egypt"
1878,3.0,101.5,399158,13_15,6.8,96.0,"Section 32, Klang, Selangor, Malaysia"
1879,36.9,34.6,399138,8_5,38.8,32.0,"Camili, İğdir, Mersin, Turkey"
1880,36.8,34.6,399138,8_5,38.8,32.0,"Mersin, Turkey"
1881,18.3,42.7,398892,11_6,19.6,38.4,"Khamis Mushait, 'Asir Region, Saudi Arabia"
1882,43.7,-79.5,398881,7_43,45.2,275.2,"Dovercourt-Wallace Emerson-Junction, Canada"
1883,34.2,113.8,398827,8_17,38.8,108.8,"Changge, Henan, China"
1884,4.8,33.6,398383,13_5,6.8,32.0,"Kapoeta South, Kapoeta, Eastern Equatoria, South Sudan"
1885,-6.7,107.0,398264,15_16,-6.0,102.4,"Ciloto, Caringin, West Java, Indonesia"
1886,25.8,84.7,398153,10_13,26.0,83.2,"Chapra, Chāpra, Bihar, India"
1887,24.2,86.3,398008,10_13,26.0,83.2,"Giridih, India"
1888,49.3,-123.1,397775,6_37,51.6,236.8,"East Hastings, Canada"
1889,36.6,109.5,397596,8_17,38.8,108.8,"Yan’an, China"
1890,36.0,103.9,397509,8_16,38.8,102.4,"Majiashan, Lanzhou, Gansu, China"
1891,17.3,96.5,397338,11_15,19.6,96.0,"Bago, Myanmar"
1892,24.1,90.4,396976,10_14,26.0,89.6,"Hotapara, Gazipur, Dhaka Division, Bangladesh"
1893,34.4,115.6,396921,8_18,38.8,115.2,"Shangqiu, Henan, China"
1894,-7.6,112.7,396553,15_17,-6.0,108.8,"Ngerong, Pandaan, East Java, Indonesia"
1895,8.4,-13.2,396524,12_54,13.2,345.6,"Hastings, Freetown, Sierra Leone"
1896,38.5,68.8,396517,8_10,38.8,64.0,"Rudaki District, Dushanbe, Tajikistan"
1897,42.9,129.5,396510,7_20,45.2,128.0,"Yanji, Jilin, China"
1898,25.5,87.6,396468,10_13,26.0,83.2,"Katihar, Bihar, India"
1899,-2.5,28.9,396462,14_4,0.4,25.6,"Karambi, Bukavu, South Kivu, Democratic Republic of the Congo"
1900,7.0,100.5,396440,12_15,13.2,96.0,"Hat Yai, Thailand"
1901,48.1,11.5,396310,6_1,51.6,6.4,"Kreuzhof, Munich, Bavaria, Germany"
1902,24.0,89.2,396212,10_13,26.0,83.2,"Hemayetpur, Pābna, Rajshahi Division, Bangladesh"
1903,22.7,113.9,396189,10_17,26.0,108.8,"Lingxia, China"
1904,7.5,5.2,396150,12_0,13.2,0.0,"Ikere-Ekiti, Nigeria"
1905,16.9,74.6,396023,11_11,19.6,70.4,"Kavalapur, Sāngli, Maharashtra, India"
1906,36.0,103.8,395994,8_16,38.8,102.4,"Shenjialing, Lanzhou, Gansu, China"
1907,12.5,24.3,395937,12_3,13.2,19.2,"Kas, Sudan"
1908,26.1,119.2,395896,9_18,32.4,115.2,"Rong’an, China"
1909,22.6,88.2,395854,10_13,26.0,83.2,"Bankra, India"
1910,17.6,75.9,395808,11_11,19.6,70.4,"Soregaon, Sholapur, Maharashtra, India"
1911,31.4,119.8,395806,9_18,32.4,115.2,"Yixing, Jiangsu, China"
1912,31.4,121.2,395664,9_18,32.4,115.2,"Loutang, Jiading, Shanghai, China"
1913,40.5,72.8,395590,7_11,45.2,70.4,"Osh, Osh Region, Kyrgyzstan"
1914,32.0,120.3,395060,9_18,32.4,115.2,"Jingjiang, Jiangyin, China"
1915,35.2,128.6,394310,8_20,38.8,128.0,"Jeokhyeon-dong, Changwon, Gyeongsangnam-do, South Korea"
1916,43.9,126.5,394014,7_19,45.2,121.6,"Jilin, China"
1917,35.4,139.4,393714,8_21,38.8,134.4,"Chigasaki, Japan"
1918,11.4,77.7,393524,12_12,13.2,76.8,"Lakshmi Nagar, Erode, Tamil Nadu, India"
1919,25.1,117.0,393294,10_18,26.0,115.2,"Longyan, China"
1920,5.9,7.1,393153,13_1,6.8,6.4,"Akokwa, Uga, Anambra, Nigeria"
1921,-5.1,119.4,393086,14_18,0.4,115.2,"Makassar, Indonesia"
1922,11.3,77.7,393037,12_12,13.2,76.8,"Rangampalayam, Erode, Tamil Nadu, India"
1923,-6.4,107.4,392969,15_16,-6.0,102.4,"Tamelang, Cikampek, West Java, Indonesia"
1924,-9.7,20.4,392951,15_3,-6.0,19.2,"Saurimo, Angola"
1925,-7.5,110.2,392394,15_17,-6.0,108.8,"Magelang, Indonesia"
1926,-6.4,107.1,392385,15_16,-6.0,102.4,"Langkap Lancar, Cileungsir, West Java, Indonesia"
1927,40.8,-74.2,392212,7_44,45.2,281.6,"East Orange, United States"
1928,59.3,18.0,392158,4_2,64.4,12.8,"Midsommarkransen, Stockholm, Sweden"
1929,10.0,78.1,392141,12_12,13.2,76.8,"Ānaiyūr, Madurai, India"
1930,-9.5,16.3,392130,15_2,-6.0,12.8,"Malanje - Malange, Malanje, Angola"
1931,23.0,116.3,392118,10_18,26.0,115.2,"Huilai County, Huicheng, Guangdong, China"
1932,18.3,109.5,392086,11_17,19.6,108.8,"Sanya, China"
1933,30.3,31.1,391825,9_4,32.4,25.6,"Qahā, Egypt"
1934,12.2,6.7,391777,12_1,13.2,6.4,"Gusau, Nigeria"
1935,29.1,119.7,391552,9_18,32.4,115.2,"Jinhua, Zhejiang, China (E)"
1936,-1.5,-48.5,391343,14_48,0.4,307.2,"Belém, Brazil"
1937,25.9,82.0,391207,10_12,26.0,76.8,"Bela, Uttar Pradesh, India"
1938,23.8,90.6,391081,10_14,26.0,89.6,"Araihazar, Bhatara, Dhaka Division, Bangladesh"
1939,23.4,91.2,390952,10_14,26.0,89.6,"Unaishar, Comilla, Chittagong, Bangladesh"
1940,51.1,17.0,390599,6_2,51.6,12.8,"Wrocław, Poland"
1941,0.5,101.5,390539,13_15,6.8,96.0,"Sialang Sakti Subdistrict, Pekanbaru, Riau, Indonesia"
1942,4.9,7.1,390522,13_1,6.8,6.4,"Igbo-Ekhe, Rumuodomaya, Rivers State, Nigeria"
1943,34.1,-6.8,390328,8_55,38.8,352.0,"Salé, Morocco"
1944,41.0,71.7,390200,7_11,45.2,70.4,"Sharshara mahalla, Namangan, Uzbekistan"
1945,-3.8,102.3,390129,14_15,0.4,96.0,"Bengkulu, Indonesia"
1946,27.2,77.9,390119,9_12,32.4,76.8,"Dayāl Bāgh, Agra, India"
1947,31.9,35.0,390020,9_5,32.4,32.0,"Modi‘in Makkabbim Re‘ut, Israel"
1948,22.1,82.1,389978,10_12,26.0,76.8,"Takhatpur Tahsil, Bilāspur, Chhattisgarh, India"
1949,3.0,99.1,389917,13_15,6.8,96.0,"Pematangsiantar, Indonesia"
1950,56.5,85.0,389391,5_13,58.0,83.2,"Tomsk, Russia"
1951,0.1,29.3,389388,14_4,0.4,25.6,"Butembo, Democratic Republic of the Congo"
1952,45.5,9.1,389316,6_1,51.6,6.4,"Quarto Oggiaro, Italy"
1953,20.0,110.4,388895,10_17,26.0,108.8,"Lingshan, Haikou, Hainan, China"
1954,6.9,122.1,388643,12_19,13.2,121.6,"Zamboanga, Philippines"
1955,-8.6,116.5,388624,15_18,-6.0,115.2,"Selong, Indonesia"
1956,25.6,88.6,388590,10_13,26.0,83.2,"Dinajpur, Bangladesh"
1957,37.0,37.3,388341,8_5,38.8,32.0,"Şahinbey, Gaziantep, Turkey"
1958,31.7,119.9,388057,9_18,32.4,115.2,"Hutang, Changzhou, China"
1959,52.5,13.5,387681,5_2,58.0,12.8,"Friedrichsfelde, Berlin, State of Berlin, Germany"
1960,19.1,73.0,387484,11_11,19.6,70.4,"Navi Mumbai, Maharashtra, India"
1961,11.3,106.1,387483,12_16,13.2,102.4,"Hòa Thành, Vietnam"
1962,28.8,78.7,387461,9_12,32.4,76.8,"Malipur, Morādābād, Uttar Pradesh, India"
1963,31.7,120.0,387449,9_18,32.4,115.2,"Yaoguan, Changzhou, China"
1964,33.8,-117.9,387359,8_37,38.8,236.8,"Anaheim Resort District, Anaheim, California, United States"
1965,4.9,6.3,387270,13_0,6.8,0.0,"Yenagoa, Nigeria"
1966,50.1,8.7,387047,6_1,51.6,6.4,"Sachsenhausen Süd, Frankfurt am Main, Hesse, Germany"
1967,7.9,4.7,387036,12_0,13.2,0.0,"Ikirun, Nigeria"
1968,28.6,79.8,387030,9_12,32.4,76.8,"Pīlibhīt, India"
1969,25.1,55.2,386680,10_8,26.0,51.2,"Dubai Marina, Dubai, United Arab Emirates"
1970,51.7,39.2,386594,5_6,58.0,38.4,"Severnyj, Voronezh, Voronezh Oblast, Russia"
1971,-6.9,109.6,386586,15_17,-6.0,108.8,"Comal, Pekalongan, Indonesia"
1972,-7.8,110.3,386399,15_17,-6.0,108.8,"Balecatur, Yogyakarta, Indonesia"
1973,-6.8,110.8,386183,15_17,-6.0,108.8,"Tuwang, Kudus, Central Java, Indonesia"
1974,28.4,36.6,386130,9_5,32.4,32.0,"Tabuk, Tabuk Region, Saudi Arabia"
1975,28.3,30.7,386021,9_4,32.4,25.6,"Masaret Samalut, Samālūţ, Minya, Egypt"
1976,32.0,44.4,385693,9_6,32.4,38.4,"Najaf, Iraq (SE)"
1977,4.8,-74.1,385628,13_44,6.8,281.6,"Pueblo Viejo, Chía, Cundinamarca, Colombia"
1978,9.2,7.2,385583,12_1,13.2,6.4,"Suleja, Nigeria"
1979,29.0,77.0,385403,9_12,32.4,76.8,"Sonīpat, India"
1980,25.6,85.5,384872,10_13,26.0,83.2,"Mahnar, Mahnar Bazar, Bihar, India"
1981,10.4,78.0,384631,12_12,13.2,76.8,"Dindigul, India"
1982,24.7,90.4,383912,10_14,26.0,89.6,"Shikarikanda, Mymensingh, Mymensingh Division, Bangladesh"
1983,-20.3,-40.4,383838,17_49,-18.8,313.6,"Cariacica, Brazil"
1984,26.2,104.1,383772,9_16,32.4,102.4,"Xuanwei, China"
1985,34.1,-118.2,383519,8_37,38.8,236.8,"Highland Park, Los Angeles, California, United States"
1986,8.3,-62.7,383455,12_46,13.2,294.4,"Municipio Caroní, Ciudad Guayana, Bolívar, Venezuela"
1987,5.0,8.0,383439,13_1,6.8,6.4,"Idu, Uyo, Nigeria"
1988,37.8,29.1,383402,8_4,38.8,25.6,"Denizli, Turkey"
1989,22.5,70.1,383230,10_10,26.0,64.0,"Jamnagar, Gujarat, India"
1990,-10.2,123.6,383038,15_19,-6.0,121.6,"Kupang, Indonesia"
1991,34.0,-118.4,383016,8_37,38.8,236.8,"Inglewood, United States"
1992,21.1,105.9,383011,10_16,26.0,102.4,"Long Bien, Hanoi, Vietnam"
1993,9.2,12.5,382864,12_1,13.2,6.4,"Yola, Nigeria"
1994,33.9,-118.3,382689,8_37,38.8,236.8,"Los Angeles County, Compton, California, United States"
1995,9.4,-0.8,382674,12_56,13.2,358.4,"Wurishe Kukuo, Tamale, Northern, Ghana"
1996,16.7,74.5,382646,11_11,19.6,70.4,"Ichalkaranji, Maharashtra, India"
1997,37.2,127.0,382577,8_19,38.8,121.6,"Osan, Suwon, South Korea"
1998,22.2,112.3,382526,10_17,26.0,108.8,"Encheng, China"
1999,20.6,74.5,382491,10_11,26.0,70.4,"Malegaon, Maharashtra, India"
2000,33.8,-118.0,382282,8_37,38.8,236.8,"Garden Grove, United States"
2001,34.1,72.5,382038,8_11,38.8,70.4,"Swabi, Pakistan"
2002,25.8,114.9,381979,10_17,26.0,108.8,"Panlong, Ganzhou, Jiangxi, China"
2003,10.8,79.1,381917,12_12,13.2,76.8,"Thanjavur, India"
2004,24.6,80.8,381897,10_12,26.0,76.8,"Satna, Madhya Pradesh, India"
2005,36.6,127.5,381828,8_19,38.8,121.6,"Pyeongchon-dong, Cheongju-si, North Chungcheong, South Korea"
2006,14.0,100.7,381591,11_15,19.6,96.0,"Thanyaburi, Sai Mai, Thailand"
2007,30.9,120.7,381491,9_18,32.4,115.2,"Wangjiangjing, China"
2008,14.7,-90.6,381375,11_42,19.6,268.8,"Ciudad Quetzal, Mixco, Guatemala"
2009,23.4,116.1,381030,10_18,26.0,115.2,"Mianhu, China"
2010,-7.8,113.2,380883,15_17,-6.0,108.8,"Probolinggo, Indonesia"
2011,50.8,4.3,380867,6_0,51.6,0.0,"Drogenbos, Brussels, Brussels Capital, Belgium"
2012,35.6,-5.4,380711,8_55,38.8,352.0,"El Maadil الـمْــعَــادْلْ, Tétouan, Tanger-Tetouan-Al Hoceima, Morocco"
2013,40.8,-73.8,380709,7_44,45.2,281.6,"Queens, The Bronx, New York, United States"
2014,5.0,7.8,380649,13_1,6.8,6.4,"Abak, Nigeria"
2015,31.8,118.8,380506,9_18,32.4,115.2,"Taowu, China"
2016,10.9,106.9,380366,12_16,13.2,102.4,"Vườn Dừa, Biên Hòa, Dong Nai, Vietnam"
2017,37.3,126.9,380232,8_19,38.8,121.6,"Ansan-si, South Korea"
2018,52.4,31.0,380046,5_4,58.0,25.6,"Homyel', Homyel’ Voblasc’, Belarus"
2019,8.0,3.6,379916,12_0,13.2,0.0,"Iseyin, Nigeria"
2020,19.5,-99.3,379817,11_40,19.6,256.0,"Naucalpan de Juárez, Mexico"
2021,34.0,72.0,379760,8_11,38.8,70.4,"Badrashi, Nowshera Kalan, Khyber Pakhtunkhwa, Pakistan"
2022,34.3,47.1,379661,8_7,38.8,44.8,"Kermanshah, Iran"
2023,38.7,39.2,379465,8_6,38.8,38.4,"Elazığ, Turkey"
2024,6.9,7.4,379435,12_1,13.2,6.4,"Nsukka, Enugu State, Nigeria"
2025,31.3,73.4,379364,9_11,32.4,70.4,"Jaranwala, Pakistan"
2026,12.8,79.7,379349,12_12,13.2,76.8,"Kanchipuram, India"
2027,36.3,120.4,378776,8_18,38.8,115.2,"Chengyang, Jimo, China"
2028,-6.3,106.5,378766,15_16,-6.0,102.4,"Kutruk, Curug, Banten, Indonesia"
2029,1.8,9.8,378591,13_1,6.8,6.4,"Bata, Litoral, Equatorial Guinea"
2030,45.8,4.9,378355,6_0,51.6,0.0,"Petit Pont, Lyon, Rhône-Alpes, France"
2031,10.8,76.0,378304,12_11,13.2,70.4,"Triprangod, India"
2032,27.7,30.8,377904,9_4,32.4,25.6,"Singirg, Mallawī, Minya, Egypt"
2033,10.2,-67.5,377672,12_45,13.2,288.0,"Turmero, Venezuela"
2034,26.2,78.1,377590,9_12,32.4,76.8,"Ghatigaon Tahsil, Gwalior, Madhya Pradesh, India"
2035,17.7,74.0,377582,11_11,19.6,70.4,"Satara, India"
2036,19.1,74.7,377342,11_11,19.6,70.4,"Ahilyanagar, India"
2037,-23.7,-46.4,377109,17_49,-18.8,313.6,"Mauá, Brazil"
2038,30.2,120.3,376988,9_18,32.4,115.2,"Xiaoshan, Zhejiang, China (E)"
2039,48.0,37.8,376969,6_5,51.6,32.0,"Iuzivskyi Raion, Donetsk, Ukraine"
2040,29.7,118.3,376807,9_18,32.4,115.2,"Huangshan, China"
2041,30.8,73.4,376757,9_11,32.4,70.4,"Chak 39/3R, Okara, Punjab, Pakistan"
2042,36.2,5.4,376650,8_0,38.8,0.0,"Sétif, Algeria"
2043,34.7,135.2,376581,8_21,38.8,134.4,"Chuo Ward, Kobe, Hyōgo, Japan"
2044,6.2,6.7,376473,13_1,6.8,6.4,"Asaba, Onitsha, Nigeria"
2045,1.2,-77.3,376439,13_44,6.8,281.6,"Pasto, Colombia"
2046,30.4,76.8,376297,9_12,32.4,76.8,"Ambāla, Haryana, India"
2047,25.2,55.3,376150,10_8,26.0,51.2,"Business Bay, United Arab Emirates"
2048,-20.5,-54.6,375904,17_47,-18.8,300.8,"Doutor Albuquerque, Campo Grande, Mato Grosso do Sul, Brazil"
2049,8.5,39.3,375806,12_6,13.2,38.4,"Nazrēt, Oromiya, Ethiopia"
2050,35.8,10.6,375686,8_1,38.8,6.4,"Sousse, Tunisia"
2051,25.8,-80.2,375660,10_43,26.0,275.2,"Miami, United States"
2052,-6.8,107.6,375430,15_16,-6.0,102.4,"DUSUN 2 PAMECELAN SUKADAMI CIPARUYUK, Lembang, West Java, Indonesia"
2053,-2.6,-44.2,375325,14_49,0.4,313.6,"Paço do Lumiar, Brazil"
2054,31.9,120.5,375112,9_18,32.4,115.2,"Zhangjiagang, China"
2055,27.1,82.0,375018,9_12,32.4,76.8,"Gondā City, Uttar Pradesh, India"
2056,43.3,77.0,374801,7_12,45.2,76.8,"Türksib District, Almaty, Kazakhstan"
2057,13.0,8.3,374721,12_1,13.2,6.4,"Daura, Nigeria"
2058,22.8,73.6,374593,10_11,26.0,70.4,"Godhra, India"
2059,13.9,100.4,374472,11_15,19.6,96.0,"Bang Bua Thong, Pak Kret, Thailand"
2060,50.9,4.4,374272,6_0,51.6,0.0,"Neder-Over-Heembeek, Brussels, Brussels Capital, Belgium"
2061,44.0,87.3,374221,7_13,45.2,83.2,"Changji, China"
2062,9.8,8.9,373946,12_1,13.2,6.4,"Bukuru, Nigeria"
2063,-26.3,28.2,373929,18_4,-25.2,25.6,"Germiston, South Africa"
2064,34.2,-118.5,373774,8_37,38.8,236.8,"Lake Balboa Neighborhood Council District, Van Nuys, California, United States"
2065,14.4,33.5,373720,11_5,19.6,32.0,"Wad Medani, Sudan"
2066,35.3,136.8,373682,8_21,38.8,134.4,"Ichinomiya, Japan"
2067,22.2,-101.0,373568,10_40,26.0,256.0,"Fraccionamiento María Cecilia 3a. Sección, San Luis Potosí, Mexico"
2068,30.0,103.0,372999,9_16,32.4,102.4,"Ya'an, China"
2069,-7.8,27.0,372851,15_4,-6.0,25.6,"Mulongo, Haut-Lomami, Democratic Republic of the Congo"
2070,-25.3,-57.6,372741,18_47,-25.2,300.8,"Asunción, Paraguay"
2071,31.3,121.2,372642,9_18,32.4,115.2,"Anting, Jiading, China"
2072,-34.5,-58.8,372537,19_47,-31.6,300.8,"Juan Vucetich, José C. Paz, Buenos Aires, Argentina"
2073,23.1,113.1,372531,10_17,26.0,108.8,"Dali, Foshan, China"
2074,13.9,44.2,372358,11_6,19.6,38.4,"At Turayb, Ibb, Ibb Governorate, Yemen"
2075,35.1,126.9,372117,8_19,38.8,121.6,"Nam-gu, Gwangju, South Korea"
2076,31.7,-106.5,371876,9_39,32.4,249.6,"Anexas, Ciudad Juárez, Chihuahua, Mexico"
2077,7.8,3.9,371729,12_0,13.2,0.0,"Ilora, Oyo, Oyo State, Nigeria"
2078,31.7,73.0,371629,9_11,32.4,70.4,"Chiniot, Pakistan"
2079,31.6,-106.4,371581,9_39,32.4,249.6,"Loma Blanca, Socorro, Mexico"
2080,38.0,114.4,371290,8_17,38.8,108.8,"Qiaoxi, Shijiazhuang, China"
2081,11.2,75.9,371221,12_11,13.2,70.4,"Cheruvannur, India"
2082,24.3,90.4,371127,10_14,26.0,89.6,"Habirbari, Gafargaon, Mymensingh Division, Bangladesh"
2083,37.8,-122.4,370936,8_37,38.8,236.8,"San Francisco, United States"
2084,36.5,2.8,370927,8_0,38.8,0.0,"May 13 district, Blida, Algeria"
2085,36.7,10.2,370873,8_1,38.8,6.4,"El Mourouj, Tunisia"
2086,35.9,139.5,370856,8_21,38.8,134.4,"Kawagoe, Saitama, Japan"
2087,5.0,-1.7,370801,13_55,6.8,352.0,"Sekondi, Ghana"
2088,32.5,44.3,370500,8_6,38.8,38.4,"Qaryat Albu Hamdan, Al Hindīyah, Karbala, Iraq"
2089,22.9,89.5,370442,10_13,26.0,83.2,"Jogipol, Khulna, Khulna Division, Bangladesh"
2090,30.1,71.2,370397,9_11,32.4,70.4,"Muzaffargarh, Pakistan"
2091,16.0,108.2,370243,11_16,19.6,102.4,"Da Nang, Vietnam (S)"
2092,10.0,105.7,369966,12_16,13.2,102.4,"Phong Điền, Cần Thơ, Vietnam"
2093,36.0,139.6,369837,8_21,38.8,134.4,"Ageo, Japan"
2094,30.8,30.8,369832,9_4,32.4,25.6,"Kafr az Zayyāt, Egypt"
2095,31.7,35.2,369602,9_5,32.4,32.0,"Bethlehem, Palestinian Territory"
2096,34.1,-118.1,369568,8_37,38.8,236.8,"Pasadena, California, United States"
2097,25.5,78.6,369542,10_12,26.0,76.8,"Jhānsi, Uttar Pradesh, India"
2098,50.1,14.5,369401,6_2,51.6,12.8,"Žižkov, Czechia"
2099,-17.8,31.0,369282,16_4,-12.4,25.6,"Monavale, Harare, Zimbabwe"
2100,23.4,85.4,369198,10_13,26.0,83.2,"Tāti, Ranchi, India"
2101,-6.6,106.7,368554,15_16,-6.0,102.4,"Ciampea, Bogor, Indonesia"
2102,17.0,82.2,368530,11_12,19.6,76.8,"Kākināda, Andhra Pradesh, India"
2103,15.1,76.9,368084,11_12,19.6,76.8,"Ballari, Karnataka, India"
2104,35.1,112.6,368011,8_17,38.8,108.8,"Jiyuan, China"
2105,40.8,72.3,367971,7_11,45.2,70.4,"Ayshaxonum, Andijon, Andijan Region, Uzbekistan"
2106,51.2,6.8,367888,6_1,51.6,6.4,"Oberbilk, Düsseldorf, North Rhine-Westphalia, Germany"
2107,29.0,79.4,367810,9_12,32.4,76.8,"Rudrapur, India"
2108,23.6,86.2,367655,10_13,26.0,83.2,"Chas, India"
2109,30.6,31.3,367498,9_4,32.4,25.6,"Kafr Shukr, Egypt"
2110,9.0,7.5,367375,12_1,13.2,6.4,"Garki, Abuja, FCT, Nigeria"
2111,39.7,116.3,367370,7_18,45.2,115.2,"Zhoucun, Daxing, Beijing, China"
2112,31.9,35.2,366960,9_5,32.4,32.0,"Ramallah, Palestinian Territory"
2113,10.2,-67.9,366741,12_45,13.2,288.0,"Guacara, Valencia, Venezuela"
2114,25.4,82.6,366634,10_12,26.0,76.8,"Bhadohi, Uttar Pradesh, India"
2115,16.8,75.7,366529,11_11,19.6,70.4,"Vijayapura, India"
2116,19.4,72.9,366467,11_11,19.6,70.4,"Chandrapada, Virār, India"
2117,30.6,119.0,366409,9_18,32.4,115.2,"Zhufeng, China"
2118,33.4,43.3,366243,8_6,38.8,38.4,"Ramadi, Iraq"
2119,21.3,76.2,366127,10_11,26.0,70.4,"Burhānpur, India"
2120,25.9,-80.3,366021,10_43,26.0,275.2,"Miami Lakes, Hialeah, Florida, United States"
2121,30.4,31.0,365953,9_4,32.4,25.6,"Sirs al Layyānah, Egypt"
2122,-33.8,151.0,365876,19_23,-31.6,147.2,"Parramatta, Australia"
2123,8.9,38.7,365843,12_6,13.2,38.4,"Sebeta, Oromiya, Ethiopia"
2124,21.8,72.1,365779,10_11,26.0,70.4,"Bhavnagar, Gujarat, India"
2125,36.4,6.6,365768,8_1,38.8,6.4,"Hai Ebchir, Constantine, Algeria"
2126,29.7,120.2,365680,9_18,32.4,115.2,"Zhuji, China"
2127,55.7,12.6,365669,5_1,58.0,6.4,"Frederiksstaden, Copenhagen, Denmark"
2128,22.7,72.9,365580,10_11,26.0,70.4,"Nadiād, Gujarat, India"
2129,30.6,113.8,365514,9_17,32.4,108.8,"Hanchuan, Hubei, China"
2130,18.7,105.7,365198,11_16,19.6,102.4,"Vinh, Vietnam"
2131,13.5,44.0,365168,11_6,19.6,38.4,"Al Masālīyah, Taiz, Yemen"
2132,36.6,116.9,365111,8_18,38.8,115.2,"Dougou, Jinan, Shandong, China"
2133,24.3,89.9,364954,10_14,26.0,89.6,"Gala, Tangail, Dhaka Division, Bangladesh"
2134,20.8,97.0,364945,10_15,26.0,96.0,"Taunggyi, Myanmar"
2135,32.9,119.8,364936,8_18,38.8,115.2,"Xinghua, Jiangsu, China"
2136,34.1,118.8,364787,8_18,38.8,115.2,"Shucheng, China"
2137,-12.1,-76.9,364595,15_44,-6.0,281.6,"La Molina, Santa Anita - Los Ficus, Peru"
2138,17.0,8.0,364442,11_1,19.6,6.4,"Agadez, Niger"
2139,40.6,23.0,364338,7_3,45.2,19.2,"Pylaia Community, Thessaloníki, Central Macedonia, Greece"
2140,-13.9,33.8,364228,16_5,-12.4,32.0,"Lilongwe, Central Region, Malawi (NE)"
2141,31.5,104.7,364002,9_16,32.4,102.4,"Mianyang, Sichuan, China"
2142,-12.8,15.7,363788,16_2,-12.4,12.8,"Aviação, Huambo, Angola"
2143,34.6,112.4,363661,8_17,38.8,108.8,"Luolong, Luoyang, Henan, China"
2144,40.4,-3.8,363522,7_55,45.2,352.0,"Latina, Spain"
2145,35.8,139.4,363369,8_21,38.8,134.4,"Tokorozawa, Saitama, Japan"
2146,14.4,80.0,363193,11_12,19.6,76.8,"Baba Nagar, Nellore, Andhra Pradesh, India"
2147,28.1,30.8,363150,9_4,32.4,25.6,"Sawadah, Minya, Egypt"
2148,32.8,130.7,362948,8_20,38.8,128.0,"Kumamoto, Japan"
2149,23.6,116.4,362932,10_18,26.0,115.2,"Jieyang, Guangdong, China (N)"
2150,36.2,117.1,362896,8_18,38.8,115.2,"Taiqian, Tai’an, Shandong, China"
2151,26.9,31.4,362756,9_4,32.4,25.6,"Al Hasana, Ţimā, Sohag, Egypt"
2152,22.3,73.1,362576,10_11,26.0,70.4,"Padra, Vadodara, India"
2153,20.4,78.1,362461,10_12,26.0,76.8,"Yavatmāl, India"
2154,26.1,87.5,362193,9_13,32.4,83.2,"Arāria, Bihar, India"
2155,43.8,-79.4,362180,7_43,45.2,275.2,"Willowdale, Vaughan, Canada"
2156,39.1,125.7,362100,7_19,45.2,121.6,"Chonnam-ri, Pyongyang, North Korea"
2157,27.9,113.1,361798,9_17,32.4,108.8,"Jinglong Subdistrict, Zhuzhou, Hunan, China"
2158,-5.4,105.2,361785,14_16,0.4,102.4,"Peumahan Polda 2, Bandar Lampung, Lampung, Indonesia"
2159,-4.0,122.5,361743,14_19,0.4,121.6,"Kendari, Indonesia"
2160,-7.2,-35.9,361704,15_50,-6.0,320.0,"Campina Grande, Brazil"
2161,1.4,103.7,361622,13_16,6.8,102.4,"Jurong Town, Singapore"
2162,44.4,26.0,361547,7_4,45.2,25.6,"Sector 6, Bucharest, Romania"
2163,12.0,24.9,361547,12_3,13.2,19.2,"Nyala, Southern Darfur, Sudan"
2164,13.8,20.8,361416,11_3,19.6,19.2,"Abéché, Chad"
2165,53.5,-2.2,361407,5_55,58.0,352.0,"Harpurhey, Manchester, England, United Kingdom"
2166,-9.0,13.2,361274,15_2,-6.0,12.8,"Benfica, Angola"
2167,43.0,141.4,361258,7_22,45.2,140.8,"Hitsujigaoka, Sapporo, Hokkaido, Japan"
2168,30.5,30.9,361257,9_4,32.4,25.6,"Manshiyet Sultan, Munūf, Monufia, Egypt"
2169,10.5,-73.3,361073,12_44,13.2,281.6,"Valledupar, Cesar Department, Colombia"
2170,34.8,135.7,361024,8_21,38.8,134.4,"Hirakata, Osaka, Japan (E)"
2171,-15.8,-48.0,360999,16_48,-12.4,307.2,"Condominio Verde Perto, Brasília, Federal District, Brazil"
2172,23.6,116.3,360975,10_18,26.0,115.2,"Xichang, Jieyang, China"
2173,36.2,117.2,360931,8_18,38.8,115.2,"Tai’an, Shandong, China"
2174,-22.7,-43.5,360893,17_49,-18.8,313.6,"Queimados, Nova Iguaçu, Brazil"
2175,9.1,-79.4,360747,12_43,13.2,275.2,"Juan Díaz, Panama"
2176,14.9,120.9,360697,11_18,19.6,115.2,"San Jose, Pandi, Central Luzon, Philippines"
2177,24.1,88.2,360427,10_13,26.0,83.2,"Nabagram, Baharampur, West Bengal, India"
2178,-7.3,108.3,360304,15_16,-6.0,102.4,"Colendra, Indonesia"
2179,40.1,116.6,360169,7_18,45.2,115.2,"Shunyi, Beijing, China"
2180,35.5,112.9,360112,8_17,38.8,108.8,"Jincheng, Shanxi, China"
2181,-23.4,-51.9,360074,17_48,-18.8,307.2,"Maringá, Brazil"
2182,22.7,90.4,359966,10_14,26.0,89.6,"Barisal Sadar Subdistrict, Barishal, Barisal Division, Bangladesh"
2183,43.2,124.4,359955,7_19,45.2,121.6,"Siping, Jilin, China"
2184,51.4,-0.0,359767,6_0,51.6,0.0,"Beckenham, United Kingdom"
2185,-27.4,-55.9,359742,18_47,-25.2,300.8,"Posadas, Argentina"
2186,7.8,-72.2,359666,12_44,13.2,281.6,"San Cristóbal, Venezuela"
2187,30.8,120.8,359587,9_18,32.4,115.2,"Jiaxing, Zhejiang, China"
2188,29.7,-95.6,359467,9_41,32.4,262.4,"Alief, United States"
2189,31.2,121.2,359435,9_18,32.4,115.2,"Chonggu, Qingpu, China"
2190,-7.7,110.6,359273,15_17,-6.0,108.8,"Klaten, Indonesia"
2191,32.1,74.9,359201,9_11,32.4,70.4,"Narowal, Pakistan"
2192,-7.7,109.0,359083,15_17,-6.0,108.8,"Cilacap, Indonesia"
2193,25.2,88.8,358909,10_13,26.0,83.2,"Bālurghāt, India"
2194,22.5,113.3,358862,10_17,26.0,108.8,"Shaxi, Zhongshan, China"
2195,14.5,78.8,358840,11_12,19.6,76.8,"Kadapa, India"
2196,9.5,45.5,358694,12_7,13.2,44.8,"Burao, Somalia"
2197,34.4,107.2,358659,8_16,38.8,102.4,"Baoji, Shaanxi, China"
2198,5.5,-0.4,358320,13_56,6.8,358.4,"Tuba, Amanfrom, Greater Accra, Ghana"
2199,36.2,-115.1,358167,8_38,38.8,243.2,"Clark County, Las Vegas, Nevada, United States"
2200,41.3,28.0,357906,7_4,45.2,25.6,"Çerkezköy, Turkey"
2201,12.4,14.2,357845,12_2,13.2,12.8,"Gamboru, Nigeria"
2202,50.5,30.6,357687,6_4,51.6,25.6,"Kyiv, Ukraine"
2203,23.3,86.4,357581,10_13,26.0,83.2,"Puruliya, India"
2204,5.5,7.0,357503,13_1,6.8,6.4,"Owerri Municipal, Owerri, Imo State, Nigeria"
2205,26.2,81.2,357479,9_12,32.4,76.8,"Raebareli, Uttar Pradesh, India"
2206,23.8,90.7,357475,10_14,26.0,89.6,"Gopaldi, Narsingdi, Dhaka Division, Bangladesh"
2207,36.3,50.0,357197,8_7,38.8,44.8,"Qazvin, Iran"
2208,-23.3,-51.2,357111,17_48,-18.8,307.2,"Bandeirantes, Londrina, Paraná, Brazil"
2209,9.5,44.1,357106,12_6,13.2,38.4,"Cagoole, Hargeysa, Woqooyi Galbeed, Somalia"
2210,23.1,112.4,357020,10_17,26.0,108.8,"Mugang, Zhaoqing, China"
2211,33.9,-118.1,357003,8_37,38.8,236.8,"Downey, United States"
2212,31.9,121.2,356816,9_18,32.4,115.2,"Haimen, Jiangsu, China"
2213,40.0,116.6,356645,7_18,45.2,115.2,"Jinzhan, China"
2214,-8.0,-35.0,356539,15_50,-6.0,320.0,"Camaragibe, Brazil"
2215,29.3,30.9,356507,9_4,32.4,25.6,"Matir Faris, Al Fayyum, Faiyum, Egypt"
2216,10.9,25.2,356366,12_3,13.2,19.2,"Burām, Sudan"
2217,39.1,125.8,356282,7_19,45.2,121.6,"Ryongmun 2-dong, Pyongyang, North Korea"
2218,34.5,135.4,356105,8_21,38.8,134.4,"Kishiwada, Sakai, Japan"
2219,33.9,116.8,356078,8_18,38.8,115.2,"Suixi, Huaibei, China"
2220,24.9,85.5,356042,10_13,26.0,83.2,"Nawāda, Bihar, India"
2221,49.8,24.0,356030,6_3,51.6,19.2,"Frankivskyi District, Lviv, Ukraine"
2222,3.9,-77.0,355849,13_44,6.8,281.6,"Buenaventura, Colombia"
2223,6.3,-10.8,355849,13_54,6.8,345.6,"Monrovia, Liberia"
2224,-15.6,-56.1,355774,16_47,-12.4,300.8,"Centro Sul, Cuiabá, Mato Grosso, Brazil"
2225,23.6,89.8,355674,10_14,26.0,89.6,"Farīdpur, Bangladesh"
2226,28.4,77.9,355644,9_12,32.4,76.8,"Shikarpur, Bulandshahr, Uttar Pradesh, India"
2227,33.7,113.3,355636,8_17,38.8,108.8,"Pingdingshan, Henan, China"
2228,31.1,30.9,355570,9_4,32.4,25.6,"Kafr Sulayyit, Kafr ash Shaykh, Kafr el-Sheikh, Egypt"
2229,29.3,117.2,355499,9_18,32.4,115.2,"Jingdezhen, China"
2230,32.2,119.5,355168,9_18,32.4,115.2,"Xiangshan, Zhenjiang, Jiangsu, China"
2231,22.2,88.4,355117,10_13,26.0,83.2,"Jaynagar Majilpur, West Bengal, India"
2232,30.4,114.9,355020,9_17,32.4,108.8,"E’zhou, China"
2233,39.8,118.2,355019,7_18,45.2,115.2,"Fengrun, Hebei, China"
2234,11.2,76.0,354950,12_11,13.2,70.4,"Kondotty, India"
2235,35.7,50.8,354938,8_7,38.8,44.8,"Māhdāsht, Iran"
2236,9.8,-13.5,354838,12_54,13.2,345.6,"Tanènè, Dubréka, Kindia, Guinea"
2237,5.7,-0.2,354833,13_56,6.8,358.4,"Medina Estates, Ghana"
2238,24.9,84.2,354831,10_13,26.0,83.2,"Madhurampur Dehri, Bihar, India"
2239,28.8,77.6,354672,9_12,32.4,76.8,"Farīdnagar, Murādnagar, India"
2240,11.3,-5.7,354575,12_55,13.2,352.0,"Sikasso, Mali"
2241,41.3,69.2,354488,7_10,45.2,64.0,"Chilanzar, Tashkent, Uzbekistan"
2242,24.5,91.8,354440,10_14,26.0,89.6,"Maulavi Bāzār, Bangladesh"
2243,-26.3,27.8,354428,18_4,-25.2,25.6,"Westonaria Ward 16, Soweto, Gauteng, South Africa"
2244,32.7,-117.1,354329,8_37,38.8,236.8,"South Crest, San Diego, California, United States"
2245,23.7,92.7,354277,10_14,26.0,89.6,"Aizawl, India"
2246,28.1,30.7,354177,9_4,32.4,25.6,"Bihdāl, Minya, Egypt"
2247,27.5,120.4,354105,9_18,32.4,115.2,"Jinxiang, China"
2248,33.8,35.5,353606,8_5,38.8,32.0,"Baabda, Beirut, Lebanon"
2249,36.8,127.1,353509,8_19,38.8,121.6,"Buldang-dong, Cheonan, Chungcheongnam-do, South Korea"
2250,31.0,121.3,353214,9_18,32.4,115.2,"Chedun, Songjiang, China"
2251,21.9,110.9,353128,10_17,26.0,108.8,"Gaozhou, Guangdong, China"
2252,22.8,88.4,353101,10_13,26.0,83.2,"Paltapara, Bhātpāra, West Bengal, India"
2253,7.8,4.5,353010,12_0,13.2,0.0,"Ido-Osun, Osogbo, Osun State, Nigeria"
2254,-7.5,112.4,352843,15_17,-6.0,108.8,"Mojokerto, Indonesia"
2255,17.9,77.5,352824,11_12,19.6,76.8,"Bidar, India"
2256,23.6,58.2,352712,10_9,26.0,57.6,"Block 343, Seeb, Muscat, Oman"
2257,24.0,91.0,352694,10_14,26.0,89.6,"Ashuganj, Ashuganj City, Chittagong, Bangladesh"
2258,25.0,88.0,352688,10_13,26.0,83.2,"Malda, West Bengal, India"
2259,1.6,18.1,352665,13_2,6.8,12.8,"Impfondo, Republic of the Congo"
2260,28.9,78.5,352525,9_12,32.4,76.8,"Amroha, Uttar Pradesh, India"
2261,-17.4,-66.1,352490,16_45,-12.4,288.0,"El Abra, Cochabamba, Bolivia"
2262,-19.9,-44.1,352467,17_49,-18.8,313.6,"Contagem, Brazil"
2263,30.9,120.6,352033,9_18,32.4,115.2,"Shengze, China"
2264,33.7,-117.9,351922,8_37,38.8,236.8,"Santa Ana, United States"
2265,33.6,44.2,351800,8_6,38.8,38.4,"Nawwar Husayn, Aţ Ţārmīyah, Baghdad, Iraq"
2266,45.8,16.0,351754,6_2,51.6,12.8,"Mjesni odbor Sigečica, Zagreb, Croatia"
2267,30.7,31.1,351650,9_4,32.4,25.6,"Tatay, As Sanţah, Gharbia, Egypt"
2268,-7.1,-34.9,351472,15_50,-6.0,320.0,"João Pessoa, Brazil"
2269,46.4,30.7,351339,6_4,51.6,25.6,"Cheremushky, Odesa, Ukraine"
2270,22.9,111.0,351166,10_17,26.0,108.8,"Cenxi, Guangxi, China"
2271,25.9,93.7,350882,10_14,26.0,89.6,"Dimāpur, India"
2272,40.6,-73.9,350788,7_44,45.2,281.6,"Brooklyn, United States"
2273,13.6,100.4,350686,11_15,19.6,96.0,"Bang Khun Thian, Thailand"
2274,-15.8,-47.9,350651,16_48,-12.4,307.2,"Quadra 6, Brasília, Federal District, Brazil"
2275,28.5,119.9,350563,9_18,32.4,115.2,"Lishui, Zhejiang, China"
2276,-6.4,107.5,350541,15_16,-6.0,102.4,"Krajan, Cikampek, West Java, Indonesia"
2277,11.0,106.6,350432,12_16,13.2,102.4,"Xã Bình Mỹ, Thủ Dầu Một, Ho Chi Minh City (HCMC), Vietnam"
2278,13.6,123.2,350379,11_19,19.6,121.6,"Naga, Philippines"
2279,33.8,72.7,350248,8_11,38.8,70.4,"Ghatia, Wah Cantt, Punjab, Pakistan"
2280,32.0,120.8,350203,9_18,32.4,115.2,"Rengang, Nantong, Jiangsu, China"
2281,29.3,52.7,350195,9_8,32.4,51.2,"Ţasūj, Kavār, Iran"
2282,35.2,126.8,350192,8_19,38.8,121.6,"Oseon-dong, Masan, Gwangju, South Korea"
2283,25.8,84.8,350158,10_13,26.0,83.2,"Garkha, Chāpra, Bihar, India"
2284,51.6,0.1,350018,6_0,51.6,0.0,"Ilford, United Kingdom"
2285,24.5,54.4,349978,10_8,26.0,51.2,"Abu Dhabi, United Arab Emirates"
2286,34.4,70.4,349754,8_11,38.8,70.4,"saya sang-JAA, Jalālābād, Nangarhar, Afghanistan"
2287,21.4,39.3,349488,10_6,26.0,38.4,"Al Ajaweed, Jeddah, Mecca Region, Saudi Arabia"
2288,29.4,30.8,349482,9_4,32.4,25.6,"Sinnūris, Faiyum, Egypt"
2289,1.3,101.2,349401,13_15,6.8,96.0,"Duri, Indonesia"
2290,15.8,74.5,349391,11_11,19.6,70.4,"Machhe, Belagavi, Karnataka, India"
2291,40.3,-3.7,349351,7_55,45.2,352.0,"Leganés, Spain"
2292,41.5,2.1,349259,7_0,45.2,0.0,"Sabadell, Spain"
2293,-12.1,-75.2,349166,15_44,-6.0,281.6,"Huancán, Huancayo, Junin, Peru"
2294,6.2,7.0,349047,13_1,6.8,6.4,"Enugu-Ukwu, Nigeria"
2295,33.9,-5.6,348816,8_55,38.8,352.0,"Badr alkhair II, Meknes, Fes-Meknes, Morocco"
2296,24.8,87.9,348802,10_13,26.0,83.2,"Farakka, West Bengal, India"
2297,28.6,112.4,348665,9_17,32.4,108.8,"Tianchengyuan, Heshan, Hunan, China"
2298,9.2,76.5,348379,12_11,13.2,70.4,"Kayamkulam, India"
2299,26.6,104.9,348154,9_16,32.4,102.4,"Dahaiba, Liupanshui, Guizhou, China"
2300,-18.0,31.1,348137,16_4,-12.4,25.6,"Seke, Chitungwiza, Harare, Zimbabwe"
2301,39.9,116.1,347976,7_18,45.2,115.2,"Mentougou, China"
2302,30.1,104.6,347948,9_16,32.4,102.4,"Ziyang, Sichuan, China"
2303,25.1,87.0,347932,10_13,26.0,83.2,"Rajaun, Purāini, Bihar, India"
2304,20.3,73.0,347900,10_11,26.0,70.4,"Silvassa, India"
2305,24.7,118.5,347883,10_18,26.0,115.2,"Mapingcun, China"
2306,36.7,48.5,347869,8_7,38.8,44.8,"Zanjan, Iran"
2307,40.5,49.7,347628,7_7,45.2,44.8,"Khirdalan, Sumqayıt, Azerbaijan"
2308,43.3,-3.0,347616,7_55,45.2,352.0,"Urban Galindo, Bilbao, Basque Country, Spain"
2309,23.4,116.5,347487,10_18,26.0,115.2,"Xilu, China"
2310,5.5,10.4,347476,13_1,6.8,6.4,"Bafoussam, Cameroon"
2311,26.5,74.6,347439,9_11,32.4,70.4,"Ajmer, Rajasthan, India"
2312,35.3,139.6,347376,8_21,38.8,134.4,"Yokosuka, Japan"
2313,18.1,83.4,347368,11_13,19.6,83.2,"Vizianagaram, India"
2314,29.4,30.9,347366,9_4,32.4,25.6,"Ezbet Hanas, Sinnūris, Faiyum, Egypt"
2315,25.0,121.2,347110,10_18,26.0,115.2,"Neili, Taoyuan, Taiwan"
2316,38.5,27.2,346961,8_4,38.8,25.6,"Bayraklı, İzmir, Turkey"
2317,40.2,124.4,346931,7_19,45.2,121.6,"Yalujiang Subdistrict, Dandong, Liaoning, China"
2318,26.5,31.7,346855,9_4,32.4,25.6,"Alsalaa, Sohag, Egypt"
2319,9.6,76.5,346839,12_11,13.2,70.4,"Kottayam, India"
2320,30.5,31.4,346523,9_4,32.4,25.6,"Al Aras, Minyā al Qamḩ, Sharqia, Egypt"
2321,-23.4,-46.4,346476,17_49,-18.8,313.6,"Arujá, Itaquaquecetuba, Brazil"
2322,30.9,117.8,346466,9_18,32.4,115.2,"Tongling, China"
2323,32.6,116.9,345930,8_18,38.8,115.2,"Wangfenggang, Huainan, Anhui, China"
2324,41.3,123.2,345906,7_19,45.2,121.6,"Liaoyang, Liaoning, China"
2325,31.5,35.1,345904,9_5,32.4,32.0,"Hebron, Palestinian Territory"
2326,22.2,84.9,345878,10_13,26.0,83.2,"Rourkela, Odisha, India"
2327,33.5,-112.2,345872,8_38,38.8,243.2,"Maryvale, Glendale, Arizona, United States"
2328,32.6,73.5,345522,8_11,38.8,70.4,"Mandi Bahauddin, Pakistan"
2329,-22.9,-47.2,345416,17_48,-18.8,307.2,"Hortolândia, Brazil"
2330,45.6,9.2,345332,6_1,51.6,6.4,"Nova Milanese, Monza, Lombardy, Italy"
2331,-17.9,31.0,345209,16_4,-12.4,25.6,"Highfield, Harare, Zimbabwe"
2332,6.3,-75.5,344880,13_44,6.8,281.6,"Bello, Medellín, Colombia"
2333,26.5,80.2,344832,9_12,32.4,76.8,"Kanpur, Nawābganj, Uttar Pradesh, India"
2334,-31.6,-60.7,344788,19_46,-31.6,294.4,"Santa Fe, Argentina"
2335,38.5,106.1,344559,8_16,38.8,102.4,"Shuofanglu Subdistrict, Yinchuan, Ningxia, China"
2336,-5.8,13.5,344508,14_2,0.4,12.8,"Matadi, Democratic Republic of the Congo"
2337,39.5,116.7,344435,7_18,45.2,115.2,"Langfang, China"
2338,36.4,119.8,344010,8_18,38.8,115.2,"Gaomi, Shandong, China"
2339,29.9,73.9,343957,9_11,32.4,70.4,"Sri Ganganagar, India"
2340,24.6,88.0,343937,10_13,26.0,83.2,"Raghunandanpur, Dhuliān, India"
2341,6.5,2.5,343529,13_0,6.8,0.0,"So-Ava, Porto-Novo, Benin"
2342,38.3,116.8,343529,8_18,38.8,115.2,"Cangzhou, Hebei, China"
2343,25.9,85.5,343464,10_13,26.0,83.2,"Mahuwa, India"
2344,25.0,55.1,343404,10_8,26.0,51.2,"Jebel Ali, United Arab Emirates"
2345,21.4,92.0,343326,10_14,26.0,89.6,"Hotel Motel Zone, Cox’s Bāzār, Chittagong, Bangladesh"
2346,26.8,82.7,343180,9_12,32.4,76.8,"Bastī, India"
2347,27.9,80.8,343169,9_12,32.4,76.8,"Lakhīmpur, Uttar Pradesh, India"
2348,20.5,-103.4,343024,10_40,26.0,256.0,"Hacienda Santa Fe, Mexico"
2349,34.3,108.7,343021,8_16,38.8,102.4,"Xianyang, Shaanxi, China"
2350,26.4,85.5,342887,9_13,32.4,83.2,"Belsand, Bihar, India"
2351,-33.9,25.6,342794,19_4,-31.6,25.6,"Gqeberha, South Africa"
2352,34.1,49.7,342618,8_7,38.8,44.8,"Arāk, Iran"
2353,26.2,91.8,342400,9_14,32.4,89.6,"Noonmati, Guwahati, Assam, India"
2354,38.9,-77.1,342301,7_44,45.2,281.6,"Cherrydale, Washington, District of Columbia, United States"
2355,13.3,77.1,342270,11_12,19.6,76.8,"Tumkūr, India"
2356,7.2,5.2,342256,12_0,13.2,0.0,"Akure South, Akure, Ondo State, Nigeria"
2357,47.2,39.7,342154,6_6,51.6,38.4,"Rostov-on-Don, Rostov, Russia"
2358,3.8,103.3,342007,13_16,6.8,102.4,"Kuantan, Malaysia"
2359,-17.8,31.1,341996,16_4,-12.4,25.6,"Highlands, Harare, Zimbabwe"
2360,40.8,120.8,341990,7_18,45.2,115.2,"Huludao, China"
2361,28.4,77.0,341979,9_12,32.4,76.8,"Sector 75, Gurugram, Haryana, India"
2362,28.6,121.4,341859,9_18,32.4,115.2,"Taizhou, Zhejiang, China"
2363,32.3,-9.2,341740,9_54,32.4,345.6,"Safi, Morocco"
2364,7.3,13.6,341587,12_2,13.2,12.8,"Ngaoundéré, Cameroon"
2365,24.6,118.0,341352,10_18,26.0,115.2,"Guankou, Fujian, China"
2366,6.0,7.1,341313,13_1,6.8,6.4,"Aguluezechuku, Uga, Anambra, Nigeria"
2367,27.2,79.0,341191,9_12,32.4,76.8,"Mainpuri, India"
2368,34.2,72.3,341129,8_11,38.8,70.4,"Kalu Khan, Ashanagro Koto, Khyber Pakhtunkhwa, Pakistan"
2369,-13.5,-72.0,340846,16_45,-12.4,288.0,"Cusco, Peru"
2370,39.9,116.7,340707,7_18,45.2,115.2,"Tongyun, Tongzhou, Beijing, China"
2371,26.1,84.5,340491,9_13,32.4,83.2,"Mahārājgani, Bihar, India"
2372,32.1,112.1,340092,9_17,32.4,108.8,"Xiangyang, Hubei, China"
2373,45.8,4.8,339957,6_0,51.6,0.0,"Lyon 03, France"
2374,21.3,40.4,339785,10_6,26.0,38.4,"Ta’if, Saudi Arabia"
2375,28.4,77.1,339760,9_12,32.4,76.8,"Bhundsi, Gurugram, India"
2376,41.7,123.5,339742,7_19,45.2,121.6,"Yingchengzi, Shenyang, Liaoning, China"
2377,33.6,114.7,339646,8_17,38.8,108.8,"Huaihelu, Zhoukou, Henan, China"
2378,35.6,139.3,339559,8_21,38.8,134.4,"Midori Ward, Aihara, Kanagawa, Japan"
2379,12.9,74.9,339556,12_11,13.2,70.4,"Mangaluru, India"
2380,-7.0,109.1,339540,15_17,-6.0,108.8,"Adiwerna, Indonesia"
2381,3.0,101.4,339534,13_15,6.8,96.0,"Pandamaran, Klang, Selangor, Malaysia"
2382,55.9,37.4,339451,5_5,58.0,32.0,"Khimki Urban Okrug, Khimki, Moscow Oblast, Russia (W)"
2383,32.1,118.9,339338,9_18,32.4,115.2,"Qixia, Xiaolingwei, China"
2384,24.6,88.3,339259,10_13,26.0,83.2,"Chapainawabganj Upashahar, Nawābganj, Rajshahi Division, Bangladesh"
2385,26.2,32.0,339206,9_5,32.4,32.0,"Balyana, Al Balyanā, Sohag, Egypt"
2386,6.5,3.1,339079,13_0,6.8,0.0,"Irewe, Nigeria"
2387,22.7,88.3,338981,10_13,26.0,83.2,"Kanaipur, Pānihāti, West Bengal, India"
2388,28.5,30.8,338831,9_4,32.4,25.6,"Bani Mazar City, Banī Mazār, Minya, Egypt"
2389,38.1,13.3,338777,8_2,38.8,12.8,"IV Circoscrizione, Palermo, Sicily, Italy"
2390,33.7,-7.4,338713,8_55,38.8,352.0,"Mohammedia, Morocco"
2391,32.9,117.3,338712,8_18,38.8,115.2,"Bengbu, Anhui, China"
2392,-33.9,18.7,338675,19_2,-31.6,12.8,"Cape Town Ward 8, Kraaifontein, Western Cape, South Africa"
2393,7.2,3.4,338670,12_0,13.2,0.0,"Odeda, Abeokuta, Ogun State, Nigeria"
2394,35.1,117.1,338637,8_18,38.8,115.2,"Chengtangcun, Shandong, China (W)"
2395,31.4,119.5,338474,9_18,32.4,115.2,"Licheng, Jiangsu, China"
2396,7.5,4.6,338291,12_0,13.2,0.0,"Mokuro, Ile-Ife, Osun State, Nigeria"
2397,-6.2,106.4,338275,15_16,-6.0,102.4,"Pangkat, Kresek, West Java, Indonesia"
2398,25.2,75.8,338259,10_11,26.0,70.4,"Ladpura Tehsil, Kota, Rajasthan, India (NW)"
2399,-1.7,29.3,338158,14_4,0.4,25.6,"Gisenyi, Rwanda"
2400,28.8,77.3,337947,9_12,32.4,76.8,"Loni, India"
2401,26.9,84.0,337929,9_13,32.4,83.2,"Padrauna, Uttar Pradesh, India"
2402,22.4,112.7,337843,10_17,26.0,108.8,"Changsha, Guangdong, China"
2403,39.1,117.0,337757,7_18,45.2,115.2,"Yangliuqing, China"
2404,15.1,108.8,337717,11_17,19.6,108.8,"Quảng Ngãi, Vietnam"
2405,-0.3,100.4,337649,14_15,0.4,96.0,"Bukittinggi, Indonesia"
2406,40.9,-74.1,337633,7_44,45.2,281.6,"Saddle Brook, Paterson, New Jersey, United States"
2407,6.2,6.8,337627,13_1,6.8,6.4,"Anambra East, Onitsha, Anambra, Nigeria"
2408,32.9,73.7,337533,8_11,38.8,70.4,"Bagga, Jhelum, Punjab, Pakistan"
2409,32.2,34.9,337418,9_5,32.4,32.0,"Kfar Saba, Israel"
2410,-34.9,-58.0,337155,19_47,-31.6,300.8,"José Hernández, La Plata, Buenos Aires, Argentina"
2411,9.9,43.2,337090,12_6,13.2,38.4,"Borama, Somalia"
2412,-16.6,-49.3,337055,16_48,-12.4,307.2,"Residencial Recanto do Bosque, Goiânia, Goiás, Brazil"
2413,47.4,124.0,337009,6_19,51.6,121.6,"Qiqihar, Heilongjiang, China"
2414,34.9,135.8,336869,8_21,38.8,134.4,"Uji, Japan"
2415,35.3,136.9,336742,8_21,38.8,134.4,"Komaki, Japan"
2416,46.2,6.1,336677,6_0,51.6,0.0,"Quartier de l'Etang, Geneva, Switzerland"
2417,47.5,19.0,336603,6_2,51.6,12.8,"Budapest, Hungary"
2418,-6.3,106.1,336429,15_16,-6.0,102.4,"Pandeglang, Indonesia"
2419,47.4,8.5,336363,6_1,51.6,6.4,"Zürich (Kreis 11), Switzerland"
2420,-6.6,110.7,336303,15_17,-6.0,108.8,"Jepara, Indonesia"
2421,11.9,79.5,336300,12_12,13.2,76.8,"Villupuram, India"
2422,28.8,113.1,336217,9_17,32.4,108.8,"Miluo, Hunan, China"
2423,43.8,126.6,336028,7_19,45.2,121.6,"Jilin, China (SE)"
2424,3.1,18.5,336000,13_2,6.8,12.8,"Mindouli, Republic of the Congo"
2425,-19.0,47.5,335996,17_7,-18.8,44.8,"Soalandy, Antananarivo, Analamanga, Madagascar"
2426,25.7,-80.4,335895,10_43,26.0,275.2,"Kendale Lakes, United States"
2427,25.3,51.4,335835,10_8,26.0,51.2,"Ar Rayyān, Qatar"
2428,29.2,48.1,335831,9_7,32.4,44.8,"Şabāḩ as Sālim, Kuwait"
2429,36.9,42.9,335568,8_6,38.8,38.4,"Kevla, Simele, Duhok, Iraq"
2430,10.7,122.6,335460,12_19,13.2,121.6,"Lapuz, Iloilo, Western Visayas, Philippines"
2431,23.0,88.8,335342,10_13,26.0,83.2,"Bangaon, West Bengal, India"
2432,9.0,38.9,335315,12_6,13.2,38.4,"Bole, Addis Ababa, Ethiopia"
2433,5.8,6.9,335305,13_1,6.8,6.4,"Awo Idemiri, Ihiala, Anambra, Nigeria"
2434,45.1,7.6,335250,7_1,45.2,6.4,"Circoiscrizione III, Italy"
2435,24.5,117.6,335229,10_18,26.0,115.2,"Zhangzhou, Fujian, China"
2436,30.2,115.0,334981,9_17,32.4,108.8,"Huangshi, Hubei, China"
2437,23.6,58.4,334619,10_9,26.0,57.6,"al Ghubrah al Shamaliyah, Muscat, Oman"
2438,37.5,111.1,334551,8_17,38.8,108.8,"Lüliang, Shanxi, China"
2439,30.1,103.8,334354,9_16,32.4,102.4,"Meishan, Sichuan, China"
2440,19.5,-96.9,334340,11_41,19.6,262.4,"Xalapa de Enríquez, Mexico"
2441,39.3,-76.6,334330,7_44,45.2,281.6,"Mount Vernon, United States"
2442,32.3,72.3,334119,9_11,32.4,70.4,"Khushāb, Pakistan"
2443,30.3,120.3,334110,9_18,32.4,115.2,"Xiasha, China"
2444,36.1,-115.1,334074,8_38,38.8,243.2,"Midtown UNLV, Paradise, Nevada, United States"
2445,25.5,119.0,334028,10_18,26.0,115.2,"Longqiao Subdistrict, Putian, Fujian, China"
2446,29.3,105.3,334022,9_16,32.4,102.4,"Jin’e, China"
2447,24.5,88.1,333997,10_13,26.0,83.2,"Jangipur, West Bengal, India"
2448,30.3,31.0,333884,9_4,32.4,25.6,"Kafr Hagras, Ashmūn, Monufia, Egypt"
2449,-6.9,109.4,333863,15_17,-6.0,108.8,"Pemalang, Indonesia"
2450,26.7,31.5,333635,9_4,32.4,25.6,"Al Qiraiya, Ţahţā, Sohag, Egypt"
2451,31.1,74.5,333293,9_11,32.4,70.4,"Patto Kalan, Kasur, Punjab, Pakistan"
2452,26.4,86.1,333210,9_13,32.4,83.2,"Jitwarpur, Madhubani, Bihar, India"
2453,-7.5,110.8,333187,15_17,-6.0,108.8,"Kismoyoso, Surakarta, Central Java, Indonesia"
2454,20.9,106.7,333074,10_16,26.0,102.4,"Sáu Phiên, Haiphong, Hai Phong, Vietnam"
2455,34.2,74.8,333006,8_11,38.8,70.4,"Ganderbal, India"
2456,29.9,121.8,332994,9_19,32.4,121.6,"Daqi, China"
2457,55.2,30.2,332946,5_4,58.0,25.6,"Vitebsk, Belarus"
2458,39.6,122.0,332864,7_19,45.2,121.6,"Wafangdian, China"
2459,41.6,120.4,332785,7_18,45.2,115.2,"Chaoyang, China"
2460,23.8,90.5,332461,10_14,26.0,89.6,"Jolshiri Abashon, Bhatara, Dhaka Division, Bangladesh"
2461,6.8,3.9,332391,13_0,6.8,0.0,"Maweje, Ijebu Ode, Ogun State, Nigeria"
2462,28.4,77.8,332323,9_12,32.4,76.8,"Bulandshahr, Uttar Pradesh, India"
2463,-6.9,109.0,332289,15_17,-6.0,108.8,"Bulakamba, Indonesia"
2464,38.6,27.4,332213,8_4,38.8,25.6,"Manisa, Turkey"
2465,6.4,38.3,332160,13_5,6.8,32.0,"Dīla, Ethiopia"
2466,41.0,126.6,331902,7_19,45.2,121.6,"Kanggye, North Korea"
2467,23.3,116.6,331791,10_18,26.0,115.2,"Chengnan, Shantou, China"
2468,20.9,106.3,331617,10_16,26.0,102.4,"Hải Dương, Vietnam"
2469,-33.0,-60.7,331546,19_46,-31.6,294.4,"Gobernador Gálvez, Rosario, Argentina"
2470,25.9,85.8,331510,10_13,26.0,83.2,"Samāstipur, Bihar, India"
2471,33.5,-7.7,331347,8_55,38.8,352.0,"Bouskoura, Morocco"
2472,30.4,31.4,331036,9_4,32.4,25.6,"Kafr Dahamsha, Mashtūl as Sūq, Sharqia, Egypt"
2473,6.7,3.5,330979,13_0,6.8,0.0,"Ikorodu, Ebute Ikorodu, Nigeria"
2474,24.2,55.7,330962,10_8,26.0,51.2,"Al Muwaiji, Al Ain City, Abu Dhabi, United Arab Emirates"
2475,6.8,3.2,330950,13_0,6.8,0.0,"Ifo, Nigeria"
2476,23.6,90.6,330880,10_14,26.0,89.6,"Gazaria, Sonārgaon, Dhaka Division, Bangladesh"
2477,32.6,-115.4,330823,8_38,38.8,243.2,"Ejido Puebla, Mexicali, Baja California, Mexico"
2478,6.3,1.2,330733,13_0,6.8,0.0,"Tsévié, Maritime, Togo"
2479,-13.0,28.6,330715,16_4,-12.4,25.6,"Chichele, Ndola, Copperbelt, Zambia"
2480,-34.0,151.1,330661,19_23,-31.6,147.2,"Peakhurst, Australia"
2481,-23.8,-46.7,330596,17_48,-18.8,307.2,"Grajaú, Brazil"
2482,20.0,79.3,330577,10_12,26.0,76.8,"Chānda, Maharashtra, India"
2483,9.6,6.5,330532,12_1,13.2,6.4,"Chanchaga, Minna, Niger State, Nigeria"
2484,-6.8,106.8,330289,15_16,-6.0,102.4,"Cicurug, Indonesia"
2485,48.2,11.6,330189,6_1,51.6,6.4,"Neufreimann, Munich, Bavaria, Germany"
2486,32.3,34.9,330149,9_5,32.4,32.0,"Kfar Yona, Israel"
2487,35.8,128.6,330141,8_20,38.8,128.0,"Yonggye-ri, Daegu, South Korea"
2488,16.5,107.6,330079,11_16,19.6,102.4,"Huế, Vietnam"
2489,26.2,86.3,330073,9_13,32.4,83.2,"Jhanjhārpur, Bihar, India"
2490,31.4,46.2,329954,9_7,32.4,44.8,"Ash Shaţrah, Iraq"
2491,1.1,34.2,329951,13_5,6.8,32.0,"Mbale, Uganda"
2492,55.8,49.2,329815,5_7,58.0,44.8,"Kazan, Tatarstan Republic, Russia (E)"
2493,55.0,73.4,329673,5_11,58.0,70.4,"Omsk, Omsk Oblast, Russia"
2494,6.9,38.4,329598,12_6,13.2,38.4,"Morocho, Leku, Sidama Region, Ethiopia"
2495,9.5,76.4,329517,12_11,13.2,70.4,"Komalapuram, Alappuzha, India"
2496,25.8,85.3,329452,10_13,26.0,83.2,"Lālganj, Bihar, India"
2497,31.2,120.5,329407,9_18,32.4,115.2,"Mudu, China"
2498,-9.5,16.4,329172,15_2,-6.0,12.8,"Malanje - Malange, Malanje, Angola (NE)"
2499,-7.7,110.4,328969,15_17,-6.0,108.8,"Depok, Yogyakarta, Indonesia"
2500,-6.9,109.5,328883,15_17,-6.0,108.8,"Comal, Indonesia"
2501,5.5,7.4,328746,13_1,6.8,6.4,"Apumiri, Umuahia, Nigeria"
2502,30.2,72.7,328666,9_11,32.4,70.4,"Burewala, Pakistan"
2503,-33.9,18.5,328642,19_2,-31.6,12.8,"Cape Town Ward 55, Cape Town, South Africa"
2504,-0.5,37.5,328467,14_5,0.4,32.0,"Embu, Kenya"
2505,25.1,91.4,328301,10_14,26.0,89.6,"Sunāmganj, Bangladesh"
2506,41.3,69.3,328202,7_10,45.2,64.0,"Tashkent, Uzbekistan"
2507,-26.3,-48.8,328141,18_48,-25.2,307.2,"Joinville, Santa Catarina, Brazil"
2508,33.4,36.3,327873,8_5,38.8,32.0,"al-Yarmūk, Syria"
2509,31.3,48.6,327769,9_7,32.4,44.8,"‘Eyn-e Do, Ahvaz, Iran"
2510,-25.3,-57.5,327758,18_47,-25.2,300.8,"Laurelty, San Lorenzo, Central Department, Paraguay"
2511,30.3,31.2,327590,9_4,32.4,25.6,"Ţūkh, Egypt"
2512,30.6,114.1,327358,9_17,32.4,108.8,"Caidian, Hubei, China"
2513,5.1,-75.5,327340,13_44,6.8,281.6,"Manizales, Colombia"
2514,41.6,-0.9,327299,7_56,45.2,358.4,"Parque Venecia, Zaragoza, Aragon, Spain"
2515,32.6,51.7,327283,8_8,38.8,51.2,"District 6, Isfahan, Iran"
2516,26.3,85.9,327275,9_13,32.4,83.2,"Padri, Bihar, India"
2517,31.3,113.7,327161,9_17,32.4,108.8,"Anlu, China"
2518,48.2,11.5,327101,6_1,51.6,6.4,"Pasing, Munich, Germany"
2519,-26.3,28.1,327100,18_4,-25.2,25.6,"Alberton, South Africa"
2520,54.7,20.5,327073,5_3,58.0,19.2,"Kaliningrad, Russia"
2521,52.5,-1.8,327053,5_55,58.0,352.0,"Buckland End, Birmingham, England, United Kingdom"
2522,15.1,120.7,326758,11_18,19.6,115.2,"San Vicente, San Fernando, Central Luzon, Philippines"
2523,22.4,82.7,326720,10_12,26.0,76.8,"Korba, India"
2524,26.7,31.6,326639,9_4,32.4,25.6,"Al Marāghah, Egypt"
2525,13.6,25.4,326496,11_3,19.6,19.2,"Umm Hadjadj, El Fasher, Northern Darfur, Sudan"
2526,-6.1,106.1,326393,15_16,-6.0,102.4,"Majalawang, Serang, Banten, Indonesia"
2527,16.9,-99.8,326380,11_40,19.6,256.0,"Tuncingo, Mexico"
2528,36.7,118.5,326212,8_18,38.8,115.2,"Qingzhou, China"
2529,53.4,-2.9,326194,5_55,58.0,352.0,"Broad Green, Liverpool, England, United Kingdom"
2530,-36.8,-73.1,326177,19_44,-31.6,281.6,"Hualpencillo, Concepción, Biobio, Chile"
2531,-33.9,150.9,326172,19_23,-31.6,147.2,"Liverpool, Australia"
2532,11.5,104.8,326146,12_16,13.2,102.4,"Krang Pongro, Dangkao, Cambodia"
2533,-6.2,106.3,326021,15_16,-6.0,102.4,"Pringwulung, Ciruas, Kresek, Banten, Indonesia"
2534,17.3,78.4,325843,11_12,19.6,76.8,"Shamshabad, Hyderabad, India"
2535,2.6,44.9,325446,13_7,6.8,44.8,"Wanlaweyn, Somalia"
2536,-26.2,28.2,325278,18_4,-25.2,25.6,"Boksburg, South Africa"
2537,33.4,120.2,325223,8_18,38.8,115.2,"Dongtinghu, Yancheng, Jiangsu, China"
2538,-7.6,111.5,325142,15_17,-6.0,108.8,"Klagen Serut, Madiun, East Java, Indonesia"
2539,-7.0,108.5,325132,15_16,-6.0,102.4,"Winduhaji, Kuningan, West Java, Indonesia"
2540,31.5,48.9,325117,9_7,32.4,44.8,"Veys, Iran"
2541,43.9,81.3,325011,7_12,45.2,76.8,"Ghulja, China"
2542,26.3,86.1,324910,9_13,32.4,83.2,"Pandaul, Madhubani, Bihar, India"
2543,24.9,121.3,324870,10_18,26.0,115.2,"Ruixing Village, Bade, Taiwan"
2544,43.6,-79.6,324673,7_43,45.2,275.2,"Applewood, Mississauga, Ontario, Canada"
2545,24.3,89.7,324633,10_14,26.0,89.6,"Bhangabari, Shāhzādpur, Rajshahi Division, Bangladesh"
2546,26.8,83.1,324619,9_12,32.4,76.8,"Khalīlābād, Uttar Pradesh, India"
2547,25.3,86.5,324542,10_13,26.0,83.2,"Jamālpur, India"
2548,26.2,86.1,324457,9_13,32.4,83.2,"Bhagirathpur, India"
2549,28.0,120.9,324166,9_18,32.4,115.2,"Xiangyang, Zhejiang, China"
2550,21.3,110.4,324155,10_17,26.0,108.8,"Zhanjiang, China"
2551,-26.5,27.9,324146,18_4,-25.2,25.6,"Midvaal Ward 6, Evaton, Gauteng, South Africa"
2552,17.5,78.3,324112,11_12,19.6,76.8,"Serilingampalle, India"
2553,10.4,124.0,324055,12_19,13.2,121.6,"Liloan, Lapu-Lapu City, Philippines"
2554,7.0,38.5,324040,12_6,13.2,38.4,"Haweela Tula, Awasa, Sidama Region, Ethiopia"
2555,35.8,112.9,323863,8_17,38.8,108.8,"西关社区, 中国"
2556,-25.5,-54.6,323642,18_47,-25.2,300.8,"Jardim Jupira, Ciudad del Este, Alto Paraná Department, Paraguay"
2557,31.7,-106.4,323536,9_39,32.4,249.6,"Pradera Dorada, Ciudad Juárez, Chihuahua, Mexico"
2558,34.8,111.2,323194,8_17,38.8,108.8,"Sanmenxia, China"
2559,48.8,2.2,323145,6_0,51.6,0.0,"Boulogne-Billancourt, France"
2560,30.9,31.5,323028,9_4,32.4,25.6,"Al Hasayina, As Sinbillāwayn, Dakahlia, Egypt"
2561,22.8,108.4,322953,10_16,26.0,102.4,"Xingning, Nanning, China"
2562,30.6,103.9,322835,9_16,32.4,102.4,"Dongsheng, Sichuan, China"
2563,31.1,74.4,322668,9_11,32.4,70.4,"Bhalla, Kasur, Punjab, Pakistan"
2564,-3.4,29.1,322656,14_4,0.4,25.6,"Uvira, Democratic Republic of the Congo"
2565,28.2,113.6,322486,9_17,32.4,108.8,"Guankou, Hunan, China"
2566,30.5,117.1,322413,9_18,32.4,115.2,"Anqing, Anhui, China"
2567,13.5,2.2,322353,11_0,19.6,0.0,"Arrondissement Communal Niamey 4, Niamey, Niger"
2568,25.5,86.5,322313,10_13,26.0,83.2,"Khagaria, Bihar, India"
2569,5.5,6.0,322118,13_0,6.8,0.0,"Ughelli, Nigeria"
2570,31.5,73.3,322048,9_11,32.4,70.4,"Khurarianwala, Pakistan"
2571,31.5,34.4,322011,9_5,32.4,32.0,"Gaza, Gaza Strip, Palestinian Territory"
2572,54.7,56.0,321987,5_8,58.0,51.2,"Ufa, Bashkortostan Republic, Russia"
2573,11.2,76.1,321888,12_11,13.2,70.4,"Manjeri, Kerala, India"
2574,41.0,71.6,321850,7_11,45.2,70.4,"Porloq mahalla, Namangan, Uzbekistan"
2575,10.6,76.2,321734,12_11,13.2,70.4,"Killannur, India"
2576,37.3,-121.9,321660,8_37,38.8,236.8,"Willow Glen, San Jose, California, United States"
2577,8.7,76.8,321554,12_12,13.2,76.8,"Attingal, India"
2578,0.4,32.7,321304,14_5,0.4,32.0,"Goma-misindye, Kira, Central Region, Uganda"
2579,27.6,113.8,321225,9_17,32.4,108.8,"Pingxiang, Jiangxi, China"
2580,25.7,86.6,321187,10_13,26.0,83.2,"Salkhua, Saharsa, Bihar, India"
2581,44.8,-0.6,321063,7_56,45.2,358.4,"Thouars, Bordeaux, New Aquitaine, France"
2582,20.5,-100.8,320983,10_40,26.0,256.0,"Celaya, Mexico"
2583,8.5,124.7,320922,12_19,13.2,121.6,"Cagayan de Oro, Philippines"
2584,24.4,109.4,320890,10_17,26.0,108.8,"Liubei, Liuzhou, China"
2585,-34.6,-58.8,320665,19_47,-31.6,300.8,"Muñiz, Merlo, Argentina"
2586,27.5,-99.5,320604,9_40,32.4,256.0,"Nuevo Laredo, Mexico"
2587,53.9,27.7,320596,5_4,58.0,25.6,"Kalodzishchy, Minsk, Belarus"
2588,13.6,100.7,320402,11_15,19.6,96.0,"Bang Phli, Samut Prakan, Thailand"
2589,35.7,51.2,320322,8_8,38.8,51.2,"Sa‘īdābād, Qods, Iran"
2590,39.0,-77.0,320127,7_44,45.2,281.6,"Four Corners, Silver Spring, Maryland, United States"
2591,11.6,75.6,319996,12_11,13.2,70.4,"Badagara, India"
2592,-16.6,-68.2,319910,16_45,-12.4,288.0,"Achocalla, Bolivia"
2593,23.2,88.6,319869,10_13,26.0,83.2,"Rānāghāt, India"
2594,9.4,-0.9,319702,12_56,13.2,358.4,"Nyerizee, Tamale, Northern, Ghana"
2595,-8.2,-35.0,319636,15_50,-6.0,320.0,"Jaboatão, Brazil"
2596,50.9,4.3,319454,6_0,51.6,0.0,"Molenbeek-Saint-Jean, Belgium"
2597,28.7,116.0,319432,9_18,32.4,115.2,"Jiangxiangzhen, China"
2598,7.0,80.0,319247,12_12,13.2,76.8,"Kelaniya, Sri Lanka"
2599,25.8,82.7,319162,10_12,26.0,76.8,"Jaunpur, Uttar Pradesh, India"
2600,35.0,137.0,319108,8_21,38.8,134.4,"Kariya, Aichi, Japan"
2601,11.0,76.1,319087,12_11,13.2,70.4,"Cherukulamba, Malappuram, Kerala, India"
2602,-20.0,-44.1,319084,17_49,-18.8,313.6,"Ibirité, Brazil"
2603,-4.3,20.6,318957,14_3,0.4,19.2,"Ilebo, Democratic Republic of the Congo"
2604,24.2,89.6,318862,10_14,26.0,89.6,"Narina, Shāhzādpur, Rajshahi Division, Bangladesh"
2605,29.0,118.8,318799,9_18,32.4,115.2,"Baitashan, Quzhou, China"
2606,38.0,114.6,318674,8_17,38.8,108.8,"Songying, Shijiazhuang, China"
2607,27.1,84.7,318666,9_13,32.4,83.2,"Raxaul, Bihar, India"
2608,43.6,1.4,318219,7_0,45.2,0.0,"Casselardit / Fontaine-Bayonne / Cartoucherie, Toulouse, Occitanie, France"
2609,25.7,89.3,318212,10_13,26.0,83.2,"Rangpur, Rangpur Division, Bangladesh"
2610,41.7,125.9,318199,7_19,45.2,121.6,"Tonghua, China"
2611,35.3,47.0,318194,8_7,38.8,44.8,"Sanandaj, Iran"
2612,-5.2,-80.6,318124,14_43,0.4,275.2,"Castilla, Piura, Peru"
2613,-17.1,15.7,318119,16_2,-12.4,12.8,"Ondjiva, Angola"
2614,39.9,127.5,318093,7_19,45.2,121.6,"Dongam-ri, Hamhŭng, South Hamgyong, North Korea"
2615,28.7,121.4,318000,9_18,32.4,115.2,"Taizhou, Zhejiang, China (N)"
2616,26.4,85.6,317855,9_13,32.4,83.2,"Pupri, Bihar, India"
2617,39.7,117.3,317835,7_18,45.2,115.2,"Zhuangtou, Tianjin, China"
2618,36.6,36.2,317774,8_5,38.8,32.0,"İskenderun, Turkey"
2619,33.9,71.4,317761,8_11,38.8,70.4,"Alam Gudar Kalay, Jamrud, Khyber Pakhtunkhwa, Pakistan"
2620,25.9,-80.2,317643,10_43,26.0,275.2,"Miami Gardens, United States"
2621,14.5,80.0,317548,11_12,19.6,76.8,"Sunnigunta, Nellore, Andhra Pradesh, India"
2622,32.8,119.4,317536,8_18,38.8,115.2,"Gaoyou, China"
2623,7.3,5.2,317006,12_0,13.2,0.0,"Akure North, Akure, Ondo State, Nigeria"
2624,-26.3,28.4,316902,18_4,-25.2,25.6,"Ekurhuleni Ward 80, Brakpan, Gauteng, South Africa"
2625,9.7,-63.2,316898,12_46,13.2,294.4,"Barrio Bolívar, Maturín, Monagas, Venezuela"
2626,27.6,78.1,316856,9_12,32.4,76.8,"Hāthras, Uttar Pradesh, India"
2627,30.6,31.4,316799,9_4,32.4,25.6,"Al Qanāyāt, Zagazig, Egypt"
2628,16.9,96.0,316709,11_15,19.6,96.0,"Shwe Lin Ban, Mingaladon, Myanmar"
2629,24.9,89.9,316639,10_14,26.0,89.6,"Jamalpur Sadar Upazila, Jamālpur, Mymensingh Division, Bangladesh"
2630,27.0,31.4,316500,9_4,32.4,25.6,"Al Badārī, Egypt"
2631,30.3,-9.5,316499,9_54,32.4,345.6,"Lazib, Ait Melloul, Souss-Massa, Morocco"
2632,22.4,88.3,316440,10_13,26.0,83.2,"Joka, India"
2633,13.9,75.6,316424,11_11,19.6,70.4,"Shivamogga, India"
2634,27.9,30.8,316261,9_4,32.4,25.6,"Abū Qurqāş, Egypt"
2635,19.8,105.8,316240,10_16,26.0,102.4,"Thanh Hóa, Vietnam"
2636,31.8,70.9,316216,9_11,32.4,70.4,"Dera Ismail Khan, Pakistan"
2637,-26.1,28.0,316139,18_4,-25.2,25.6,"Randburg, South Africa"
2638,-7.2,112.6,315959,15_17,-6.0,108.8,"Kebomas, Indonesia"
2639,23.7,86.1,315922,10_13,26.0,83.2,"Chas, Bokāro, Jharkhand, India"
2640,34.0,-6.9,315815,8_55,38.8,352.0,"Yacoub El Mansour, Rabat, Rabat-Salé-Kénitra, Morocco"
2641,3.4,-76.6,315774,13_44,6.8,281.6,"Villacarmelo, Cali, Valle del Cauca Department, Colombia"
2642,31.3,74.2,315573,9_11,32.4,70.4,"Manak, Raiwind, Punjab, Pakistan"
2643,-33.9,151.0,315468,19_23,-31.6,147.2,"Bankstown, Australia"
2644,-9.0,13.1,315408,15_2,-6.0,12.8,"Mussulo, Ramiros, Angola"
2645,50.5,30.4,315340,6_4,51.6,25.6,"Svyatoshyn, Ukraine"
2646,7.8,4.6,315060,12_0,13.2,0.0,"Boripe, Osogbo, Osun State, Nigeria"
2647,29.3,78.5,314972,9_12,32.4,76.8,"Sherkot, Uttar Pradesh, India"
2648,24.0,90.6,314957,10_14,26.0,89.6,"Kaliganj Upazila, Narsingdi, Dhaka Division, Bangladesh"
2649,20.4,106.2,314677,10_16,26.0,102.4,"Nam Định, Ninh Binh, Vietnam"
2650,8.2,77.3,314670,12_12,13.2,76.8,"Colachel, India"
2651,27.3,31.0,314394,9_4,32.4,25.6,"Jimris, Manfalūţ, Asyut, Egypt"
2652,34.4,70.5,314337,8_11,38.8,70.4,"Khush Gumbad (Nahre Shahi), Jalālābād, Nangarhar, Afghanistan"
2653,50.6,36.6,314175,6_5,51.6,32.0,"Belgorod, Russia"
2654,34.7,135.1,314164,8_21,38.8,134.4,"Shirakawa, Kobe, Hyōgo, Japan"
2655,29.5,53.4,314033,9_8,32.4,51.2,"Kharameh County, Kherāmeh, Fars, Iran"
2656,9.1,7.5,314015,12_1,13.2,6.4,"Maitama, Abuja, FCT, Nigeria"
2657,32.0,35.8,313996,9_5,32.4,32.0,"Ḩayy Khildā, Jordan"
2658,25.8,88.9,313972,10_13,26.0,83.2,"Saidpur, Bangladesh"
2659,34.7,135.8,313937,8_21,38.8,134.4,"Nara-shi, Japan"
2660,4.5,-75.7,313806,13_44,6.8,281.6,"Armenia, Colombia"
2661,23.9,90.6,313798,10_14,26.0,89.6,"Ghorashal, Narsingdi, Dhaka Division, Bangladesh"
2662,23.1,79.9,313723,10_12,26.0,76.8,"Ghana, Jabalpur, Madhya Pradesh, India"
2663,27.1,78.4,313673,9_12,32.4,76.8,"Firozabad, Fīrozābād, Uttar Pradesh, India (S)"
2664,53.4,-2.2,313648,5_55,58.0,352.0,"Cheadle Heath, Stockport, England, United Kingdom"
2665,21.6,73.0,313580,10_11,26.0,70.4,"Ankleshwar, India"
2666,52.4,16.9,313574,5_2,58.0,12.8,"Poznań, Poland"
2667,52.3,21.0,313564,5_3,58.0,19.2,"Żerań, Warsaw, Mazovia, Poland"
2668,12.2,15.0,313509,12_2,13.2,12.8,"Bourbeydé, N'Djamena, N’Djaména, Chad"
2669,11.6,79.6,313503,12_12,13.2,76.8,"Kurinjippādi, Neyveli, India"
2670,32.4,74.1,313469,9_11,32.4,70.4,"Wazirabad, Pakistan"
2671,49.0,2.3,313112,6_0,51.6,0.0,"Ermont, France"
2672,25.3,82.4,313102,10_12,26.0,76.8,"Gopiganj, Gyānpur, Uttar Pradesh, India"
2673,26.7,85.2,313022,9_13,32.4,83.2,"Dhāka, Bihar, India"
2674,7.5,5.8,312524,12_0,13.2,0.0,"Akoko North East, Ikare, Ondo State, Nigeria"
2675,22.7,88.5,312347,10_13,26.0,83.2,"Bārāsat, India"
2676,33.5,-112.1,312214,8_38,38.8,243.2,"Alhambra, Phoenix, Arizona, United States"
2677,-6.7,106.8,312209,15_16,-6.0,102.4,"Caringin, Bogor, Indonesia"
2678,60.0,30.2,312139,4_4,64.4,25.6,"Vasyl'evsky Ostrov, Russia"
2679,10.5,7.5,311972,12_1,13.2,6.4,"Babban Saura, Kaduna, Kaduna State, Nigeria"
2680,-33.8,151.2,311904,19_23,-31.6,147.2,"Chatswood, Australia"
2681,23.8,80.4,311856,10_12,26.0,76.8,"Murwāra, India"
2682,26.4,31.8,311830,9_4,32.4,25.6,"Ar Rashaydah, Al Minshāh, Sohag, Egypt"
2683,-6.9,107.0,311830,15_16,-6.0,102.4,"Prianganjaya, Sukabumi, West Java, Indonesia"
2684,30.7,31.2,311799,9_4,32.4,25.6,"Zifta, Mīt Ghamr, Dakahlia, Egypt"
2685,25.7,86.0,311601,10_13,26.0,83.2,"Bibhutpur, Rosera, Bihar, India"
2686,34.9,135.7,311519,8_21,38.8,134.4,"Kōtari, Hirakata, Japan"
2687,34.7,135.0,311421,8_21,38.8,134.4,"Akashi, Japan"
2688,22.7,88.9,311415,10_13,26.0,83.2,"Basirhat City, West Bengal, India"
2689,44.5,26.1,311292,7_4,45.2,25.6,"Henri Coandă, Bucharest, Romania"
2690,-8.1,112.2,311218,15_17,-6.0,108.8,"Papungan, Blitar, East Java, Indonesia"
2691,30.5,31.0,311210,9_4,32.4,25.6,"Shanawan, Shibīn al Kawm, Monufia, Egypt"
2692,5.8,7.1,311204,13_1,6.8,6.4,"Umuma, Nkwerre, Imo State, Nigeria"
2693,27.4,30.8,311066,9_4,32.4,25.6,"Al Qusiya, Al Qūşīyah, Asyut, Egypt"
2694,10.4,-67.0,310860,12_45,13.2,288.0,"El Carmen, Los Teques, Venezuela"
2695,38.2,140.9,310731,8_22,38.8,140.8,"Nakadamachi, Sendai, Miyagi, Japan"
2696,52.1,5.1,310676,5_0,58.0,0.0,"Utrecht, The Netherlands"
2697,31.6,74.5,310659,9_11,32.4,70.4,"Dogran Kalan, Manhala, Punjab, Pakistan"
2698,25.8,89.2,310607,10_13,26.0,83.2,"Rangpur, Rangpur Division, Bangladesh (NW)"
2699,-6.7,106.9,310599,15_16,-6.0,102.4,"Sukaresmi, Caringin, West Java, Indonesia"
2700,41.0,29.3,310575,7_4,45.2,25.6,"Kurtdoğmuş Mahallesi, Sultanbeyli, Istanbul, Turkey"
2701,31.1,30.6,310481,9_4,32.4,25.6,"Mahallat Dawud, Disūq, Kafr el-Sheikh, Egypt"
2702,10.0,76.6,310363,12_11,13.2,70.4,"Kotamangalam, Kerala, India"
2703,21.4,39.2,310254,10_6,26.0,38.4,"As Sororyah, Jeddah, Mecca Region, Saudi Arabia"
2704,31.4,75.6,310097,9_11,32.4,70.4,"Alāwalpur, Jalandhar, India"
2705,-1.6,13.6,310029,14_2,0.4,12.8,"Franceville, Gabon"
2706,35.9,128.5,310010,8_20,38.8,128.0,"Yongsan-ri, Daegu, South Korea"
2707,30.6,31.1,309979,9_4,32.4,25.6,"Kafr Abou El-Hassan, Quwaysinā, Shibīn al Kawm, Monufia, Egypt"
2708,9.3,-75.4,309934,12_44,13.2,281.6,"Sincelejo, Colombia"
2709,22.9,91.3,309814,10_14,26.0,89.6,"Daganbhuiyan, Feni, Chittagong, Bangladesh"
2710,23.9,91.3,309771,10_14,26.0,89.6,"Kunjaban, Agartala, Tripura, India"
2711,-27.6,-48.6,309610,18_48,-25.2,307.2,"Matadouro, Florianópolis, Santa Catarina, Brazil"
2712,-0.3,-78.6,309557,14_43,0.4,275.2,"San Antonio, Quito, Ecuador"
2713,29.6,78.3,309437,9_12,32.4,76.8,"Najībābād, India"
2714,23.5,120.5,309393,10_18,26.0,115.2,"Wanqiao Village, Chiayi City, Taiwan"
2715,29.5,60.9,309391,9_9,32.4,57.6,"Zahedan County, Zahedan, Sistan and Baluchestan, Iran"
2716,57.0,41.0,309238,5_6,58.0,38.4,"Ivanovo, Russia"
2717,14.9,120.8,309150,11_18,19.6,115.2,"Malolos, Philippines"
2718,-3.1,-59.9,309001,14_46,0.4,294.4,"Careiro da Várzea, Brazil"
2719,30.3,57.1,308783,9_8,32.4,51.2,"Kerman County, Kerman, Iran"
2720,36.7,-4.4,308757,8_55,38.8,352.0,"Málaga-Costa del Sol, Málaga, Andalusia, Spain"
2721,51.5,46.0,308468,6_7,51.6,44.8,"Saratov, Saratov Oblast, Russia"
2722,43.0,47.5,308337,7_7,45.2,44.8,"Makhachkala, Russia"
2723,38.8,-77.1,308300,8_44,38.8,281.6,"Rose Hill, Alexandria, Virginia, United States"
2724,6.4,-10.8,308113,13_54,6.8,345.6,"King Faro, Monrovia, Montserrado County, Liberia"
2725,24.9,92.4,307974,10_14,26.0,89.6,"Karīmganj, India"
2726,25.8,84.1,307898,10_13,26.0,83.2,"Ballia, Bānsdīh, Uttar Pradesh, India"
2727,33.8,-118.2,307872,8_37,38.8,236.8,"Long Beach, United States"
2728,31.8,75.2,307843,9_11,32.4,70.4,"Batāla, India"
2729,33.5,130.5,307807,8_20,38.8,128.0,"Kasuga, Japan"
2730,14.1,121.3,307786,11_18,19.6,115.2,"San Pablo, Philippines"
2731,26.4,84.3,307730,9_13,32.4,83.2,"Mirganj, Bihar, India"
2732,25.8,85.0,307722,10_13,26.0,83.2,"Dighwāra, India"
2733,38.5,125.8,307250,8_19,38.8,121.6,"Dorim-dong, Sariwŏn-si, North Hwanghae, North Korea"
2734,-29.8,30.9,307233,18_4,-25.2,25.6,"eThekwini Ward 92, Pinetown, KwaZulu-Natal, South Africa"
2735,25.7,85.4,307173,10_13,26.0,83.2,"Raja Pakar, Mahnar Bazar, Bihar, India"
2736,27.5,30.8,307090,9_4,32.4,25.6,"Sunbo, Dayrūţ, Asyut, Egypt"
2737,24.1,120.5,307031,10_18,26.0,115.2,"Changhua, Taiwan"
2738,34.1,-118.0,306990,8_37,38.8,236.8,"El Monte, United States"
2739,59.9,10.8,306914,4_1,64.4,6.4,"Nordstrand, Oslo, Norway"
2740,36.2,-115.2,306871,8_38,38.8,243.2,"Michael Way, Las Vegas, Nevada, United States"
2741,51.2,4.4,306773,6_0,51.6,0.0,"Markgrave, Antwerpen, Flanders, Belgium"
2742,35.5,129.4,306514,8_20,38.8,128.0,"Dong-gu, Ulsan, South Korea"
2743,-7.2,-34.9,306484,15_50,-6.0,320.0,"Conde, João Pessoa, Brazil"
2744,24.7,87.9,306387,10_13,26.0,83.2,"Dhuliān, West Bengal, India"
2745,51.8,55.1,306300,5_8,58.0,51.2,"Orenburg, Orenburg Oblast, Russia"
2746,7.3,80.6,306257,12_12,13.2,76.8,"Warathenna, Kandy, Central Province, Sri Lanka"
2747,35.2,136.8,306229,8_21,38.8,134.4,"Inazawa, Nagoya, Japan"
2748,32.6,35.9,306085,8_5,38.8,32.0,"Irbid, Jordan"
2749,35.7,50.9,306002,8_7,38.8,44.8,"Moḩammad Shahr, Iran"
2750,28.1,-15.4,305495,9_53,32.4,339.2,"Las Palmas de Gran Canaria, Spain"
2751,9.4,42.8,305414,12_6,13.2,38.4,"Jijiga, Somali, Ethiopia"
2752,11.6,78.1,305318,12_12,13.2,76.8,"Kondalampatti, Salem, India"
2753,23.1,70.1,305244,10_10,26.0,64.0,"Gāndhīdhām, India"
2754,-9.3,32.8,305065,15_5,-6.0,32.0,"Tunduma, Tanzania"
2755,-29.2,-51.2,305015,18_48,-25.2,307.2,"Caxias do Sul, Brazil"
2756,19.7,96.2,304901,10_15,26.0,96.0,"Nga Kaung Kan, Pyinmana, Nay Pyi Taw, Myanmar"
2757,4.3,117.9,304900,13_18,6.8,115.2,"Tawau, Malaysia"
2758,22.8,89.5,304856,10_13,26.0,83.2,"Thikrabad, Khulna, Khulna Division, Bangladesh"
2759,7.2,5.6,304849,12_0,13.2,0.0,"Owo, Nigeria"
2760,42.4,69.6,304831,7_10,45.2,64.0,"Qarataw district, Shymkent, Kazakhstan"
2761,24.4,39.6,304748,10_6,26.0,38.4,"Ar Ranuna, Madinah, Medina Region, Saudi Arabia"
2762,59.9,30.2,304744,4_4,64.4,25.6,"Ugolnaya Harbor, Saint Petersburg, St.-Petersburg, Russia"
2763,28.3,79.4,304619,9_12,32.4,76.8,"Kandharpur, Bareilly, Uttar Pradesh, India"
2764,10.1,105.7,304529,12_16,13.2,102.4,"Bình Thủy, Cần Thơ, Vietnam"
2765,13.1,77.4,304527,12_12,13.2,76.8,"Nelamangala, India"
2766,25.3,82.9,304519,10_12,26.0,76.8,"Sadar, Varanasi, Uttar Pradesh, India"
2767,34.2,71.8,304430,8_11,38.8,70.4,"Mufti Abad, Charsadda, Khyber Pakhtunkhwa, Pakistan"
2768,13.2,80.2,304369,12_12,13.2,76.8,"Madhavaram, India"
2769,23.5,91.0,304179,10_14,26.0,89.6,"Chandina, Comilla, Chittagong, Bangladesh"
2770,10.2,-67.6,304081,12_45,13.2,288.0,"La Quinta, Maracay, Aragua, Venezuela"
2771,38.9,45.0,303997,7_7,45.2,44.8,"Qarah Ẕīā’ od Dīn, Iran"
2772,0.5,35.3,303927,13_5,6.8,32.0,"Eldoret, Kenya"
2773,30.4,31.6,303830,9_4,32.4,25.6,"Bilbeis, Sharqia, Egypt"
2774,9.9,-84.0,303708,12_43,13.2,275.2,"Curridabat, San José, Costa Rica"
2775,-15.8,35.1,303487,16_5,-12.4,32.0,"Makata, Blantyre, Malawi"
2776,36.0,139.7,303385,8_21,38.8,134.4,"Otaarai, Kasukabe, Saitama, Japan"
2777,11.8,13.1,303364,12_2,13.2,12.8,"Maisandari, Maiduguri, Borno State, Nigeria"
2778,-10.6,26.3,303292,15_4,-6.0,25.6,"Fungurume, Democratic Republic of the Congo"
2779,55.2,61.4,303173,5_9,58.0,57.6,"Kurchatovskiy rayon, Chelyabinsk, Russia"
2780,18.0,-92.9,303073,11_41,19.6,262.4,"Centro, Villahermosa, Tabasco, Mexico"
2781,52.4,-1.5,302930,5_56,58.0,358.4,"Coventry, United Kingdom"
2782,7.3,9.0,302798,12_1,13.2,6.4,"Gboko, Nigeria"
2783,10.2,76.4,302716,12_11,13.2,70.4,"Angamāli, India"
2784,21.1,86.5,302697,10_13,26.0,83.2,"Bhadrak, India"
2785,5.7,7.2,302345,13_1,6.8,6.4,"Umuelemai, Nigeria"
2786,0.0,-51.1,302309,14_48,0.4,307.2,"Zerão, Macapá, Brazil"
2787,-29.9,31.0,302276,18_4,-25.2,25.6,"eThekwini Ward 32, Durban, KwaZulu-Natal, South Africa"
2788,29.4,30.7,302145,9_4,32.4,25.6,"Ezbet Sharaf Ad Dean, Ibshawāy, Faiyum, Egypt"
2789,29.3,31.2,302076,9_4,32.4,25.6,"Al-Masloub, Al Wāsiţah, Faiyum, Egypt"
2790,48.5,35.0,301923,6_5,51.6,32.0,"Amur-Nyzhnodniprovskyi district, Dnipro, Dnipropetrovsk, Ukraine"
2791,32.3,74.4,301793,9_11,32.4,70.4,"Sahky, Daska Kalan, Punjab, Pakistan"
2792,35.2,128.7,301763,8_20,38.8,128.0,"Namyang-dong, Changwon, Gyeongsangnam-do, South Korea"
2793,11.4,79.7,301743,12_12,13.2,76.8,"Chidambaram, India"
2794,-29.7,-51.1,301596,18_48,-25.2,307.2,"Canudos, Novo Hamburgo, Rio Grande do Sul, Brazil"
2795,9.7,-13.4,301536,12_54,13.2,345.6,"Sambayah, Manéah, Kindia, Guinea"
2796,23.5,91.1,301430,10_14,26.0,89.6,"Mainamati, Comilla, Chittagong, Bangladesh"
2797,-6.0,106.0,301373,15_16,-6.0,102.4,"Makamkalong, Cilegon, Banten, Indonesia"
2798,34.4,132.4,301326,8_20,38.8,128.0,"Nishi Ward, Hiroshima, Japan"
2799,-34.8,-58.5,301159,19_47,-31.6,300.8,"Ezeiza, Buenos Aires, Argentina (E)"
2800,30.4,31.1,301083,9_4,32.4,25.6,"Al Bājūr, Egypt"
2801,10.1,76.5,300819,12_11,13.2,70.4,"Vengola Kizhakkumbāgam, India"
2802,16.8,-93.1,300786,11_41,19.6,262.4,"Tuxtla Gutiérrez, Tuxtla, Chiapas, Mexico"
2803,-8.3,-36.0,300780,15_50,-6.0,320.0,"Caruaru, Brazil"
2804,7.9,98.4,300726,12_15,13.2,96.0,"Phuket, Thailand"
2805,30.5,31.1,300674,9_4,32.4,25.6,"Quwaysina, Quwaysinā, Shibīn al Kawm, Monufia, Egypt"
2806,35.6,51.2,300586,8_8,38.8,51.2,"Irin, Eslamshahr, Tehran, Iran"
2807,30.3,71.9,300410,9_11,32.4,70.4,"Khanewal, Pakistan"
2808,24.1,-110.3,300379,10_39,26.0,249.6,"La Paz, Mexico"
2809,15.3,76.4,300368,11_11,19.6,70.4,"Hosapete, India"
2810,5.4,100.4,300226,13_15,6.8,96.0,"George Town, Malaysia"
2811,13.0,80.0,300210,12_12,13.2,76.8,"Srīperumbūdūr, India"
2812,19.5,72.8,299990,11_11,19.6,70.4,"Virar, Virār, Maharashtra, India"
2813,21.2,81.7,299985,10_12,26.0,76.8,"Raipur Tahsil, Raipur, Chhattisgarh, India"
2814,38.8,-9.3,299948,8_54,38.8,345.6,"Belas, Amadora, Lisbon, Portugal"
2815,-0.9,119.9,299864,14_18,0.4,115.2,"Palu, Indonesia"
2816,56.0,92.9,299780,5_14,58.0,89.6,"Krasnoyarsk Urban Okrug, Krasnoyarsk, Krasnoyarsk Krai, Russia"
2817,22.4,88.1,299621,10_13,26.0,83.2,"Māyāpur, Uluberiya, India"
2818,32.6,-115.5,299537,8_38,38.8,243.2,"Santa Isabel, Mexicali, Baja California, Mexico"
2819,22.6,75.8,299536,10_11,26.0,70.4,"Mhow, India"
2820,25.7,85.3,299519,10_13,26.0,83.2,"Hajipur, Hājīpur, Bihar, India (E)"
2821,24.5,81.3,299482,10_12,26.0,76.8,"Rewa, India"
2822,-8.1,112.0,299397,15_17,-6.0,108.8,"Ngunut, Indonesia"
2823,8.8,78.1,299382,12_12,13.2,76.8,"Thoothukudi, India"
2824,52.5,-2.0,299243,5_55,58.0,352.0,"Blakeley Hall, Birmingham, England, United Kingdom"
2825,52.1,23.7,299217,5_3,58.0,19.2,"Brest, Belarus"
2826,24.5,89.7,299125,10_14,26.0,89.6,"Ekdala, Sirajganj, Rajshahi Division, Bangladesh"
2827,37.4,126.8,299020,8_19,38.8,121.6,"Ansan-si, Incheon, South Korea"
2828,24.9,90.7,298943,10_14,26.0,89.6,"Rauba, Netrakona, Mymensingh Division, Bangladesh"
2829,8.7,77.7,298870,12_12,13.2,76.8,"Tirunelveli, India"
2830,30.1,71.4,298772,9_11,32.4,70.4,"Thati Lal, Multan, Punjab, Pakistan"
2831,-37.8,144.9,298658,19_22,-31.6,140.8,"Melbourne, Australia"
2832,27.3,56.3,298654,9_8,32.4,51.2,"Shahrak-e Nāmjū, Iran"
2833,27.2,56.3,298654,9_8,32.4,51.2,"Bandar Abbas, Iran"
2834,51.4,-0.3,298558,6_56,51.6,358.4,"Esher, United Kingdom"
2835,52.6,13.4,298480,5_2,58.0,12.8,"Gesundbrunnen, Germany"
2836,-16.2,33.6,298453,16_5,-12.4,32.0,"Tete, Mozambique"
2837,30.4,31.3,298335,9_4,32.4,25.6,"Mashtūl as Sūq, Sharqia, Egypt"
2838,15.4,36.4,298255,11_5,19.6,32.0,"Kassala, Sudan"
2839,20.7,-101.4,298252,10_40,26.0,256.0,"Ex Hacienda San José, Irapuato, Guanajuato, Mexico"
2840,25.5,80.3,298242,10_12,26.0,76.8,"Bānda, India"
2841,35.9,140.0,298121,8_21,38.8,134.4,"Kashiwa, Japan"
2842,10.5,-66.6,298076,12_45,13.2,288.0,"Guarenas, Venezuela"
2843,53.6,9.9,297836,5_1,58.0,6.4,"Eidelstedt, Hamburg-Nord, Hamburg, Germany"
2844,30.8,31.2,297818,9_4,32.4,25.6,"Sunbat, As Sanţah, Gharbia, Egypt"
2845,35.7,-0.7,297719,8_56,38.8,358.4,"Mers El Kebir, Oran, Algeria"
2846,11.4,-9.2,297616,12_54,13.2,345.6,"Siguiri, Guinea"
2847,41.7,-0.9,297548,7_56,45.2,358.4,"Juslibol, Zaragoza, Aragon, Spain"
2848,31.0,31.3,297536,9_4,32.4,25.6,"Samannūd, Al Mansurah, Egypt"
2849,6.9,80.0,297337,12_12,13.2,76.8,"Horaketiya, Homagama, Maharagama, Western Province, Sri Lanka"
2850,34.2,71.6,297186,8_11,38.8,70.4,"Kangra, Shabqadar, Khyber Pakhtunkhwa, Pakistan"
2851,11.1,39.7,297145,12_6,13.2,38.4,"Kombolcha, Ethiopia"
2852,29.4,31.2,297132,9_4,32.4,25.6,"Geziret al Nur, Al Wāsiţah, Faiyum, Egypt"
2853,49.2,-123.1,297011,6_37,51.6,236.8,"Sunset, Canada"
2854,45.4,-75.7,296932,6_44,51.6,281.6,"Ottawa, Canada"
2855,28.5,-16.3,296829,9_53,32.4,339.2,"Santa Cruz de Tenerife, Spain"
2856,38.3,38.3,296829,8_5,38.8,32.0,"Konak Mahallesi, Malatya, Turkey"
2857,26.6,89.0,296770,9_13,32.4,83.2,"Dhupgāri, India"
2858,25.7,85.5,296723,10_13,26.0,83.2,"Sahdai Buzurg, Mahnar Bazar, Bihar, India"
2859,41.4,128.2,296673,7_20,45.2,128.0,"Hyesan, North Korea"
2860,7.1,79.9,296531,12_12,13.2,76.8,"Katunayaka, Sri Lanka"
2861,30.3,31.4,296495,9_4,32.4,25.6,"Al-Munir, Mashtūl as Sūq, Sharqia, Egypt"
2862,-29.9,-51.1,296493,18_48,-25.2,307.2,"Cachoeirinha, Brazil"
2863,16.9,-99.9,296446,11_40,19.6,256.0,"Acapulco de Juárez, Mexico"
2864,29.4,-98.5,296279,9_40,32.4,256.0,"San Antonio, United States"
2865,25.8,89.3,296092,10_13,26.0,83.2,"Rangpur, Rangpur Division, Bangladesh (NE)"
2866,-7.6,110.9,296075,15_17,-6.0,108.8,"Kragilan, Jaten, Surakarta, Central Java, Indonesia"
2867,10.6,76.1,296056,12_11,13.2,70.4,"Kunnamkulam, Kerala, India"
2868,54.8,56.1,295942,5_8,58.0,51.2,"Ufa, Bashkortostan Republic, Russia (NE)"
2869,25.4,86.2,295814,10_13,26.0,83.2,"Begusarai, Bihar, India"
2870,8.1,4.2,295628,12_0,13.2,0.0,"Ibapon, Ogbomoso, Oyo State, Nigeria"
2871,22.3,88.4,295544,10_13,26.0,83.2,"Marjyada, Baruipur, West Bengal, India"
2872,2.8,-60.7,295327,13_46,6.8,294.4,"Boa Vista, Brazil"
2873,53.3,-6.3,295205,5_55,58.0,352.0,"Kimmage, Dublin, Ireland"
2874,13.6,100.3,295205,11_15,19.6,96.0,"Krathum Baen, Thailand"
2875,53.7,23.8,295202,5_3,58.0,19.2,"Hrodna, Belarus"
2876,24.2,89.9,295125,10_14,26.0,89.6,"Pathrail, Tangail, Dhaka Division, Bangladesh"
2877,-2.5,-44.3,295046,14_49,0.4,313.6,"Jardim Renascença I, São Luís, Brazil"
2878,43.6,-79.7,295004,7_43,45.2,275.2,"Streetsville, Mississauga, Ontario, Canada"
2879,4.5,7.2,294890,13_1,6.8,6.4,"Bonny, Nigeria"
2880,56.9,60.6,294844,5_9,58.0,57.6,"Uralmash, Yekaterinburg, Sverdlovsk Oblast, Russia"
2881,26.6,84.9,294690,9_13,32.4,83.2,"Mothīhāri, Bihar, India"
2882,26.1,86.2,294553,9_13,32.4,83.2,"Benipur, Bihar, India"
2883,35.1,138.9,294129,8_21,38.8,134.4,"Numazu, Japan"
2884,25.2,86.1,293879,10_13,26.0,83.2,"Luckeesarai, Bihar, India"
2885,50.9,7.0,293824,6_1,51.6,6.4,"Westhoven, Köln, North Rhine-Westphalia, Germany"
2886,32.8,35.0,293736,8_5,38.8,32.0,"Haifa, Israel"
2887,27.1,78.6,293729,9_12,32.4,76.8,"Shikohābād, India"
2888,26.0,-80.2,293710,10_43,26.0,275.2,"Hollywood, Pembroke Pines, Florida, United States"
2889,25.8,86.0,293621,10_13,26.0,83.2,"Khanpur, Rosera, Bihar, India"
2890,25.8,84.2,293554,10_13,26.0,83.2,"Ballia, Bānsdīh, Uttar Pradesh, India (E)"
2891,50.7,3.2,293517,6_0,51.6,0.0,"Laboureur, Roubaix, Hauts-de-France"
2892,28.9,77.7,293356,9_12,32.4,76.8,"Kharkhauda, Meerut, India"
2893,-1.3,-48.4,293286,14_48,0.4,307.2,"Comunidade Maritubinha, Ananindeua, Pará, Brazil"
2894,51.5,7.2,293226,6_1,51.6,6.4,"Hamme, Bochum, North Rhine-Westphalia, Germany"
2895,38.0,-1.1,293201,8_56,38.8,358.4,"Puente Tocinos, Murcia, Spain"
2896,53.2,45.0,293182,5_7,58.0,44.8,"Penza, Russia"
2897,43.3,-2.9,293089,7_55,45.2,352.0,"Derio, Bilbao, Basque Country, Spain"
2898,36.3,59.7,293037,8_9,38.8,57.6,"Mashhad County, Mashhad, Razavi Khorasan, Iran"
2899,40.6,-74.1,293010,7_44,45.2,281.6,"Mariners Harbor, United States"
2900,25.1,75.8,292925,10_11,26.0,70.4,"Ladpura Tehsil, Kota, Rajasthan, India (SW)"
2901,29.2,52.8,292923,9_8,32.4,51.2,"Akbarābād, Kavār, Iran"
2902,-6.8,110.9,292897,15_17,-6.0,108.8,"Hadipolo, Kudus, Central Java, Indonesia"
2903,39.9,-75.2,292610,7_44,45.2,281.6,"Cobbs Creek, United States"
2904,29.4,78.1,292500,9_12,32.4,76.8,"Bijnor, India"
2905,6.6,3.5,292387,13_0,6.8,0.0,"Ebute Ikorodu, Nigeria"
2906,12.8,77.7,292382,12_12,13.2,76.8,"Electronic City Phase I, India"
2907,33.5,-7.5,292236,8_55,38.8,352.0,"Lahraouyine, Morocco"
2908,22.7,89.1,292233,10_13,26.0,83.2,"Sātkhira, Bangladesh"
2909,31.2,32.0,292208,9_5,32.4,32.0,"Al Maţarīyah, Egypt"
2910,30.6,30.9,292184,9_4,32.4,25.6,"Ash Shuhadā’, Egypt"
2911,37.2,-3.6,292003,8_55,38.8,352.0,"Granada, Spain"
2912,25.9,-97.5,291950,10_41,26.0,262.4,"Heroica Matamoros, Mexico"
2913,10.4,107.1,291946,12_16,13.2,102.4,"Vũng Tàu, Vietnam"
2914,23.0,91.1,291916,10_14,26.0,89.6,"Sonapur, Maijdi, Chittagong, Bangladesh"
2915,31.9,34.8,291874,9_5,32.4,32.0,"Reẖovot, Israel"
2916,21.2,106.1,291837,10_16,26.0,102.4,"Bắc Ninh, Vietnam"
2917,26.5,80.5,291723,9_12,32.4,76.8,"Unnāo, Uttar Pradesh, India"
2918,-7.9,-34.9,291707,15_50,-6.0,320.0,"Paulista, Brazil"
2919,46.8,23.6,291703,6_3,51.6,19.2,"Cluj-Napoca, Romania"
2920,-9.3,28.3,291616,15_4,-6.0,25.6,"Haut-Katanga, Democratic Republic of the Congo"
2921,32.2,74.1,291607,9_11,32.4,70.4,"Ladhewala Waraich, Gujranwala, Pakistan"
2922,22.6,72.9,291454,10_11,26.0,70.4,"Anand, Gujarat, India"
2923,52.3,104.3,291281,5_16,58.0,102.4,"Marata, Irkutsk, Irkutsk Oblast, Russia"
2924,-6.9,108.5,291264,15_16,-6.0,102.4,"Sangkanmulya, Kuningan, West Java, Indonesia"
2925,41.8,-87.6,291259,7_42,45.2,268.8,"Hyde Park, Chicago, Illinois, United States"
2926,-9.5,147.2,291220,15_23,-6.0,147.2,"Port Moresby District, Port Moresby, Papua New Guinea"
2927,56.3,44.0,291203,5_6,58.0,38.4,"Nizhny Novgorod, Nizhniy Novgorod, Nizhny Novgorod Oblast, Russia (E)"
2928,-22.5,-44.1,291177,17_49,-18.8,313.6,"Volta Redonda, Brazil"
2929,13.5,23.3,291100,11_3,19.6,19.2,"Saraf Omra, Sudan"
2930,43.7,-79.8,290879,7_43,45.2,275.2,"Peel Region, Brampton, Ontario, Canada"
2931,5.8,7.0,290877,13_1,6.8,6.4,"Orlu, Nigeria"
2932,34.1,72.0,290584,8_11,38.8,70.4,"Risalpur Cantonment, Mardan, Pakistan"
2933,-20.5,-47.4,290464,17_48,-18.8,307.2,"Franca, Brazil"
2934,10.2,-64.6,290462,12_46,13.2,294.4,"Puerto La Cruz, Venezuela"
2935,4.1,9.6,290412,13_1,6.8,6.4,"Bonabéri, Cameroon"
2936,51.5,-2.6,290402,6_55,51.6,352.0,"Southmead, Bristol, England, United Kingdom"
2937,40.5,49.8,290289,7_7,45.2,44.8,"Bilajari, Azerbaijan"
2938,23.3,75.0,290261,10_11,26.0,70.4,"Ratlām, India"
2939,13.6,100.8,290231,11_15,19.6,96.0,"Ban Khlong Bang Sao Thong, Thailand"
2940,23.6,87.1,290073,10_13,26.0,83.2,"Rānīganj, India"
2941,-2.1,106.1,289989,14_16,0.4,102.4,"Pangkalpinang, Indonesia"
2942,-8.5,140.4,289981,15_21,-6.0,134.4,"Merauke, Indonesia"
2943,47.8,35.2,289943,6_5,51.6,32.0,"Balabyne, Zaporizhzhya, Ukraine"
2944,21.4,-77.9,289932,10_44,26.0,281.6,"Camagüey, Cuba"
2945,9.6,41.9,289886,12_6,13.2,38.4,"Saeed Abdalla Mek'abir, Dire Dawa, Ethiopia"
2946,24.4,91.4,289878,10_14,26.0,89.6,"Baniachong Upazila, Habiganj, Sylhet Division, Bangladesh"
2947,28.6,30.8,289814,9_4,32.4,25.6,"Dahrut, Maghāghah, Minya, Egypt"
2948,15.5,121.0,289737,11_18,19.6,115.2,"Cabanatuan City, Philippines"
2949,7.3,4.0,289736,12_0,13.2,0.0,"Akanran, Nigeria"
2950,16.7,74.3,289716,11_11,19.6,70.4,"Chinchwad, Kolhāpur, Maharashtra, India"
2951,21.0,105.7,289689,10_16,26.0,102.4,"Dại Mỗ, Bắc Từ Liêm, Vietnam"
2952,-27.5,153.0,289598,18_23,-25.2,147.2,"Indooroopilly, Australia"
2953,13.2,32.7,289521,12_5,13.2,32.0,"Rabak, Kosti, White Nile, Sudan"
2954,51.6,-0.4,289467,6_56,51.6,358.4,"Harrow, United Kingdom"
2955,-36.9,174.8,289397,19_27,-31.6,172.8,"Remuera, New Zealand"
2956,29.9,77.5,289220,9_12,32.4,76.8,"Sabdalpur, Sahāranpur, Uttar Pradesh, India"
2957,25.6,85.6,289217,10_13,26.0,83.2,"Mohiuddinnagar, Bihar, India"
2958,25.3,82.5,289207,10_12,26.0,76.8,"Khamaria, Gyānpur, Uttar Pradesh, India"
2959,23.0,-82.3,289191,10_43,26.0,275.2,"Vedado del Cotorro, Cuba"
2960,33.6,130.5,289055,8_20,38.8,128.0,"Sue, Fukuoka, Japan"
2961,-6.5,106.7,288983,15_16,-6.0,102.4,"Ciampea, Indonesia"
2962,32.5,35.9,288962,8_5,38.8,32.0,"Husn Camp, Irbid, Jordan"
2963,30.9,30.8,288930,9_4,32.4,25.6,"Al Qoddaba, Basyūn, Gharbia, Egypt"
2964,-33.9,25.5,288840,19_3,-31.6,19.2,"Westville, Khaya Mnandi, South Africa"
2965,35.9,139.4,288799,8_21,38.8,134.4,"Kawagoe, Saitama, Japan (W)"
2966,33.9,-118.0,288721,8_37,38.8,236.8,"Fullerton, United States"
2967,11.8,75.5,288688,12_11,13.2,70.4,"Tellicherry, India"
2968,25.8,85.4,288683,10_13,26.0,83.2,"Mahua, Mahnar Bazar, Bihar, India"
2969,37.3,-121.8,288667,8_37,38.8,236.8,"Alum Rock, San Jose, United States"
2970,10.4,105.4,288345,12_16,13.2,102.4,"Phường Bình Đức, Long Xuyên, An Giang, Vietnam"
2971,28.9,78.7,288276,9_12,32.4,76.8,"Malakpur Nizampur, Morādābād, Uttar Pradesh, India"
2972,-7.6,110.3,288269,15_17,-6.0,108.8,"Muntilan, Indonesia"
2973,24.1,91.0,288268,10_14,26.0,89.6,"Bhairab Upazila, Ashuganj City, Chittagong, Bangladesh"
2974,-7.5,112.6,288249,15_17,-6.0,108.8,"Tulangan Utara, Indonesia"
2975,25.9,86.8,288244,10_13,26.0,83.2,"Madhepura, Bihar, India"
2976,-25.7,28.2,288148,18_4,-25.2,25.6,"Tshwane Ward 54, Pretoria, Gauteng, South Africa"
2977,1.5,103.6,288120,13_16,6.8,102.4,"Skudai, Malaysia"
2978,13.8,44.1,288069,11_6,19.6,38.4,"Dhī as Sufāl, Yemen"
2979,28.9,77.1,288042,9_12,32.4,76.8,"Narela, India"
2980,-7.3,112.6,287941,15_17,-6.0,108.8,"Driyorejo, Indonesia"
2981,28.7,80.4,287746,9_12,32.4,76.8,"Dhangaḍhi̇̄, Nepal"
2982,0.1,32.5,287465,14_5,0.4,32.0,"Katabi, Uganda"
2983,-7.6,111.9,287437,15_17,-6.0,108.8,"Winong, Nganjuk, East Java, Indonesia"
2984,14.9,5.3,287305,11_0,19.6,0.0,"Tahoua, Niger"
2985,26.7,84.2,287298,9_13,32.4,83.2,"Kataiya, Bihar, India"
2986,25.5,86.0,287292,10_13,26.0,83.2,"Bāruni, Bihar, India"
2987,-26.1,27.9,286940,18_4,-25.2,25.6,"Roodepoort, South Africa"
2988,22.3,88.3,286857,10_13,26.0,83.2,"Iyarpur, Baruipur, West Bengal, India"
2989,31.1,30.7,286804,9_4,32.4,25.6,"Gamgamun, Disūq, Kafr el-Sheikh, Egypt"
2990,52.2,21.1,286795,5_3,58.0,19.2,"Augustówka, Warsaw, Mazovia, Poland"
2991,40.4,71.8,286781,7_11,45.2,70.4,"Fergana, Uzbekistan"
2992,14.9,-92.3,286749,11_41,19.6,262.4,"Tapachula, Mexico"
2993,-15.5,-70.1,286698,16_45,-12.4,288.0,"Juliaca, Peru"
2994,-34.9,-57.9,286532,19_47,-31.6,300.8,"Villa Nueva, La Plata, Buenos Aires, Argentina"
2995,26.1,86.6,286429,9_13,32.4,83.2,"Supaul, Bihar, India"
2996,26.7,77.9,286339,9_12,32.4,76.8,"Dhaulpur, India"
2997,28.3,68.4,286034,9_10,32.4,64.0,"Jacobabad, Pakistan"
2998,24.0,-104.7,285910,10_39,26.0,249.6,"Municipio de Durango, Victoria de Durango, Durango, Mexico"
2999,23.7,86.2,285851,10_13,26.0,83.2,"Chas, Bokāro, Jharkhand, India (E)"
3000,-16.1,-48.0,285833,16_48,-12.4,307.2,"Chácaras Marambaia, Valparaíso de Goiás, Goiás, Brazil"
3001,40.7,22.9,285735,7_3,45.2,19.2,"Oraiokastro Community, Thessaloníki, Central Macedonia, Greece"
3002,-18.0,-67.1,285575,16_45,-12.4,288.0,"Oruro, Bolivia"
3003,43.8,11.2,285570,7_1,45.2,6.4,"Novoli, Florence, Tuscany, Italy"
3004,5.5,-4.0,285456,13_55,6.8,352.0,"Anyama, Abobo, Ivory Coast"
3005,-9.6,-35.8,285388,15_50,-6.0,320.0,"Satuba, Maceió, Brazil"
3006,20.6,72.9,285144,10_11,26.0,70.4,"Valsād, India"
3007,11.0,106.8,285060,12_16,13.2,102.4,"Khu phố Tân Triều, Biên Hòa, Dong Nai, Vietnam"
3008,15.4,32.5,284929,11_5,19.6,32.0,"Wad ad Dagal, Khartoum, Sudan"
3009,37.8,32.5,284801,8_5,38.8,32.0,"Meram, Konya, Turkey"
3010,-0.9,131.3,284623,14_20,0.4,128.0,"Sorong, Indonesia"
3011,-5.0,39.1,284584,14_6,0.4,38.4,"Mpirani, Tanga, Tanzania"
3012,-5.1,39.1,284584,14_6,0.4,38.4,"Mwambani village, Tanga, Tanzania"
3013,8.5,8.5,284352,12_1,13.2,6.4,"Lafia, Nigeria"
3014,-24.0,-46.5,284264,17_48,-18.8,307.2,"Praia Grande, Brazil"
3015,36.2,36.2,284201,8_5,38.8,32.0,"Kuruyer, Antakya, Hatay, Turkey"
3016,55.0,83.0,284156,5_12,58.0,76.8,"Novosibirsk, Novosibirsk Oblast, Russia (E)"
3017,14.2,-16.1,284149,11_53,19.6,339.2,"Diaglé Ngor, Kaolack, Senegal"
3018,19.7,-72.2,284092,10_44,26.0,281.6,"3e Génipailler, Cap-Haïtien, Haiti"
3019,53.4,-1.5,284089,5_56,58.0,358.4,"Hillsborough, Sheffield, England, United Kingdom"
3020,34.7,50.9,284041,8_7,38.8,44.8,"Qom County, Qom, Qom Province, Iran"
3021,-10.9,26.6,283971,15_4,-6.0,25.6,"Mumpundu, Kambove, Haut-Katanga, Democratic Republic of the Congo"
3022,36.9,42.8,283635,8_6,38.8,38.4,"Sumayl, Iraq"
3023,3.1,43.7,283532,13_6,6.8,38.4,"El Au Uegher, Baidoa, Bay, Somalia"
3024,5.9,116.1,283269,13_18,6.8,115.2,"Putatan, Kota Kinabalu, Malaysia"
3025,27.4,82.2,283225,9_12,32.4,76.8,"Balrāmpur, India"
3026,-8.0,112.7,282887,15_17,-6.0,108.8,"Gedangsewu, Malang, East Java, Indonesia"
3027,38.0,58.4,282871,8_9,38.8,57.6,"Choganly, Ashgabat, Turkmenistan"
3028,-23.6,-46.9,282717,17_48,-18.8,307.2,"Cotia, Brazil"
3029,35.9,139.9,282712,8_21,38.8,134.4,"Nagareyama, Japan"
3030,11.9,13.2,282658,12_2,13.2,12.8,"Gongulong Bulamari, Maiduguri, Borno State, Nigeria"
3031,25.3,89.5,282631,10_13,26.0,83.2,"Ramchandrapur, Gaibandha, Rangpur Division, Bangladesh"
3032,25.9,86.0,282619,10_13,26.0,83.2,"Bānsdih, Bihar, India"
3033,5.6,5.7,282532,13_0,6.8,0.0,"Jeddo, Effurun, Warri, Delta, Nigeria"
3034,43.1,132.0,282531,7_20,45.2,128.0,"Vladivostok, Russia"
3035,43.1,131.9,282531,7_20,45.2,128.0,"Vladivostok City District, Vladivostok, Russia"
3036,22.1,-100.9,282465,10_40,26.0,256.0,"Laguna de Santa Rita, San Luis Potosí, Mexico"
3037,39.6,67.0,282435,7_10,45.2,64.0,"Kushmachit, Samarkand, Samarqand Region, Uzbekistan"
3038,33.9,130.8,282320,8_20,38.8,128.0,"Sutara, Kitakyushu, Fukuoka, Japan"
3039,22.2,88.2,282288,10_13,26.0,83.2,"Diamond Harbour, West Bengal, India"
3040,24.9,79.6,282254,10_12,26.0,76.8,"Chhatarpur, India"
3041,-8.1,111.9,282181,15_17,-6.0,108.8,"Boyolangu, Indonesia"
3042,29.3,76.3,282166,9_11,32.4,70.4,"Jīnd, India"
3043,5.5,7.1,282131,13_1,6.8,6.4,"Emekukwu, Owerri, Imo State, Nigeria"
3044,25.1,121.4,281820,10_18,26.0,115.2,"New Taipei City, Taiwan"
3045,45.7,4.9,281799,6_0,51.6,0.0,"Berliet et environs, Lyon, Rhône-Alpes, France"
3046,29.1,48.1,281784,9_7,32.4,44.8,"Al Aḩmadī, Kuwait"
3047,5.9,6.9,281745,13_1,6.8,6.4,"Ozubulu, Ihiala, Anambra, Nigeria"
3048,-0.6,30.7,281676,14_4,0.4,25.6,"National Teachers' College, Mbarara, Uganda"
3049,30.6,31.7,281654,9_4,32.4,25.6,"Al Qurayn, Egypt"
3050,52.5,-2.1,281586,5_55,58.0,352.0,"Dudley, United Kingdom"
3051,-7.2,-39.3,281516,15_50,-6.0,320.0,"Juazeiro do Norte, Brazil"
3052,55.6,12.9,281454,5_2,58.0,12.8,"Limhamn, Malmö, Sweden"
3053,55.6,13.0,281454,5_2,58.0,12.8,"Davidshall, Malmö, Sweden"
3054,30.4,30.9,281405,9_4,32.4,25.6,"Sudud, Munūf, Monufia, Egypt"
3055,24.3,91.7,281261,10_14,26.0,89.6,"Srimangal, Bangladesh"
3056,22.5,88.6,281261,10_13,26.0,83.2,"Kalikapur, Rajpur Sonarpur, West Bengal, India"
3057,39.7,-105.0,281251,7_39,45.2,249.6,"Denver, Colorado, United States"
3058,29.8,76.4,281172,9_11,32.4,70.4,"Kaithal, India"
3059,-37.9,144.7,280953,19_22,-31.6,140.8,"Point Cook, Australia"
3060,41.1,28.7,280913,7_4,45.2,25.6,"Başakşehir, Turkey"
3061,-20.3,57.5,280609,17_8,-18.8,51.2,"Vacoas, Mauritius"
3062,26.7,67.8,280501,9_10,32.4,64.0,"Dadu, Pakistan"
3063,-33.8,151.1,280477,19_23,-31.6,147.2,"Ryde, Australia"
3064,-6.9,39.1,280429,15_6,-6.0,38.4,"Kisarawe, Pwani, Tanzania"
3065,37.3,-122.0,280426,8_37,38.8,236.8,"Santa Clara, United States"
3066,35.3,139.5,280361,8_21,38.8,134.4,"Fujisawa, Kanagawa, Japan"
3067,23.3,77.5,280317,10_12,26.0,76.8,"Kanasaiya, Bhopal, Madhya Pradesh, India"
3068,6.4,2.2,280309,13_0,6.8,0.0,"Hévié, Benin"
3069,36.5,2.9,280307,8_0,38.8,0.0,"Cherifia, Blida, Algeria"
3070,15.0,120.7,280276,11_18,19.6,115.2,"San Vicente, San Fernando, Central Luzon, Philippines (S)"
3071,30.7,31.0,280261,9_4,32.4,25.6,"Talā, Tanta, Egypt"
3072,-11.6,27.4,280174,15_4,-6.0,25.6,"Poleni, Lubumbashi, Haut-Katanga, Democratic Republic of the Congo"
3073,32.3,74.7,280147,9_11,32.4,70.4,"Pasrur, Pakistan"
3074,22.9,90.8,280070,10_14,26.0,89.6,"Lakshmipur Sadar Upazila, Lakshmīpur, Chittagong, Bangladesh"
3075,33.9,130.9,279909,8_20,38.8,128.0,"Akasaka-kaigan, Kitakyushu, Fukuoka, Japan"
3076,51.9,4.5,279689,5_0,58.0,0.0,"Afrikaanderwijk, Rotterdam, South Holland, The Netherlands"
3077,34.4,47.1,279607,8_7,38.8,44.8,"Nūkān, Kermanshah, Iran"
3078,6.9,7.5,279603,12_1,13.2,6.4,"Obollo-Afor, Enugu-Ezike, Nigeria"
3079,24.0,90.2,279512,10_14,26.0,89.6,"Savar Subdistrict, Mirzāpur, Dhaka Division, Bangladesh"
3080,41.3,2.0,279392,7_0,45.2,0.0,"Gavà, Sant Boi de Llobregat, Catalonia, Spain"
3081,26.5,31.8,279333,9_4,32.4,25.6,"Al-Manshah, Al Minshāh, Sohag, Egypt"
3082,35.6,51.3,279316,8_8,38.8,51.2,"Eslamshahr County, Eslamshahr, Tehran, Iran"
3083,36.3,6.6,279287,8_1,38.8,6.4,"Aïn El Bey, Constantine, Algeria"
3084,35.0,137.1,279170,8_21,38.8,134.4,"Anjō, Aichi, Japan"
3085,-9.1,13.4,278455,15_2,-6.0,12.8,"Calumbo, Angola"
3086,42.0,21.4,278426,7_3,45.2,19.2,"Skopje, North Macedonia"
3087,24.9,91.8,278215,10_14,26.0,89.6,"South Surma, Sylhet, Sylhet Division, Bangladesh"
3088,45.1,39.0,277969,7_6,45.2,38.4,"Peter Metalnikov Microdistrict, Krasnodar, Krasnodar Krai, Russia"
3089,24.8,88.9,277951,10_13,26.0,83.2,"Naogaon Sadar Upazila, Pār Naogaon, Rajshahi Division, Bangladesh"
3090,34.3,71.9,277647,8_11,38.8,70.4,"Takkar, Noorabad, Khyber Pakhtunkhwa, Pakistan"
3091,-6.1,106.5,277469,15_16,-6.0,102.4,"Lembang Sari, Pasarkemis, West Java, Indonesia"
3092,31.1,31.6,277379,9_4,32.4,25.6,"Dikirnis, Egypt"
3093,14.5,-90.5,277170,11_42,19.6,268.8,"Villa Canales, Guatemala"
3094,4.6,7.3,277151,13_1,6.8,6.4,"Kpor, Bori, Nigeria"
3095,30.3,-97.7,277070,9_40,32.4,256.0,"Austin, United States"
3096,-2.9,104.7,277033,14_16,0.4,102.4,"Kebun Bunga, Palembang, South Sumatra, Indonesia"
3097,34.5,135.6,277028,8_21,38.8,134.4,"Tondabayashichō, Japan"
3098,31.6,48.9,277006,9_7,32.4,44.8,"Naddāfīyeh, Iran"
3099,-7.2,110.4,276984,15_17,-6.0,108.8,"Sukorejo, Ungaran, Central Java, Indonesia"
3100,18.4,-66.0,276866,11_45,19.6,288.0,"Carolina, Puerto Rico"
3101,9.3,42.1,276727,12_6,13.2,38.4,"Jugel, Harar, Harari, Ethiopia"
3102,51.5,-3.2,276410,6_55,51.6,352.0,"Cardiff, United Kingdom"
3103,4.5,34.2,276399,13_5,6.8,32.0,"Kapoeta East, South Sudan"
3104,6.5,38.8,276389,13_6,6.8,38.4,"Sidama, Ethiopia"
3105,6.5,2.3,276279,13_0,6.8,0.0,"Drabo, Abomey-Calavi, Atlantique, Benin"
3106,-4.6,136.9,276253,14_21,0.4,134.4,"Wonosari Jaya, Mapurujaya, Central Papua, Indonesia"
3107,-1.0,100.4,276244,14_15,0.4,96.0,"Gates Nan Xx, Padang, West Sumatra, Indonesia"
3108,50.6,3.1,276187,6_0,51.6,0.0,"Grand Ronchin, Lille, Hauts-de-France"
3109,30.9,31.2,276069,9_4,32.4,25.6,"Samannūd, Al Maḩallah al Kubrá, Egypt"
3110,-7.2,112.8,275853,15_17,-6.0,108.8,"Bulak, Surabaya, East Java, Indonesia"
3111,14.3,44.4,275830,11_6,19.6,38.4,"Yarīm, Yemen"
3112,10.4,-9.3,275800,12_54,13.2,345.6,"Kankan, Guinea"
3113,33.8,-118.3,275375,8_37,38.8,236.8,"Torrance, United States"
3114,26.2,-80.2,275317,9_43,32.4,275.2,"Lauderhill, United States"
3115,36.7,68.9,275312,8_10,38.8,64.0,"Kunduz, Afghanistan"
3116,5.7,-0.3,275300,13_56,6.8,358.4,"Atsiaman, Ghana"
3117,49.2,16.6,275209,6_2,51.6,12.8,"Brno, Czechia"
3118,50.3,18.9,275087,6_2,51.6,12.8,"Lipiny, Bytom, Silesia, Poland"
3119,34.0,-118.1,275020,8_37,38.8,236.8,"East Los Angeles, United States"
3120,7.7,8.5,275005,12_1,13.2,6.4,"Makurdi, Nigeria"
3121,-19.5,-42.6,274947,17_49,-18.8,313.6,"Ipatinga, Brazil"
3122,-33.0,-60.6,274807,19_46,-31.6,294.4,"Distrito Secciones, Rosario, Santa Fe, Argentina"
3123,28.7,30.8,274732,9_4,32.4,25.6,"Dahmarū, Maghāghah, Minya, Egypt"
3124,3.4,117.6,274681,13_18,6.8,115.2,"Tarakan, Indonesia"
3125,-23.4,-46.7,274537,17_48,-18.8,307.2,"Parque Suiça, Brasilandia, São Paulo, Brazil"
3126,9.0,7.4,274447,12_1,13.2,6.4,"Galadimawa Village, Abuja, FCT, Nigeria"
3127,2.9,-75.3,274413,13_44,6.8,281.6,"Neiva, Colombia"
3128,5.6,7.1,274373,13_1,6.8,6.4,"Ngugu, Orodo, Imo State, Nigeria"
3129,7.2,3.3,274312,12_0,13.2,0.0,"Sabo, Abeokuta, Ogun State, Nigeria"
3130,34.1,72.6,274187,8_11,38.8,70.4,"Topi, Pakistan"
3131,7.2,2.1,274169,12_0,13.2,0.0,"Bohicon, Benin"
3132,-22.3,-49.1,274168,17_48,-18.8,307.2,"Bauru, Brazil"
3133,-11.8,-77.1,274126,15_44,-6.0,281.6,"Santa Rosa, Urb. Santo Domingo, Peru"
3134,15.8,-86.8,274098,11_42,19.6,268.8,"La Ceiba, Honduras"
3135,42.7,23.4,274015,7_3,45.2,19.2,"Sredec, Sofia, Sofia-Capital, Bulgaria"
3136,-36.9,174.7,274001,19_27,-31.6,172.8,"Avondale, New Zealand"
3137,38.3,141.0,273874,8_22,38.8,140.8,"Tagajō-shi, Japan"
3138,39.7,-104.9,273862,7_39,45.2,249.6,"Aurora, Colorado, United States"
3139,-1.0,-80.7,273757,14_43,0.4,275.2,"Manta, Ecuador"
3140,23.4,91.1,273724,10_14,26.0,89.6,"Pomtola, Comilla, Chittagong, Bangladesh"
3141,30.9,30.7,273678,9_4,32.4,25.6,"Ītāy al Bārūd, Beheira, Egypt"
3142,33.6,36.4,273628,8_5,38.8,32.0,"Dūmā, Syria"
3143,25.8,-80.3,273563,10_43,26.0,275.2,"Miami-Dade County, Hialeah, Florida, United States"
3144,24.2,90.9,273435,10_14,26.0,89.6,"Kuliarchar, Bājitpur, Dhaka Division, Bangladesh"
3145,40.7,-73.6,273179,7_44,45.2,281.6,"Hempstead, United States"
3146,27.5,68.2,273173,9_10,32.4,64.0,"Jumo Shaikh, Larkana, Sindh, Pakistan"
3147,26.0,88.5,273159,10_13,26.0,83.2,"Thākurgaon, Bangladesh"
3148,23.9,90.0,273024,10_14,26.0,89.6,"Garpara, Mānikganj, Dhaka Division, Bangladesh"
3149,31.2,31.5,272889,9_4,32.4,25.6,"Ezbet Al Sheikh Simeit, Shirbīn, Dakahlia, Egypt"
3150,53.8,-1.8,272817,5_55,58.0,352.0,"Scholemoor, Bradford, England, United Kingdom"
3151,28.9,30.9,272689,9_4,32.4,25.6,"Nazlat al Zawiyah, Sumusţā al Waqf, Beni Suweif, Egypt"
3152,-23.2,-46.9,272602,17_48,-18.8,307.2,"Jundiaí, Brazil"
3153,-4.1,39.7,272522,14_6,0.4,38.4,"Mvita, Mombasa, Kenya"
3154,35.9,14.5,272450,8_2,38.8,12.8,"Birkirkara, Malta"
3155,37.8,-122.2,272427,8_37,38.8,236.8,"Oakland, United States"
3156,6.1,102.3,272094,13_15,6.8,96.0,"Kampung Wakaf Tanjung, Kota Bharu, Kelantan, Malaysia"
3157,13.6,24.1,271926,11_3,19.6,19.2,"Shoba Marsus, Kabkābīyah, Northern Darfur, Sudan"
3158,3.1,101.4,271888,13_15,6.8,96.0,"Kapar, Malaysia"
3159,27.1,31.3,271826,9_4,32.4,25.6,"Nazlet Baqur, Abū Tīj, Asyut, Egypt"
3160,31.5,73.2,271787,9_11,32.4,70.4,"Chak 266 RB, Chak Jhumra, Punjab, Pakistan"
3161,35.2,-0.6,271742,8_56,38.8,358.4,"Sidi Bel Abbes, Algeria"
3162,33.4,-111.8,271685,8_38,38.8,243.2,"Maricopa County, Mesa, Arizona, United States"
3163,0.2,32.6,271620,14_5,0.4,32.0,"Bunamwaya, Uganda"
3164,52.6,-1.1,271150,5_56,58.0,358.4,"South Wigston, Leicester, England, United Kingdom"
3165,5.7,7.0,271070,13_1,6.8,6.4,"Nnenasa, Orlu, Nigeria"
3166,-24.2,-65.3,271045,17_46,-18.8,294.4,"San Salvador de Jujuy, Argentina"
3167,23.1,90.9,271012,10_14,26.0,89.6,"Ramganj Upazila, Rāmganj, Chittagong, Bangladesh"
3168,16.0,120.3,270917,11_18,19.6,115.2,"Dagupan, Philippines"
3169,37.5,15.1,270906,8_2,38.8,12.8,"Catania, Italy"
3170,-6.8,108.6,270704,15_16,-6.0,102.4,"Astanajapura, Indonesia"
3171,39.2,127.4,270471,7_19,45.2,121.6,"Wŏnsan, North Korea"
3172,29.3,30.7,270439,9_4,32.4,25.6,"Tubhar, Ibshawāy, Faiyum, Egypt"
3173,-23.3,-46.7,270425,17_48,-18.8,307.2,"Francisco Morato, Brazil"
3174,2.8,40.9,270343,13_6,6.8,38.4,"El Wak, Kenya"
3175,44.4,26.2,270299,7_4,45.2,25.6,"Sector 3, Bucharest, Romania"
3176,14.5,44.4,270219,11_6,19.6,38.4,"Dhamār, Yemen"
3177,-7.1,107.9,270123,15_16,-6.0,102.4,"Salamnunggal, Indonesia"
3178,34.5,133.4,269923,8_20,38.8,128.0,"Fukuyama, Japan"
3179,37.9,-4.8,269784,8_55,38.8,352.0,"Córdoba, Spain"
3180,8.7,3.4,269572,12_0,13.2,0.0,"Ilua, Saki, Oyo State, Nigeria"
3181,36.7,3.4,269455,8_0,38.8,0.0,"Boudouaou, Algeria"
3182,29.7,31.3,269452,9_4,32.4,25.6,"Al ‘Ayyāţ, Egypt"
3183,38.0,125.7,269311,8_19,38.8,121.6,"Haeju, North Korea"
3184,40.4,50.0,269267,7_7,45.2,44.8,"Qaraçuxur, Baku, Azerbaijan"
3185,23.0,120.3,269248,10_18,26.0,115.2,"Yongkang, Tainan, Taiwan"
3186,24.4,89.0,269229,10_13,26.0,83.2,"Chakrampur, Natore, Rajshahi Division, Bangladesh"
3187,49.5,8.5,269224,6_1,51.6,6.4,"Neckarstadt-Ost, Mannheim, Baden-Wurttemberg, Germany"
3188,45.4,9.2,269195,6_1,51.6,6.4,"Parco delle Abbazie, Milan, Lombardy, Italy"
3189,35.4,8.1,269043,8_1,38.8,6.4,"Tébessa, Algeria"
3190,44.3,23.8,269009,7_3,45.2,19.2,"Craiova, Romania"
3191,48.5,135.1,269008,6_21,51.6,134.4,"Khabarovsk, Russia"
3192,51.5,7.0,268974,6_1,51.6,6.4,"Altenessen-Nord, Essen, North Rhine-Westphalia, Germany"
3193,34.7,134.9,268944,8_21,38.8,134.4,"Higashinozoe, Akashi, Japan"
3194,30.9,31.3,268907,9_4,32.4,25.6,"Aga, Egypt"
3195,53.6,10.1,268795,5_1,58.0,6.4,"Wandsbek, Germany"
3196,3.0,30.9,268669,13_4,6.8,25.6,"Arua, Uganda"
3197,40.3,-3.9,268624,7_55,45.2,352.0,"Valdefuentes, Móstoles, Madrid, Spain"
3198,6.8,80.0,268623,13_12,6.8,76.8,"Kiriwaththuduwa North, Homagama, Maharagama, Western Province, Sri Lanka"
3199,25.8,-109.0,268607,10_39,26.0,249.6,"Los Mochis, Mexico"
3200,22.3,-97.9,268567,10_40,26.0,256.0,"Tampico, Mexico"
3201,59.8,30.4,268505,4_4,64.4,25.6,"Rybatskoye, Russia"
3202,30.0,70.6,268419,9_11,32.4,70.4,"Kothewal, Dera Ghazi Khan, Punjab, Pakistan"
3203,55.6,37.8,268201,5_5,58.0,32.0,"Orekhovo-Borisovo, Russia"
3204,36.7,-4.5,267970,8_55,38.8,352.0,"Churriana, Málaga, Andalusia, Spain"
3205,-6.8,107.2,267845,15_16,-6.0,102.4,"Ciherang, Cianjur, West Java, Indonesia"
3206,-6.3,14.2,267843,15_2,-6.0,12.8,"Mbanza Kongo, Angola"
3207,47.9,33.4,267836,6_5,51.6,32.0,"Kryvyy Rih, Ukraine"
3208,41.1,-8.6,267813,7_54,45.2,345.6,"Porto, Portugal"
3209,21.2,-86.9,267720,10_42,26.0,268.8,"Cancún, Mexico"
3210,-25.8,28.1,267588,18_4,-25.2,25.6,"Tshwane Ward 61, Pretoria, Gauteng, South Africa"
3211,23.6,91.0,267540,10_14,26.0,89.6,"Debidwar, Narayanpur, Chittagong, Bangladesh"
3212,45.5,-122.6,267456,6_37,51.6,236.8,"South Tabor, Portland, Oregon, United States"
3213,33.2,44.3,267455,8_6,38.8,38.4,"Abū Ghurayb, Baghdad, Iraq"
3214,50.4,30.4,267202,6_4,51.6,25.6,"Solomyansk, Ukraine"
3215,56.1,47.3,267193,5_7,58.0,44.8,"Kalininskiy District, Cheboksary, Chuvash Republic, Russia"
3216,52.4,4.8,267165,5_0,58.0,0.0,"Nieuw-West, Amsterdam, North Holland, The Netherlands"
3217,4.1,-73.6,267126,13_44,6.8,281.6,"Villavicencio, Colombia"
3218,29.4,48.0,266839,9_7,32.4,44.8,"Kuwait City, Kuwait"
3219,49.0,2.4,266832,6_0,51.6,0.0,"Sarcelles, France"
3220,19.5,-72.7,266751,11_44,19.6,281.6,"2e Bassin, Gonaïves, Artibonite, Haiti"
3221,50.9,6.9,266711,6_1,51.6,6.4,"Efferen, Köln, North Rhine-Westphalia, Germany"
3222,30.7,31.5,266674,9_4,32.4,25.6,"Al Ibrāhīmīyah, Egypt"
3223,-26.9,-48.7,266633,18_48,-25.2,307.2,"Itajaí, Brazil"
3224,26.5,50.0,266576,9_7,32.4,44.8,"Mallahah, Al Qaţīf, Eastern Province, Saudi Arabia"
3225,11.2,125.0,266534,12_19,13.2,121.6,"Tacloban, Philippines"
3226,31.1,72.7,266443,9_11,32.4,70.4,"Chak 157 GB, Gojra, Punjab, Pakistan"
3227,4.5,7.4,266381,13_1,6.8,6.4,"Ngo, Nigeria"
3228,48.7,44.5,266363,6_6,51.6,38.4,"Volgograd, Russia"
3229,42.0,-87.8,266255,7_42,45.2,268.8,"Portage Park, United States"
3230,33.6,-112.1,266171,8_38,38.8,243.2,"Deer Valley, United States"
3231,10.3,-67.6,266128,12_45,13.2,288.0,"Parroquia Los Tacariguas, Maracay, Aragua, Venezuela"
3232,32.9,13.2,266109,8_2,38.8,12.8,"Zawiat Aldehmany, Tripoli, Libya"
3233,53.5,-2.1,265968,5_55,58.0,352.0,"Hurst, Oldham, England, United Kingdom"
3234,-8.3,113.5,265945,15_17,-6.0,108.8,"Darungan, Indonesia"
3235,34.1,-118.4,265902,8_37,38.8,236.8,"Hollywood, United States"
3236,29.6,31.3,265851,9_4,32.4,25.6,"Al-Fahmyyin, Aş Şaff, Giza, Egypt"
3237,30.4,31.5,265757,9_4,32.4,25.6,"Al-Jawsaq, Bilbeis, Sharqia, Egypt"
3238,31.1,46.3,265746,9_7,32.4,44.8,"Nasiriyah, Dhi Qar, Iraq"
3239,5.2,7.7,265663,13_1,6.8,6.4,"Ikot Obon Edon, Ikot Ekpene, Akwa Ibom State, Nigeria"
3240,48.7,2.4,265396,6_0,51.6,0.0,"Savigny-sur-Orge, France"
3241,24.8,46.9,265367,10_7,26.0,44.8,"Al-Nazim District, Riyadh, Riyadh Region, Saudi Arabia"
3242,-22.9,-47.0,265302,17_48,-18.8,307.2,"Sítios de Recreio Gramado, Campinas, São Paulo, Brazil"
3243,31.8,47.1,265137,9_7,32.4,44.8,"Albu thanwan, Al ‘Amārah, Maysan, Iraq"
3244,30.8,31.3,265076,9_4,32.4,25.6,"Sahrajat al Sughra wa Kafr al Sayyid, Mīt Ghamr, Dakahlia, Egypt"
3245,30.4,47.7,265061,9_7,32.4,44.8,"Az Zubayr, Iraq"
3246,-6.9,108.9,265010,15_17,-6.0,108.8,"Kemurang Wetan, Ketanggungan, Central Java, Indonesia"
3247,34.1,-117.9,264980,8_37,38.8,236.8,"West Covina, United States"
3248,-6.0,106.1,264913,15_16,-6.0,102.4,"Pabean, Cilegon, Banten, Indonesia"
3249,51.0,7.0,264902,6_1,51.6,6.4,"Flittard, Leverkusen, Köln, North Rhine-Westphalia, Germany"
3250,32.4,48.4,264728,9_7,32.4,44.8,"Dezful, Iran"
3251,31.0,29.8,264678,9_4,32.4,25.6,"Burj al ‘Arab al Jadīdah, Egypt"
3252,35.4,136.8,264635,8_21,38.8,134.4,"Gifu, Japan"
3253,-5.8,-35.3,264455,14_50,0.4,320.0,"São Gonçalo do Amarante, Natal, Brazil"
3254,-7.4,109.4,264315,15_17,-6.0,108.8,"Purbalingga, Indonesia"
3255,30.5,31.6,264298,9_4,32.4,25.6,"Abū Ḩammād, Bilbeis, Egypt"
3256,31.8,74.3,264252,9_11,32.4,70.4,"Nangal Kaswala, Muridke, Punjab, Pakistan"
3257,30.7,30.9,264189,9_4,32.4,25.6,"Talā, Egypt"
3258,39.7,66.9,264119,7_10,45.2,64.0,"Fatima Kasimova, Samarkand, Samarqand Region, Uzbekistan"
3259,8.6,-70.2,264116,12_45,13.2,288.0,"Barinas, Venezuela"
3260,29.5,-98.6,264085,9_40,32.4,256.0,"Bexar County, Leon Valley, Texas, United States"
3261,25.8,-97.5,264013,10_41,26.0,262.4,"El Galaneño, Heroica Matamoros, Mexico"
3262,10.0,105.1,263803,12_16,13.2,102.4,"Rạch Giá, Vietnam"
3263,35.9,64.8,263785,8_10,38.8,64.0,"Maymana, Afghanistan"
3264,-15.2,12.2,263587,16_1,-12.4,6.4,"Mossamedes, Angola"
3265,53.5,-2.3,263375,5_55,58.0,352.0,"Irlams o' th' Height, Manchester, England, United Kingdom"
3266,23.1,90.7,263350,10_14,26.0,89.6,"Putia, Rāipur, Chittagong, Bangladesh"
3267,33.7,-117.8,263287,8_37,38.8,236.8,"Irvine, United States"
3268,-5.0,18.8,263250,14_2,0.4,12.8,"Kinzambi, Kikwit, Kwilu, Democratic Republic of the Congo"
3269,-1.2,36.8,263171,14_5,0.4,32.0,"Karuri, Nairobi, Kenya"
3270,11.5,-72.9,263083,12_44,13.2,281.6,"Riohacha, Colombia"
3271,-17.4,-66.3,263039,16_45,-12.4,288.0,"Quillacollo, Bolivia"
3272,38.0,23.6,262957,8_3,38.8,19.2,"Piraeus, Greece"
3273,24.1,89.6,262810,10_14,26.0,89.6,"Santhia Upazila, Bera, Rajshahi Division, Bangladesh"
3274,30.4,-97.7,262796,9_40,32.4,256.0,"Wells Branch, Pflugerville, United States"
3275,45.5,-73.5,262396,6_44,51.6,281.6,"Longueuil, Canada"
3276,23.5,90.5,262218,10_14,26.0,89.6,"Mirkadim, Narayanganj, Dhaka Division, Bangladesh"
3277,4.1,-76.2,262208,13_44,6.8,281.6,"Tuluá, Colombia"
3278,-6.2,23.6,262196,15_3,-6.0,19.2,"Kena Nkuna, Mbuji-Mayi, East Kasai, Democratic Republic of the Congo"
3279,40.7,46.3,262039,7_7,45.2,44.8,"Sevinc, Ganja, Gǝncǝ, Azerbaijan"
3280,51.5,6.9,262023,6_1,51.6,6.4,"Oberhausen, Germany"
3281,-7.7,109.7,261390,15_17,-6.0,108.8,"Jatisari, Kebumen, Central Java, Indonesia"
3282,47.3,39.7,261387,6_6,51.6,38.4,"Verkhnetemernitzkiy, Rostov-on-Don, Russia"
3283,33.6,36.3,261351,8_5,38.8,32.0,"At Tall, Damascus, Syria"
3284,37.7,127.2,261334,8_19,38.8,121.6,"Namyangju, South Korea"
3285,3.6,98.8,261291,13_15,6.8,96.0,"Bakaran Batu, Percut, North Sumatra, Indonesia"
3286,34.5,69.3,261261,8_10,38.8,64.0,"Bagrāmī, Afghanistan"
3287,21.5,39.8,261250,10_6,26.0,38.4,"At Tanim, Makkah, Mecca Region, Saudi Arabia"
3288,31.2,31.9,261171,9_4,32.4,25.6,"Al Manzalah, Egypt"
3289,10.3,123.8,261114,12_19,13.2,121.6,"Minglanilla, Cebu City, Philippines"
3290,51.5,7.5,261084,6_1,51.6,6.4,"Gartenstadt, Dortmund, North Rhine-Westphalia, Germany"
3291,23.6,90.1,261064,10_14,26.0,89.6,"Batia, Dohār, Dhaka Division, Bangladesh"
3292,33.6,71.5,261051,8_11,38.8,70.4,"Kalu China Banda, Kohat, Khyber Pakhtunkhwa, Pakistan"
3293,-6.8,108.5,261045,15_16,-6.0,102.4,"Sumber, Indonesia"
3294,-26.4,28.4,260998,18_4,-25.2,25.6,"Nigel, South Africa"
3295,24.1,90.2,260998,10_14,26.0,89.6,"Sutrapur, Mirzāpur, Dhaka Division, Bangladesh"
3296,-22.6,-47.4,260946,17_48,-18.8,307.2,"Limeira, Brazil"
3297,22.2,92.0,260746,10_14,26.0,89.6,"Dohazāri, Bangladesh"
3298,-7.9,112.7,260728,15_17,-6.0,108.8,"Nampes, Singosari, Malang, East Java, Indonesia"
3299,24.1,90.9,260697,10_14,26.0,89.6,"Kuliarchar, Bhairab Bāzār, Dhaka Division, Bangladesh"
3300,11.3,-12.3,260559,12_54,13.2,345.6,"Labé, Guinea"
3301,17.1,-96.7,260476,11_41,19.6,262.4,"Oaxaca de Juárez, Oaxaca, Mexico"
3302,11.9,8.6,260436,12_1,13.2,6.4,"Kurma, Dawakin Kudu, Kano State, Nigeria"
3303,22.5,91.8,260396,10_14,26.0,89.6,"Hāthazāri, Bangladesh"
3304,-32.9,-68.9,260333,19_45,-31.6,288.0,"Barrio La Favorita, Mendoza, Argentina"
3305,36.7,3.3,260239,8_0,38.8,0.0,"Rouiba, Algeria"
3306,7.7,36.8,260211,12_5,13.2,32.0,"Jimma, Oromiya, Ethiopia"
3307,34.9,-1.3,260177,8_56,38.8,358.4,"Tlemcen, Algeria"
3308,42.9,47.6,260086,7_7,45.2,44.8,"Kaspiysk, Makhachkala, Russia"
3309,35.6,51.5,260004,8_8,38.8,51.2,"Shahrak-e ‘Alā’īn, Iran"
3310,40.9,-74.0,260000,7_44,45.2,281.6,"Teaneck Township, Washington Heights, New York, United States"
3311,29.8,-95.4,259840,9_41,32.4,262.4,"Houston Heights, Houston, Texas, United States"
3312,12.6,-16.3,259745,12_53,13.2,339.2,"Ziguinchor, Senegal"
3313,56.0,37.2,259716,5_5,58.0,32.0,"Zelenograd, Russia"
3314,-34.7,-58.8,259593,19_47,-31.6,300.8,"La Pradera, Merlo, Buenos Aires, Argentina"
3315,52.4,13.4,259529,5_2,58.0,12.8,"Lichtenrade, Lichterfelde, State of Berlin, Germany"
3316,23.0,90.8,259510,10_14,26.0,89.6,"Kali Bazar, Rāipur, Chittagong, Bangladesh"
3317,35.8,139.3,259417,8_21,38.8,134.4,"Iruma, Japan"
3318,29.5,60.8,259338,9_9,32.4,57.6,"Zahedan County, Zahedan, Sistan and Baluchestan, Iran (W)"
3319,-22.7,-43.2,259237,17_49,-18.8,313.6,"Vila Sarapui, Brazil"
3320,-7.2,108.0,259104,15_16,-6.0,102.4,"Wanaraja, Indonesia"
3321,52.4,9.7,259080,5_1,58.0,6.4,"Burg, Hannover, Lower Saxony, Germany"
3322,53.9,30.3,259047,5_4,58.0,25.6,"Mahilyow, Mogilev, Belarus"
3323,14.8,121.2,258981,11_18,19.6,115.2,"Rodriguez, Philippines"
3324,36.8,42.9,258947,8_6,38.8,38.4,"Domeez, Simele, Duhok, Iraq"
3325,-23.9,-46.4,258913,17_49,-18.8,313.6,"São Vicente, Brazil"
3326,31.2,30.5,258885,9_4,32.4,25.6,"Al-Atf, Fuwwah, Kafr el-Sheikh, Egypt"
3327,34.1,71.6,258845,8_11,38.8,70.4,"Nahaqi, Peshawar, Khyber Pakhtunkhwa, Pakistan"
3328,10.7,122.5,258841,12_19,13.2,121.6,"San Nicolas, Iloilo, Western Visayas, Philippines"
3329,32.3,75.2,258692,9_11,32.4,70.4,"Shakargarh, Pakistan"
3330,30.6,47.8,258461,9_7,32.4,44.8,"Al Hārithah, Al Başrah al Qadīmah, Iraq"
3331,13.9,121.2,258386,11_18,19.6,115.2,"Pinagkawitan, Lipa City, Calabarzon, Philippines"
3332,53.4,-3.0,258228,5_55,58.0,352.0,"Waterfront, Liverpool, England, United Kingdom"
3333,45.2,5.7,258144,7_0,45.2,0.0,"Grenoble, France"
3334,7.4,4.6,258132,12_0,13.2,0.0,"Lukosi, Ile-Ife, Osun State, Nigeria"
3335,57.6,39.9,257859,5_6,58.0,38.4,"Yaroslavl, Russia"
3336,38.2,48.1,257829,8_7,38.8,44.8,"Sareyn County, Sara'eyn, East Azerbaijan, Iran"
3337,52.5,13.6,257735,5_2,58.0,12.8,"Marzahn, Germany"
3338,32.8,73.9,257567,8_11,38.8,70.4,"Kharian, Pakistan"
3339,6.1,125.1,257541,13_19,6.8,121.6,"Glamang, General Santos, Philippines"
3340,30.2,-97.8,257517,9_40,32.4,256.0,"Shady Hollow, Austin, United States"
3341,9.6,43.3,257480,12_6,13.2,38.4,"Tog Wajaale, Somalia"
3342,7.2,8.1,257456,12_1,13.2,6.4,"Ochobo, Nigeria"
3343,27.2,31.1,257327,9_4,32.4,25.6,"Sallam, Assiut, Asyut, Egypt"
3344,6.8,-5.3,257284,13_55,6.8,352.0,"Yamoussoukro, Ivory Coast"
3345,36.8,-119.8,257108,8_37,38.8,236.8,"Fresno, United States"
3346,27.1,84.8,256932,9_13,32.4,83.2,"Bahudarmai-07, Birgañj, Madhesh, Nepal"
3347,19.4,-70.7,256932,11_45,19.6,288.0,"Santiago de los Caballeros, Santiago Province, Dominican Republic"
3348,32.7,35.3,256877,8_5,38.8,32.0,"Nazareth, Israel"
3349,-1.7,29.2,256827,14_4,0.4,25.6,"Idjwi, Goma, North Kivu, Democratic Republic of the Congo"
3350,8.9,7.1,256706,12_1,13.2,6.4,"Gwagwalada, Kwali, Nigeria"
3351,1.5,110.3,256656,13_17,6.8,108.8,"Batu Kawah New Township, Kuching, Sarawak, Malaysia"
3352,28.2,30.7,256650,9_4,32.4,25.6,"Taha al Amidah, Samālūţ, Minya, Egypt"
3353,42.2,-8.7,256529,7_54,45.2,345.6,"Vigo, Spain"
3354,-8.6,125.6,256466,15_19,-6.0,121.6,"Dili, Timor Leste"
3355,59.8,30.2,256451,4_4,64.4,25.6,"Ulyanka, Dachnoye, St.-Petersburg, Russia"
3356,60.2,24.9,256404,4_3,64.4,19.2,"Haaga, Finland"
3357,6.7,3.4,256398,13_0,6.8,0.0,"Magboro, Ifako, Lagos, Nigeria"
3358,1.5,124.9,256395,13_19,6.8,121.6,"Kairagi II, Manado, Indonesia"
3359,35.5,129.3,256334,8_20,38.8,128.0,"Sanggae-dong, Ulsan, South Korea"
3360,9.7,-13.6,256213,12_54,13.2,345.6,"Foulamadina, Dubréka, Kindia, Guinea"
3361,19.1,-98.3,256174,11_40,19.6,256.0,"Cholula, Puebla, Mexico"
3362,53.0,-1.2,256049,5_56,58.0,358.4,"Cinderhill, Nottingham, England, United Kingdom"
3363,39.6,2.7,256020,7_0,45.2,0.0,"es Pont d'Inca, Palma, Balearic Islands, Spain"
3364,45.5,-73.7,255993,6_44,51.6,281.6,"Saint-Laurent, Canada"
3365,23.6,58.5,255863,10_9,26.0,57.6,"Qurum, Muscat, Oman"
3366,34.1,73.2,255667,8_11,38.8,70.4,"Raajoya, Abbottabad, Khyber Pakhtunkhwa, Pakistan"
3367,-8.7,116.3,255485,15_18,-6.0,115.2,"Gelogor Mapong, Praya, West Nusa Tenggara, Indonesia"
3368,-30.1,-51.1,255334,18_48,-25.2,307.2,"Viamão, Brazil"
3369,51.5,7.1,255324,6_1,51.6,6.4,"Neustadt, Essen, North Rhine-Westphalia, Germany"
3370,11.5,7.3,255220,12_1,13.2,6.4,"Funtua, Nigeria"
3371,24.5,39.7,255207,10_6,26.0,38.4,"King Fahd, Madinah, Medina Region, Saudi Arabia"
3372,21.1,105.7,255161,10_16,26.0,102.4,"Thúy Hội, Bắc Từ Liêm, Hanoi, Vietnam"
3373,51.0,-114.1,255140,6_38,51.6,243.2,"Signal Hill, Canada"
3374,14.0,108.0,255113,11_16,19.6,102.4,"Pleiku, Vietnam"
3375,0.8,127.3,255005,13_19,6.8,121.6,"Jambula, Ternate, Indonesia"
3376,34.8,134.7,254996,8_21,38.8,134.4,"Himeji, Japan"
3377,-2.2,-79.8,254954,14_43,0.4,275.2,"Eloy Alfaro, Guayaquil, Ecuador"
3378,40.5,71.7,254897,7_11,45.2,70.4,"Urta Ukchi, Marg‘ilon, Fergana, Uzbekistan"
3379,19.7,-99.0,254830,10_40,26.0,256.0,"Ojo de Agua, Mexico"
3380,-6.8,37.7,254828,15_5,-6.0,32.0,"Tubuyu, Morogoro, Tanzania"
3381,-10.0,-67.8,254511,15_45,-6.0,288.0,"Rio Branco, Brazil"
3382,-7.4,25.6,254471,15_4,-6.0,25.6,"Kabongo, Democratic Republic of the Congo"
3383,19.9,-72.8,254455,10_44,26.0,281.6,"Port-de-Paix, Haiti"
3384,-8.1,115.1,254382,15_17,-6.0,108.8,"Singaraja, Indonesia"
3385,32.1,44.3,254326,9_6,32.4,38.4,"Najaf, Iraq (NW)"
3386,40.9,-74.2,254260,7_44,45.2,281.6,"Woodland Park, Paterson, New Jersey, United States"
3387,12.6,37.5,254179,12_5,13.2,32.0,"Gonder, Amhara, Ethiopia"
3388,41.1,16.9,254176,7_2,45.2,12.8,"Bari, Italy"
3389,20.1,-98.7,254149,10_40,26.0,256.0,"Pachuca de Soto, Mexico"
3390,11.3,49.2,254043,12_7,13.2,44.8,"Bosaso, Somalia"
3391,7.9,38.7,254042,12_6,13.2,38.4,"Ziway, Ethiopia"
3392,6.6,38.4,253940,13_6,6.8,38.4,"Aleta Wendo, Wendo, Sidama Region, Ethiopia"
3393,30.9,31.1,253884,9_4,32.4,25.6,"Al Hiatem, Al Maḩallah al Kubrá, Gharbia, Egypt"
3394,35.4,51.6,253755,8_8,38.8,51.2,"Qarchak, Iran"
3395,29.7,-95.4,253477,9_41,32.4,262.4,"Texas Medical Center, Houston, Texas, United States"
3396,-34.8,-56.2,253318,19_47,-31.6,300.8,"Las Piedras, Montevideo, Uruguay"
3397,30.6,31.6,253123,9_4,32.4,25.6,"Hihyā, Zagazig, Egypt"
3398,34.8,137.4,253088,8_21,38.8,134.4,"Toyohashi, Aichi, Japan"
3399,7.0,4.0,253088,12_0,13.2,0.0,"Ijebu-Igbo, Nigeria"
3400,-7.3,108.1,253082,15_16,-6.0,102.4,"Peundeuy, Indonesia"
3401,2.2,102.3,252936,13_15,6.8,96.0,"Duyong, Malacca, Malaysia"
3402,56.0,92.8,252936,5_14,58.0,89.6,"Oktyabrsky District, Krasnoyarsk, Krasnoyarsk Krai, Russia"
3403,23.3,90.9,252885,10_14,26.0,89.6,"Akania Nasirpur, Hājīganj, Chittagong, Bangladesh"
3404,23.2,90.2,252855,10_14,26.0,89.6,"Madaripur Sadar Upazila, Madaripur, Dhaka Division, Bangladesh"
3405,37.6,126.6,252742,8_19,38.8,121.6,"Tongjin, Gimpo-si, South Korea"
3406,37.7,126.7,252732,8_19,38.8,121.6,"Haseong, Gimpo-si, South Korea"
3407,4.8,6.8,252718,13_1,6.8,6.4,"Degema Hulk, Buguma, Nigeria"
3408,36.0,129.4,252705,8_20,38.8,128.0,"Pohang, South Korea"
3409,34.1,-117.7,252681,8_37,38.8,236.8,"Ontario, United States"
3410,15.6,39.4,252673,11_6,19.6,38.4,"Massawa, Eritrea"
3411,12.6,-8.1,252638,12_54,13.2,345.6,"Kalaban Koro, Mali"
3412,28.4,36.5,252628,9_5,32.4,32.0,"Sports Stadium, Tabuk, Tabuk Region, Saudi Arabia"
3413,-20.2,57.5,252504,17_8,-18.8,51.2,"Port Louis, Mauritius"
3414,-23.6,-70.4,252429,17_45,-18.8,288.0,"Antofagasta, Chile"
3415,35.6,129.3,252196,8_20,38.8,128.0,"Gadae-dong, Ulsan, South Korea"
3416,10.4,123.9,251958,12_19,13.2,121.6,"Consolacion, Cebu City, Philippines"
3417,-7.9,111.5,251957,15_17,-6.0,108.8,"Trajang, Ponorogo, East Java, Indonesia"
3418,17.5,36.1,251824,11_5,19.6,32.0,"خور تدمّ, السودان"
3419,22.0,92.1,251815,10_14,26.0,89.6,"Lohagara, Sātkania, Chittagong, Bangladesh"
3420,34.1,-117.4,251806,8_37,38.8,236.8,"Rialto, Fontana, California, United States"
3421,32.5,74.4,251787,8_11,38.8,70.4,"Mundair Sharif, Sambrial, Punjab, Pakistan"
3422,33.7,-118.0,251775,8_37,38.8,236.8,"Huntington Beach, United States"
3423,14.9,121.0,251654,11_18,19.6,115.2,"Taboc, Pandi, Central Luzon, Philippines"
3424,23.8,90.2,251516,10_14,26.0,89.6,"Jamirta, Savar, Dhaka Division, Bangladesh"
3425,52.2,20.9,251396,5_3,58.0,19.2,"Wola, Warsaw, Poland"
3426,13.8,-89.2,251317,11_42,19.6,268.8,"Apopa, El Salvador"
3427,35.9,0.1,251179,8_0,38.8,0.0,"Mostaganem, Algeria"
3428,-18.0,49.4,251176,16_7,-12.4,44.8,"Antetezambaro, Toamasina, Atsinanana, Madagascar"
3429,25.2,51.5,251051,10_8,26.0,51.2,"As Sulţah al Jadīdah, Doha, Qatar"
3430,33.4,-111.9,250755,8_38,38.8,243.2,"Maricopa County, Mesa, Arizona, United States (W)"
3431,38.0,-121.3,250725,8_37,38.8,236.8,"Stockton, United States"
3432,54.7,25.3,250594,5_3,58.0,19.2,"Vilnius, Lithuania"
3433,19.1,-72.7,250561,11_44,19.6,281.6,"Saint-Marc, Haiti"
3434,30.5,72.7,250349,9_11,32.4,70.4,"Chichawatni, Pakistan"
3435,1.6,103.8,250113,13_16,6.8,102.4,"Ulu Tiram, Pelentong, Malaysia"
3436,15.6,32.7,249931,11_5,19.6,32.0,"Burri Al Shreef, Sudan"
3437,7.9,-11.2,249825,12_54,13.2,345.6,"Kenema, Sierra Leone"
3438,4.7,6.9,249812,13_1,6.8,6.4,"Obenibokiri, Buguma, Rivers State, Nigeria"
3439,35.2,128.1,249800,8_20,38.8,128.0,"Chinju, South Korea"
3440,30.8,31.4,249778,9_4,32.4,25.6,"Taha Al-Marg, Diyarb Najm, Sharqia, Egypt"
3441,55.0,-1.6,249688,5_56,58.0,358.4,"Jesmond, Newcastle upon Tyne, England, United Kingdom"
3442,1.8,44.8,249670,13_7,6.8,44.8,"Ceel Waregow, Marka, Somalia"
3443,1.7,44.8,249670,13_7,6.8,44.8,"Obisivo, Marka, Somalia"
3444,34.2,-118.6,249667,8_37,38.8,236.8,"Woodland Hills, United States"
3445,24.2,89.7,249652,10_14,26.0,89.6,"Jalalpur, Shāhzādpur, Rajshahi Division, Bangladesh"
3446,16.0,120.4,249611,11_18,19.6,115.2,"Calasiao, Philippines"
3447,23.0,91.2,249518,10_14,26.0,89.6,"Senbagh, Maijdi, Chittagong, Bangladesh"
3448,15.5,120.6,249424,11_18,19.6,115.2,"Tarlac City, Philippines"
3449,49.8,73.1,249338,6_11,51.6,70.4,"Karagandy, Kazakhstan"
3450,-22.8,-47.2,249210,17_48,-18.8,307.2,"Jardim Cidade Nova, Sumaré, São Paulo, Brazil"
3451,12.4,-5.5,249186,12_55,13.2,352.0,"Koutiala, Mali"
3452,-37.9,145.1,249103,19_22,-31.6,140.8,"Glen Iris, Australia"
3453,6.8,7.4,249074,13_1,6.8,6.4,"Umu Dikwu Ibeku Opi, Nsukka, Enugu State, Nigeria"
3454,14.0,44.0,249069,11_6,19.6,38.4,"Ḩazm al ‘Udayn, Yemen"
3455,-25.4,-57.5,249026,18_47,-25.2,300.8,"San Lorenzo, Central Department, Paraguay"
3456,26.7,87.3,248939,9_13,32.4,83.2,"Itahari-03, Īṭahari̇̄, Koshi, Nepal"
3457,30.8,30.7,248930,9_4,32.4,25.6,"Kom Hamada, Kawm Ḩamādah, Beheira, Egypt"
3458,19.3,-98.2,248906,11_40,19.6,256.0,"Tlaxcala, Mexico"
3459,7.9,3.9,248777,12_0,13.2,0.0,"Oyo West, Oyo, Oyo State, Nigeria"
3460,-3.1,-60.1,248770,14_46,0.4,294.4,"Manaus, Amazonas, Brazil"
3461,31.3,31.7,248753,9_4,32.4,25.6,"Fāraskūr, Egypt"
3462,35.0,135.9,248673,8_21,38.8,134.4,"Ōtsu, Japan"
3463,32.9,-6.9,248634,8_55,38.8,352.0,"Khouribga, Morocco"
3464,30.8,31.5,248516,9_4,32.4,25.6,"Diyarb Najm, Sharqia, Egypt"
3465,47.0,32.0,248401,6_5,51.6,32.0,"Mykolayiv, Ukraine"
3466,36.2,58.8,248385,8_9,38.8,57.6,"Neyshābūr, Iran"
3467,-22.7,-43.1,248355,17_49,-18.8,313.6,"Magé, Brazil"
3468,19.3,-99.5,248327,11_40,19.6,256.0,"Ocoyoacac, Mexico"
3469,5.0,8.3,248311,13_1,6.8,6.4,"Creek Town, Calabar, Cross River State, Nigeria"
3470,-7.8,112.2,248264,15_17,-6.0,108.8,"Pare, Indonesia"
3471,-6.8,107.5,248204,15_16,-6.0,102.4,"Padalarang, Indonesia"
3472,1.1,104.1,248174,13_16,6.8,102.4,"Pancur Biru Lestari II, Batam, Indonesia"
3473,5.1,7.9,248117,13_1,6.8,6.4,"Ikot Inagha, Uyo, Akwa Ibom State, Nigeria"
3474,3.5,98.6,248085,13_15,6.8,96.0,"Sunggal, Medan, Indonesia"
3475,50.1,8.6,248071,6_1,51.6,6.4,"Griesheim, Frankfurt am Main, Hesse, Germany"
3476,30.8,31.6,248044,9_4,32.4,25.6,"Abu al Shuquq, Kafr Şaqr, Sharqia, Egypt"
3477,7.6,4.2,248006,12_0,13.2,0.0,"Iwo, Nigeria"
3478,11.7,10.2,247966,12_1,13.2,6.4,"Azare, Nigeria"
3479,-3.0,-59.9,247950,14_46,0.4,294.4,"Jorge Teixeira, Manaus, Amazonas, Brazil"
3480,-1.3,-48.5,247924,14_48,0.4,307.2,"Outeiro, Ananindeua, Pará, Brazil"
3481,24.6,46.5,247911,10_7,26.0,44.8,"Wadi Laban, ‘Irqah, Riyadh Region, Saudi Arabia"
3482,-6.9,109.2,247888,15_17,-6.0,108.8,"Kertaharja, Tegal, Central Java, Indonesia"
3483,5.6,5.8,247842,13_0,6.8,0.0,"Uvwie, Effurun, Warri, Delta, Nigeria"
3484,24.4,89.7,247776,10_14,26.0,89.6,"Sodanandopur, Sirajganj, Rajshahi Division, Bangladesh"
3485,38.7,-9.1,247630,8_54,38.8,345.6,"Lisbon, Portugal"
3486,37.6,126.7,247614,8_19,38.8,121.6,"Gimpo-si, South Korea"
3487,24.7,89.4,247610,10_13,26.0,83.2,"Sherpur, Bogra, Rajshahi Division, Bangladesh"
3488,-38.7,-72.6,247600,20_44,-38.0,281.6,"Temuco, Chile"
3489,-25.8,28.2,247452,18_4,-25.2,25.6,"Tshwane Ward 59, Pretoria, Gauteng, South Africa"
3490,43.6,3.9,247402,7_0,45.2,0.0,"Montpellier, France"
3491,12.0,8.4,247383,12_1,13.2,6.4,"Tofa, Kano, Kano State, Nigeria"
3492,38.6,68.7,247362,8_10,38.8,64.0,"Varzob District, Dushanbe, Tajikistan"
3493,-26.9,-49.1,247155,18_48,-25.2,307.2,"Blumenau, Brazil"
3494,26.6,-80.1,247135,9_43,32.4,275.2,"Lake Worth Beach, United States"
3495,19.6,-96.9,247116,11_41,19.6,262.4,"Banderilla, Mexico"
3496,20.9,-89.6,247067,10_42,26.0,268.8,"Jardines de Tahdzibichen, Mérida, Yucatán, Mexico"
3497,32.3,74.3,247034,9_11,32.4,70.4,"Kotli Syedan, Daska Kalan, Punjab, Pakistan"
3498,53.8,-1.6,247000,5_56,58.0,358.4,"Armley, Leeds, England, United Kingdom"
3499,24.0,90.9,246926,10_14,26.0,89.6,"Asrabpur, Bhairab Bāzār, Dhaka Division, Bangladesh"
3500,-34.9,138.6,246749,19_21,-31.6,134.4,"North Adelaide, Australia"
3501,29.9,71.3,246686,9_11,32.4,70.4,"Shujaabad, Pakistan"
3502,22.5,91.9,246648,10_14,26.0,89.6,"Raojān, Hāthazāri, Bangladesh"
3503,21.2,105.8,246397,10_16,26.0,102.4,"Quang Minh, Phúc Yên, Vietnam"
3504,-7.2,-78.5,246373,15_43,-6.0,275.2,"Cajamarca, Peru"
3505,25.6,-103.4,246361,10_40,26.0,256.0,"Residencial La Rua, Torreón, Coahuila, Mexico"
3506,26.1,-98.3,246253,9_40,32.4,256.0,"Reynosa, Mexico"
3507,53.4,-2.3,246213,5_55,58.0,352.0,"Sale, United Kingdom"
3508,31.2,32.3,246204,9_5,32.4,32.0,"Port Fuad, Port Said, Egypt (S)"
3509,50.9,-1.4,246128,6_56,51.6,358.4,"Southampton, United Kingdom"
3510,50.3,57.2,246046,6_8,51.6,51.2,"Almaty District, Aktobe, Kazakhstan"
3511,10.1,105.6,246013,12_16,13.2,102.4,"Ô Môn, Vietnam"
3512,-4.9,-80.7,245859,14_43,0.4,275.2,"Sullana, Peru"
3513,38.1,13.4,245776,8_2,38.8,12.8,"II Circoscrizione, Palermo, Sicily, Italy"
3514,1.5,103.9,245772,13_16,6.8,102.4,"Taman Rinting, Pasir Gudang, Johor, Malaysia"
3515,35.0,69.2,245754,8_10,38.8,64.0,"Charikar, Afghanistan"
3516,32.8,-96.8,245744,8_41,38.8,262.4,"Dallas, United States"
3517,26.2,68.4,245731,9_10,32.4,64.0,"Lakhmir, Nawabshah, Sindh, Pakistan"
3518,0.2,32.5,245638,14_5,0.4,32.0,"Kajansi, Uganda"
3519,26.9,-101.4,245552,9_40,32.4,256.0,"Monclova, Mexico"
3520,41.0,39.6,245375,7_6,45.2,38.4,"Akçaabat, Trabzon, Turkey"
3521,41.0,39.7,245375,7_6,45.2,38.4,"Trabzon, Turkey"
3522,21.9,96.0,245314,10_15,26.0,96.0,"Shin Hpyu Shin Hla, Amarapura, Mandalay, Mandalay Region, Myanmar"
3523,40.8,30.4,245215,7_4,45.2,25.6,"Adapazarı, Turkey"
3524,29.7,-95.3,245184,9_41,32.4,262.4,"South Houston, Houston, United States"
3525,0.0,18.3,245183,14_2,0.4,12.8,"Mbandaka, Democratic Republic of the Congo"
3526,35.3,139.4,245105,8_21,38.8,134.4,"Hiratsuka, Kanagawa, Japan"
3527,49.2,-122.9,244942,6_37,51.6,236.8,"Whalley, Canada"
3528,51.1,71.4,244920,6_11,51.6,70.4,"Astana, Kazakhstan"
3529,23.0,89.8,244919,10_14,26.0,89.6,"Gopalganj Sadar Upazila, Tungipara, Dhaka Division, Bangladesh"
3530,35.9,51.0,244900,8_7,38.8,44.8,"Atashgah, Karaj, Alborz Province, Iran"
3531,-27.8,-64.3,244865,18_46,-25.2,294.4,"Santiago del Estero, Argentina"
3532,35.4,136.7,244735,8_21,38.8,134.4,"Gifu, Japan (W)"
3533,26.5,87.3,244615,9_13,32.4,83.2,"Biratnagar-19, Biratnagar, Koshi, Nepal"
3534,32.9,-96.7,244612,8_41,38.8,262.4,"Lake Highlands, Garland, Texas, United States"
3535,6.1,1.2,244590,13_0,6.8,0.0,"Lomé, Togo"
3536,12.4,-1.4,244508,12_56,13.2,358.4,"Saaba, Burkina Faso"
3537,26.6,85.7,244273,9_13,32.4,83.2,"Sursand, Jaleshwar, Madhesh, Nepal"
3538,-25.8,28.3,244242,18_4,-25.2,25.6,"Tshwane Ward 45, Pretoria, Gauteng, South Africa"
3539,10.4,7.4,244146,12_1,13.2,6.4,"Goni Gara, Makera, Kaduna State, Nigeria"
3540,-26.2,28.3,244043,18_4,-25.2,25.6,"Benoni, South Africa"
3541,8.6,16.1,243978,12_2,13.2,12.8,"Moundou, Chad"
3542,13.9,121.1,243905,11_18,19.6,115.2,"Cuenca, Lipa City, Philippines"
3543,2.7,102.0,243738,13_15,6.8,96.0,"Senawang, Seremban, Negeri Sembilan, Malaysia"
3544,40.9,14.4,243698,7_2,45.2,12.8,"Acerra, Italy"
3545,-3.7,138.0,243609,14_21,0.4,134.4,"Mulia, Indonesia"
3546,-7.6,112.2,243484,15_17,-6.0,108.8,"Godong, Jombang, East Java, Indonesia"
3547,27.0,31.3,243434,9_4,32.4,25.6,"Al Masudi, Abū Tīj, Asyut, Egypt"
3548,7.3,125.7,243390,12_19,13.2,121.6,"Panabo, Philippines"
3549,20.9,-76.3,243323,10_44,26.0,281.6,"Holguín, Cuba"
3550,35.4,139.3,243315,8_21,38.8,134.4,"Atsugi, Japan"
3551,7.1,6.7,243299,12_1,13.2,6.4,"Idah, Nigeria"
3552,33.5,130.4,243209,8_20,38.8,128.0,"Kasuga, Fukuoka, Japan"
3553,-29.7,30.9,243198,18_4,-25.2,25.6,"eThekwini Ward 3, Ntuzuma, KwaZulu-Natal, South Africa"
3554,-5.5,22.3,243173,14_3,0.4,19.2,"Demba, Democratic Republic of the Congo"
3555,-7.7,112.7,243112,15_17,-6.0,108.8,"Ngadimulyo, Pandaan, East Java, Indonesia"
3556,18.4,-66.1,243043,11_45,19.6,288.0,"Puerto Nuevo, San Juan, Puerto Rico"
3557,32.7,-97.1,242751,8_41,38.8,262.4,"Tarrant County, Arlington, Texas, United States"
3558,-37.8,145.1,242640,19_22,-31.6,140.8,"Doncaster, Australia"
3559,-34.4,-58.7,242603,19_47,-31.6,300.8,"Benavídez, General Pacheco, Buenos Aires, Argentina"
3560,37.0,30.7,242588,8_4,38.8,25.6,"Varsak, Antalya, Turkey"
3561,-7.5,112.2,242532,15_17,-6.0,108.8,"Ngogri, Jombang, East Java, Indonesia"
3562,8.2,124.2,242295,12_19,13.2,121.6,"Iligan, Philippines"
3563,31.1,31.5,242101,9_4,32.4,25.6,"Maḩallat Damanah, Egypt"
3564,-6.7,108.4,242092,15_16,-6.0,102.4,"Kedungbunder, Arjawinangun, West Java, Indonesia"
3565,-0.3,-79.2,241999,14_43,0.4,275.2,"Santo Domingo de los Colorados, Ecuador"
3566,4.7,6.8,241887,13_1,6.8,6.4,"Degema, Buguma, Rivers State, Nigeria"
3567,24.6,88.2,241822,10_13,26.0,83.2,"Shibganj Upazila, Chapai Nawabganj, Nawābganj, Rajshahi Division, Bangladesh"
3568,15.5,36.4,241798,11_5,19.6,32.0,"Kassala, Sudan (N)"
3569,-6.8,108.2,241744,15_16,-6.0,102.4,"Majalengka, Indonesia"
3570,-0.4,42.5,241737,14_6,0.4,38.4,"Kismayo, Somalia"
3571,26.6,31.6,241701,9_4,32.4,25.6,"Sāqultah, Sohag, Egypt"
3572,-7.3,110.5,241692,15_17,-6.0,108.8,"Sarirejo, Salatiga, Central Java, Indonesia"
3573,51.9,4.4,241632,5_0,58.0,0.0,"Schiedam, Rotterdam, South Holland, The Netherlands"
3574,7.2,79.9,241597,12_12,13.2,76.8,"Kimbulapitiya, Negombo, Western Province, Sri Lanka"
3575,32.8,-117.1,241499,8_37,38.8,236.8,"La Mesa, San Diego, United States"
3576,12.2,4.4,241345,12_0,13.2,0.0,"Jega, Nigeria"
3577,3.2,101.5,241336,13_15,6.8,96.0,"Section U17, Kampung Baru Subang, Selangor, Malaysia"
3578,-7.2,111.9,241336,15_17,-6.0,108.8,"Wedi, Bojonegoro, East Java, Indonesia"
3579,3.0,99.8,241316,13_15,6.8,96.0,"Tanjungbalai, Indonesia"
3580,39.8,127.6,241279,7_19,45.2,121.6,"Hŭngnam, North Korea"
3581,21.6,105.8,241205,10_16,26.0,102.4,"Thái Nguyên, Vietnam"
3582,37.5,45.1,241187,8_7,38.8,44.8,"Qotlu, Orūmīyeh, West Azerbaijan, Iran"
3583,18.4,-70.1,240990,11_45,19.6,288.0,"San Cristóbal, Dominican Republic"
3584,43.2,27.9,240941,7_4,45.2,25.6,"Varna, Bulgaria"
3585,-1.1,116.8,240895,14_18,0.4,115.2,"Balikpapan Barat, Penajam, East Kalimantan, Indonesia"
3586,31.0,72.5,240821,9_11,32.4,70.4,"Toba Tek Singh, Pakistan"
3587,26.3,127.8,240708,9_19,32.4,121.6,"Okinawa, Japan"
3588,13.8,121.1,240676,11_18,19.6,115.2,"Sabang, Batangas, Calabarzon, Philippines"
3589,34.4,35.9,240630,8_5,38.8,32.0,"Kfar Dlaqous, Tripoli, Lebanon"
3590,34.4,35.8,240630,8_5,38.8,32.0,"Ras Masqa, Tripoli, Lebanon"
3591,34.2,71.7,240606,8_11,38.8,70.4,"Khazana Dheri, Charsadda, Khyber Pakhtunkhwa, Pakistan"
3592,23.5,90.3,240438,10_14,26.0,89.6,"OAtabhog, Dohār, Dhaka Division, Bangladesh"
3593,-22.9,-43.7,240393,17_49,-18.8,313.6,"Itaguaí, Brazil"
3594,28.0,68.6,240340,9_10,32.4,64.0,"Shikarpur, Pakistan"
3595,32.8,13.2,240312,8_2,38.8,12.8,"Khalla Al Ferjan, Tripoli, Libya"
3596,9.6,41.8,240267,12_6,13.2,38.4,"Melka Jebdu, Dire Dawa, Ethiopia"
3597,45.6,9.3,240151,6_1,51.6,6.4,"San Fiorano, Monza, Lombardy, Italy"
3598,11.1,39.6,240055,12_6,13.2,38.4,"Dessie, Ethiopia"
3599,-3.8,139.4,239981,14_21,0.4,134.4,"Yalimo, Indonesia"
3600,34.2,-119.2,239739,8_37,38.8,236.8,"Oxnard, United States"
3601,-29.9,-51.2,239646,18_48,-25.2,307.2,"Canoas, Brazil"
3602,-7.0,107.5,239594,15_16,-6.0,102.4,"Soreang, Indonesia"
3603,29.0,31.0,239593,9_4,32.4,25.6,"Bibā, Egypt"
3604,31.6,130.5,239543,9_20,32.4,128.0,"Nishibeppucho, Kagoshima, Japan"
3605,34.1,-117.6,239530,8_37,38.8,236.8,"Rancho Cucamonga, United States"
3606,24.1,89.1,239500,10_13,26.0,83.2,"Chor Sahapur, Ishwardi, Rajshahi Division, Bangladesh"
3607,-7.2,108.2,239373,15_16,-6.0,102.4,"Rajapolah, Indonesia"
3608,-33.7,150.9,239361,19_23,-31.6,147.2,"Kellyville, Australia"
3609,24.1,91.1,239355,10_14,26.0,89.6,"Shāhbāzpur Town, Ashuganj City, Bangladesh"
3610,5.8,-55.2,239341,13_47,6.8,300.8,"Latour, Paramaribo, Suriname"
3611,47.2,-1.6,239285,6_56,51.6,358.4,"Boucardière - Mallève, Nantes, Pays de la Loire, France"
3612,10.0,-84.0,239056,12_43,13.2,275.2,"San Vicente de Moravia, Costa Rica"
3613,33.8,-118.1,238917,8_37,38.8,236.8,"Lakewood, California, United States"
3614,14.8,100.6,238913,11_15,19.6,96.0,"Thanon Yai, Lop Buri, Lopburi, Thailand"
3615,31.2,30.1,238859,9_4,32.4,25.6,"Kafr al Dawar, Kafr ad Dawwār, Beheira, Egypt"
3616,25.8,-100.2,238857,10_40,26.0,256.0,"Ciudad Apodaca, Mexico"
3617,-6.9,106.8,238724,15_16,-6.0,102.4,"Gunungkalong, Indonesia"
3618,13.8,43.8,238716,11_6,19.6,38.4,"Ar Rawnah, Village of ALAMRAH, Yemen"
3619,-22.6,-43.2,238665,17_49,-18.8,313.6,"Jardim Nazareno, Petrópolis, Rio de Janeiro, Brazil"
3620,31.1,31.3,238643,9_4,32.4,25.6,"Nabarūh, Al Mansurah, Egypt"
3621,1.7,101.4,238594,13_15,6.8,96.0,"Dumai, Indonesia"
3622,43.8,-79.2,238563,7_43,45.2,275.2,"Woburn, Markham, Canada"
3623,12.5,-7.9,238557,12_55,13.2,352.0,"Sirakoro Méguétana, Mali"
3624,-7.5,112.5,238495,15_17,-6.0,108.8,"Mojosari, Mojokerto, Indonesia"
3625,7.1,80.0,238420,12_12,13.2,76.8,"Gampaha Ihalagama West, Gampaha, Western Province, Sri Lanka"
3626,7.9,-76.6,238364,12_44,13.2,281.6,"Apartadó, Colombia"
3627,15.5,-90.4,238238,11_42,19.6,268.8,"Cobán, Guatemala"
3628,34.8,126.4,238164,8_19,38.8,121.6,"Mokpo, South Korea"
3629,6.2,125.2,238136,13_19,6.8,121.6,"Conel, General Santos, Philippines"
3630,52.6,-2.0,238133,5_55,58.0,352.0,"Walsall, United Kingdom"
3631,33.0,73.7,238126,8_11,38.8,70.4,"Chak Behram, Jhelum, Punjab, Pakistan"
3632,31.4,73.2,238007,9_11,32.4,70.4,"Lakhuana, Faisalabad, Punjab, Pakistan"
3633,23.0,-82.4,237957,10_43,26.0,275.2,"Arroyo Naranjo, Cuba"
3634,30.3,73.4,237947,9_11,32.4,70.4,"Pakpattan, Punjab, Pakistan"
3635,36.2,-115.3,237914,8_38,38.8,243.2,"Summerlin South, Spring Valley, United States"
3636,36.6,53.2,237866,8_8,38.8,51.2,"Sūrak, Nekā, Iran"
3637,25.9,89.4,237809,10_13,26.0,83.2,"Saptibari, Lalmonirhat, Rangpur Division, Bangladesh"
3638,38.8,-9.1,237527,8_54,38.8,345.6,"Loures, Portugal"
3639,2.8,45.5,237484,13_7,6.8,44.8,"Jawhar, Somalia"
3640,36.2,36.1,237444,8_5,38.8,32.0,"Orhanlı, Antakya, Hatay, Turkey"
3641,41.4,19.8,237435,7_3,45.2,19.2,"Kamëz, Tirana, Albania"
3642,32.5,-117.1,237346,8_37,38.8,236.8,"Quinta del Cedro, Tijuana, Mexico"
3643,-33.0,-71.5,237301,19_45,-31.6,288.0,"Viña del Mar, Chile"
3644,55.9,37.8,237038,5_5,58.0,32.0,"Mytishchi Urban Okrug, Mytishchi, Moscow Oblast, Russia (E)"
3645,0.6,123.1,236948,13_19,6.8,121.6,"Bongoime, Gorontalo, Indonesia"
3646,29.5,-98.5,236934,9_40,32.4,256.0,"Alamo Heights, San Antonio, United States"
3647,-34.9,-58.4,236899,19_47,-31.6,300.8,"Guernica, Adrogué, Argentina"
3648,-9.4,147.2,236787,15_23,-6.0,147.2,"8 Mile, Port Moresby, Papua New Guinea"
3649,41.7,44.9,236710,7_7,45.2,44.8,"Orkhevi, Airport, Tbilisi, Georgia"
3650,24.4,90.7,236646,10_14,26.0,89.6,"Golacipa, Kishorganj, Dhaka Division, Bangladesh"
3651,-33.7,19.0,236534,19_2,-31.6,12.8,"Paarl, South Africa"
3652,39.3,-76.7,236471,7_44,45.2,281.6,"Woodlawn, United States"
3653,-7.1,110.9,236457,15_17,-6.0,108.8,"Purwodadi, Indonesia"
3654,5.3,100.3,236452,13_15,6.8,96.0,"Kampung Sungai Glugur, Malaysia"
3655,3.2,101.8,236421,13_15,6.8,96.0,"Wangsa Maju, Malaysia"
3656,53.6,-113.5,236401,5_38,58.0,243.2,"Cumberland, Canada"
3657,10.4,-66.9,236326,12_45,13.2,288.0,"Baruta, Caracas, Venezuela"
3658,51.1,-114.1,236235,6_38,51.6,243.2,"Edgemont, Canada"
3659,-23.9,29.4,236172,17_4,-18.8,25.6,"Polokwane Ward 8, Polokwane, Limpopo, South Africa"
3660,-25.7,28.3,236125,18_4,-25.2,25.6,"Tshwane Ward 87, Pretoria, Gauteng, South Africa"
3661,40.6,49.7,236122,7_7,45.2,44.8,"Sumqayıt, Sumqayit, Azerbaijan"
3662,41.7,-87.7,236026,7_42,45.2,268.8,"Mount Greenwood, Oak Lawn, Illinois, United States"
3663,7.1,125.5,236004,12_19,13.2,121.6,"Biao, Philippines"
3664,4.2,73.5,235876,13_11,6.8,70.4,"Male, Maldives"
3665,21.5,39.9,235752,10_6,26.0,38.4,"Badr, Makkah, Mecca Region, Saudi Arabia"
3666,0.5,34.1,235712,13_5,6.8,32.0,"Busia, Kenya"
3667,35.6,139.8,235606,8_21,38.8,134.4,"Toyosu, Kawasaki, Japan"
3668,20.9,105.9,235564,10_16,26.0,102.4,"Ecopark, Vietnam"
3669,-14.0,33.7,235553,16_5,-12.4,32.0,"Lilongwe, Central Region, Malawi (SW)"
3670,23.6,90.8,235511,10_14,26.0,89.6,"Daudkandi Upazila, Sonārgaon, Dhaka Division, Bangladesh"
3671,31.2,31.6,235489,9_4,32.4,25.6,"Shirbīn, Dakahlia, Egypt"
3672,29.8,-95.5,235445,9_41,32.4,262.4,"Hunters Creek Village, United States"
3673,-10.2,31.2,235325,15_4,-6.0,25.6,"Kasama, Zambia"
3674,33.6,-112.2,235164,8_38,38.8,243.2,"Maricopa County, Glendale, Arizona, United States"
3675,25.8,89.6,235150,10_14,26.0,89.6,"Rajarhat Upazila, Paotana Hat, Rangpur Division, Bangladesh"
3676,38.8,35.6,235107,8_5,38.8,32.0,"Kocasinan, Turkey"
3677,6.8,-1.7,235078,13_55,6.8,352.0,"Adankwame, Tafo, Ashanti, Ghana"
3678,7.4,125.8,235046,12_19,13.2,121.6,"San Isidro, Magugpo Poblacion, Davao Region, Philippines"
3679,10.0,-69.4,235008,12_45,13.2,288.0,"El Tostado, Barquisimeto, Lara, Venezuela"
3680,50.9,-1.1,234970,6_56,51.6,358.4,"Waterlooville, United Kingdom"
3681,31.0,46.3,234955,9_7,32.4,44.8,"Nasiriyah, Dhi Qar, Iraq (SE)"
3682,-3.4,29.9,234950,14_4,0.4,25.6,"Gitega, Burundi"
3683,-33.4,-70.8,234928,19_45,-31.6,288.0,"Lo Prado, Chile"
3684,31.4,30.4,234896,9_4,32.4,25.6,"Rosetta, Egypt"
3685,43.2,76.8,234822,7_12,45.2,76.8,"Nauryzbay District, Almaty, Kazakhstan"
3686,9.0,7.6,234808,12_1,13.2,6.4,"Karu, Nigeria"
3687,40.7,-73.5,234804,7_44,45.2,281.6,"Levittown, United States"
3688,-23.5,-46.2,234753,17_49,-18.8,313.6,"Mogi das Cruzes, Brazil"
3689,-13.1,40.5,234711,16_6,-12.4,38.4,"Muitua, Pemba, Mozambique"
3690,-13.0,40.5,234711,16_6,-12.4,38.4,"Bairro Alto Gingone, Pemba, Mozambique"
3691,28.8,30.9,234625,9_4,32.4,25.6,"Al Hiba al Sharqi, Al Fashn, Beni Suweif, Egypt"
3692,39.7,37.0,234563,7_5,45.2,32.0,"Villa Kent, Sivas, Turkey"
3693,23.0,-109.9,234528,10_39,26.0,249.6,"Las Palmas, Colonia del Sol, Mexico"
3694,23.5,89.4,234462,10_13,26.0,83.2,"Magura, Bangladesh"
3695,6.7,79.9,234263,13_12,6.8,76.8,"Panadura, Moratuwa, Sri Lanka"
3696,-0.6,29.2,234261,14_4,0.4,25.6,"Kayna, Democratic Republic of the Congo"
3697,44.3,28.6,234261,7_4,45.2,25.6,"Năvodari, Romania"
3698,44.2,28.6,234261,7_4,45.2,25.6,"Constanţa, Romania"
3699,28.4,46.0,234159,9_7,32.4,44.8,"Hafar Al-Batin, Saudi Arabia"
3700,24.1,90.6,234092,10_14,26.0,89.6,"Kapasia, Nagar Naluākot, Dhaka Division, Bangladesh"
3701,5.7,-0.1,234063,13_56,6.8,358.4,"East Legon Hills, Ashaiman, Greater Accra, Ghana"
3702,54.2,37.6,233991,5_5,58.0,32.0,"Tula, Russia"
3703,13.3,-16.7,233971,11_53,19.6,339.2,"Jambanjelly, Brikama, Western, Gambia"
3704,51.3,12.4,233941,6_1,51.6,6.4,"Lößnig, Leipzig, Saxony, Germany"
3705,25.9,-100.2,233916,10_40,26.0,256.0,"Fraccionamiento Real Palmas, Mexico"
3706,-2.2,-80.9,233896,14_43,0.4,275.2,"La Libertad, Ecuador"
3707,7.0,125.5,233738,12_19,13.2,121.6,"Inawayan, Philippines"
3708,13.8,121.0,233470,11_18,19.6,115.2,"Manghinao Uno, Batangas, Calabarzon, Philippines"
3709,5.3,-72.4,233461,13_44,6.8,281.6,"Yopal, Colombia"
3710,9.3,12.5,233418,12_1,13.2,6.4,"Njobbore, Jimeta, Adamawa, Nigeria"
3711,23.6,90.4,233337,10_14,26.0,89.6,"Latabdi, Narayanganj, Dhaka Division, Bangladesh"
3712,47.0,28.8,233276,6_4,51.6,25.6,"Telecentru, Chisinau, Chișinău Municipality, Moldova"
3713,22.7,90.6,233164,10_14,26.0,89.6,"Bhola Sadar Subdistrict, Bhola, Barisal Division, Bangladesh"
3714,48.9,24.7,233146,6_3,51.6,19.2,"Ivano-Frankivsk, Ukraine"
3715,23.3,90.8,233145,10_14,26.0,89.6,"Bepari Bari, Hājīganj, Chittagong, Bangladesh"
3716,53.4,59.0,233034,5_9,58.0,57.6,"Magnitogorsk, Russia"
3717,20.9,105.8,232980,10_16,26.0,102.4,"Thanh Liệt, Vietnam"
3718,41.6,2.0,232977,7_0,45.2,0.0,"Vallès Occidental, Terrassa, Catalonia, Spain"
3719,15.5,73.8,232818,11_11,19.6,70.4,"Panjim, India"
3720,-7.4,109.9,232809,15_17,-6.0,108.8,"Wanalaba, Wonosobo, Central Java, Indonesia"
3721,31.1,73.0,232718,9_11,32.4,70.4,"Dulchi Majral, Dijkot, Punjab, Pakistan"
3722,13.8,109.2,232702,11_17,19.6,108.8,"Qui Nhon, Vietnam"
3723,-23.0,-47.1,232628,17_48,-18.8,307.2,"Valinhos, Campinas, Brazil"
3724,-7.0,110.3,232578,15_17,-6.0,108.8,"RW 02, Semarang, Central Java, Indonesia"
3725,52.6,-2.1,232578,5_55,58.0,352.0,"Wolverhampton, United Kingdom"
3726,14.1,121.1,232563,11_18,19.6,115.2,"Talaga, Tanauan, Calabarzon, Philippines"
3727,36.9,7.7,232548,8_1,38.8,6.4,"Seraidi, Annaba, Algeria"
3728,37.5,57.3,232476,8_8,38.8,51.2,"Bojnūrd, Iran"
3729,28.6,-106.1,232412,9_39,32.4,249.6,"Quintas del Sol, Chihuahua, Mexico"
3730,30.7,31.4,232159,9_4,32.4,25.6,"Diyarb Nigm, Diyarb Najm, Sharqia, Egypt"
3731,36.9,10.3,232159,8_1,38.8,6.4,"Sukrah, Tunisia"
3732,-7.4,20.8,232140,15_3,-6.0,19.2,"Dundo, Angola"
3733,6.6,0.5,232134,13_0,6.8,0.0,"Ho, Ghana"
3734,8.6,-74.3,232035,12_44,13.2,281.6,"Tiquisio, Colombia"
3735,48.4,10.9,232027,6_1,51.6,6.4,"Augsburg, Germany"
3736,34.1,-117.3,231945,8_37,38.8,236.8,"San Bernardino, United States"
3737,36.7,69.5,231862,8_10,38.8,64.0,"Taloqan, Afghanistan"
3738,27.0,64.1,231762,9_10,32.4,64.0,"Panjgur, Pakistan"
3739,45.7,9.7,231743,6_1,51.6,6.4,"Bergamo, Italy"
3740,7.5,125.8,231641,12_19,13.2,121.6,"Maharlika, Magugpo Poblacion, Davao Region, Philippines"
3741,30.5,31.5,231631,9_4,32.4,25.6,"Zagazig, Sharqia, Egypt"
3742,9.6,-69.2,231612,12_45,13.2,288.0,"Acarigua, Venezuela"
3743,37.9,139.1,231506,8_21,38.8,134.4,"Awayama, Niigata, Japan"
3744,11.8,34.4,231443,12_5,13.2,32.0,"Ad-Damazin, Sudan"
3745,38.1,23.8,231380,8_3,38.8,19.2,"Nea Erythrea, Acharnés, Attica, Greece"
3746,19.0,-98.3,231369,11_40,19.6,256.0,"Cholula, Mexico"
3747,34.9,10.8,231233,8_1,38.8,6.4,"El Ain, Tunisia"
3748,44.5,8.9,231135,7_1,45.2,6.4,"Serra Riccò, Genoa, Italy"
3749,44.4,8.9,231135,7_1,45.2,6.4,"Genoa, Italy"
3750,44.5,11.3,231126,7_1,45.2,6.4,"Borgo Panigale-Reno, Bologna, Emilia-Romagna, Italy"
3751,-7.5,110.6,231126,15_17,-6.0,108.8,"Puncang, Boyolali, Central Java, Indonesia"
3752,49.9,-97.1,231076,6_41,51.6,262.4,"Tyne-Tees, Winnipeg, Manitoba, Canada"
3753,13.8,100.8,230962,11_15,19.6,96.0,"Min Buri, Latkrabang, Thailand"
3754,-37.0,174.9,230895,19_27,-31.6,172.8,"Manukau City, New Zealand"
3755,-12.3,43.7,230806,15_6,-6.0,38.4,"Fomboni, Comoros"
3756,5.6,38.2,230681,13_5,6.8,32.0,"Hagere Maryam, Ethiopia"
3757,31.2,72.7,230579,9_11,32.4,70.4,"Gojra, Punjab, Pakistan"
3758,31.0,46.2,230578,9_7,32.4,44.8,"Karim, Nasiriyah, Dhi Qar, Iraq"
3759,54.2,45.2,230573,5_7,58.0,44.8,"Saransk, Russia"
3760,39.9,33.0,230396,7_5,45.2,32.0,"Mamak, Çankaya, Turkey"
3761,39.7,67.0,230369,7_10,45.2,64.0,"Samarkand, Samarqand Region, Uzbekistan"
3762,15.3,38.9,230256,11_6,19.6,38.4,"Adi Guadad, Asmara, Maekel, Eritrea"
3763,51.6,46.0,230209,6_7,51.6,44.8,"Saratov, Saratov Oblast, Russia (N)"
3764,24.6,90.4,230125,10_14,26.0,89.6,"boilor, Mymensingh, Mymensingh Division, Bangladesh"
3765,17.7,34.0,230051,11_5,19.6,32.0,"Atbara, Sudan"
3766,35.3,137.0,230023,8_21,38.8,134.4,"Kasugai, Japan"
3767,-20.4,-54.6,229976,17_47,-18.8,300.8,"Mata do Segredo, Campo Grande, Mato Grosso do Sul, Brazil"
3768,37.4,127.2,229759,8_19,38.8,121.6,"Jik-dong, Seongnam-si, Gyeonggi-do, South Korea"
3769,-0.7,36.4,229716,14_5,0.4,32.0,"Naivasha, Kenya"
3770,33.3,69.9,229573,8_10,38.8,64.0,"Khōst, Afghanistan"
3771,36.9,34.9,229543,8_5,38.8,32.0,"Tarsus, Turkey"
3772,53.8,-1.5,229489,5_56,58.0,358.4,"Osmondthorpe, Leeds, England, United Kingdom"
3773,5.9,7.9,229431,13_1,6.8,6.4,"Afikpo, Nigeria"
3774,-7.7,111.5,229399,15_17,-6.0,108.8,"Sambirejo, Madiun, East Java, Indonesia"
3775,10.6,12.2,229371,12_1,13.2,6.4,"Biu, Nigeria"
3776,3.2,19.8,229365,13_3,6.8,19.2,"Bokuda, Gemena, Sud-Ubangi, Democratic Republic of the Congo"
3777,31.9,-116.6,229361,9_38,32.4,243.2,"Ensenada, Mexico"
3778,36.1,128.4,229329,8_20,38.8,128.0,"Gumi, South Korea"
3779,-1.9,30.0,229326,14_4,0.4,25.6,"Shyorongi, Kigali, Rwanda"
3780,8.6,39.3,229243,12_6,13.2,38.4,"Nazrēt, Oromiya, Ethiopia (N)"
3781,45.8,15.9,229233,6_2,51.6,12.8,"Mjesni odbor Špansko - jug, Zagreb, Croatia"
3782,33.4,43.8,229153,8_6,38.8,38.4,"Al Fallūjah, Anbar, Iraq"
3783,19.7,96.1,229146,10_15,26.0,96.0,"Nay Pyi Taw, Myanmar"
3784,10.3,13.3,229141,12_2,13.2,12.8,"Mubi, Nigeria"
3785,47.4,8.6,228962,6_1,51.6,6.4,"Zürich (Kreis 12), Switzerland"
3786,41.9,-87.6,228936,7_42,45.2,268.8,"Cook County, Chicago, Illinois, United States"
3787,32.3,35.0,228915,9_5,32.4,32.0,"Ţūlkarm, West Bank, Palestinian Territory"
3788,10.1,105.8,228914,12_16,13.2,102.4,"Phường Bình Minh, Cần Thơ, Can Tho City, Vietnam"
3789,7.2,4.9,228663,12_0,13.2,0.0,"Ile-Oluji, Nigeria"
3790,12.2,15.1,228648,12_2,13.2,12.8,"Adiguel, N'Djamena, N’Djaména, Chad"
3791,31.1,77.2,228631,9_12,32.4,76.8,"Shimla, India"
3792,40.3,-111.7,228626,7_38,45.2,243.2,"Orem, United States"
3793,27.0,84.9,228596,9_13,32.4,83.2,"Bishrampur-05, Birgañj, Madhesh, Nepal"
3794,21.0,106.0,228501,10_16,26.0,102.4,"Gia Lâm, Vietnam"
3795,-12.0,-76.8,228455,15_44,-6.0,281.6,"Chaclacayo, Chosica, Peru"
3796,-12.9,-38.3,228362,16_50,-12.4,320.0,"Vilas do Atlântico, Lauro de Freitas, Bahia, Brazil"
3797,38.2,48.3,228261,8_7,38.8,44.8,"Ardabil city, Ardabīl, Ardabil Province, Iran"
3798,8.0,5.1,228203,12_0,13.2,0.0,"Otun-Ekiti, Nigeria"
3799,-8.5,115.3,228181,15_18,-6.0,115.2,"Ubud, Indonesia"
3800,-23.1,-47.2,228176,17_48,-18.8,307.2,"Indaiatuba, Brazil"
3801,35.1,136.8,228081,8_21,38.8,134.4,"Yatomi, Japan"
3802,-22.8,-43.5,228055,17_49,-18.8,313.6,"Nova Iguaçu, Rio de Janeiro, Brazil"
3803,-6.7,110.7,228037,15_17,-6.0,108.8,"Pecangaan, Indonesia"
3804,-8.6,116.2,227883,15_18,-6.0,115.2,"Batukuta, Indonesia"
3805,12.1,8.5,227850,12_1,13.2,6.4,"Ungogo, Kano, Nigeria"
3806,33.7,73.2,227841,8_11,38.8,70.4,"Jagiot, Alipur, Islamabad, Pakistan"
3807,43.0,47.4,227832,7_7,45.2,44.8,"Semender, Makhachkala, Russia"
3808,7.1,-73.2,227796,12_44,13.2,281.6,"Girón, Bucaramanga, Colombia"
3809,33.8,72.8,227759,8_11,38.8,70.4,"Gohdo, Wah Cantt, Punjab, Pakistan"
3810,6.7,38.4,227758,13_6,6.8,38.4,"Irgalem, Yirga ‘Alem, Sidama Region, Ethiopia"
3811,21.2,-101.7,227725,10_40,26.0,256.0,"La Ermita, León de los Aldama, Mexico"
3812,54.4,18.6,227661,5_2,58.0,12.8,"Wrzeszcz, Poland"
3813,-6.6,107.4,227642,15_16,-6.0,102.4,"Malangnengah, Purwakarta, West Java, Indonesia"
3814,38.5,68.7,227500,8_10,38.8,64.0,"Dushanbe, Tajikistan (SW)"
3815,40.1,29.5,227415,7_4,45.2,25.6,"İnegol, Turkey"
3816,38.0,126.6,227320,8_19,38.8,121.6,"Kaesŏng, North Korea"
3817,33.8,132.8,227274,8_20,38.8,128.0,"Matsuyama, Japan"
3818,32.6,51.6,227252,8_8,38.8,51.2,"Dorcheh Pīāz, Isfahan, Iran"
3819,-8.9,25.7,227211,15_4,-6.0,25.6,"Kabondo-Dianda, Bukama, Democratic Republic of the Congo"
3820,-28.7,24.7,227088,18_3,-25.2,19.2,"Sol Plaatje Ward 30, Kimberley, South Africa"
3821,-12.2,27.8,227057,15_4,-6.0,25.6,"Kasumbalesa, Chililabombwe, Copperbelt, Zambia"
3822,-6.5,108.4,226879,15_16,-6.0,102.4,"Jayawinangun, Karangampel, West Java, Indonesia"
3823,25.8,68.7,226819,10_10,26.0,64.0,"Tando Adam, Pakistan"
3824,26.9,31.5,226756,9_4,32.4,25.6,"Al Osmaniya, Ţimā, Sohag, Egypt"
3825,48.7,2.3,226711,6_0,51.6,0.0,"Antony, France"
3826,-14.8,-39.3,226667,16_50,-12.4,320.0,"Itabuna, Brazil"
3827,-37.7,145.0,226659,19_22,-31.6,140.8,"Reservoir, Australia"
3828,-8.9,33.4,226591,15_5,-6.0,32.0,"Mbeya, Tanzania (W)"
3829,35.2,129.2,226511,8_20,38.8,128.0,"Gijang, South Korea"
3830,24.3,90.8,226495,10_14,26.0,89.6,"Katiadi, Kishorganj, Dhaka Division, Bangladesh"
3831,51.0,6.9,226315,6_1,51.6,6.4,"Longerich, Leverkusen, Köln, North Rhine-Westphalia, Germany"
3832,18.4,-66.2,226314,11_45,19.6,288.0,"Bayamón, Puerto Rico"
3833,-3.9,-38.6,226275,14_50,0.4,320.0,"Maracanaú, Brazil"
3834,44.5,11.4,226211,7_1,45.2,6.4,"San Donato-San Vitale, Bologna, Emilia-Romagna, Italy"
3835,11.1,13.7,226209,12_2,13.2,12.8,"Gwoza, Nigeria"
3836,-6.8,107.9,226133,15_16,-6.0,102.4,"Sumedang, Indonesia"
3837,-7.3,107.8,225995,15_16,-6.0,102.4,"Gudang, Indonesia"
3838,49.2,28.5,225973,6_4,51.6,25.6,"Vinnytsya, Ukraine"
3839,34.2,72.2,225958,8_11,38.8,70.4,"Baghicha Dheri, Ashanagro Koto, Khyber Pakhtunkhwa, Pakistan"
3840,43.5,-5.7,225923,7_55,45.2,352.0,"Gijón, Spain"
3841,51.4,0.1,225920,6_0,51.6,0.0,"Leesons, Bexley, England, United Kingdom"
3842,-12.2,-39.0,225873,15_50,-6.0,320.0,"Pampalona, Feira de Santana, Bahia, Brazil"
3843,1.5,110.4,225851,13_17,6.8,108.8,"Kampung Binyok, Kuching, Sarawak, Malaysia"
3844,50.8,6.1,225829,6_0,51.6,0.0,"Aachen, Germany"
3845,26.7,68.0,225688,9_10,32.4,64.0,"Moro, Pakistan"
3846,31.9,54.3,225639,9_8,32.4,51.2,"jadeh foroodgah, Yazd, Yazd Province, Iran"
3847,29.6,52.6,225617,9_8,32.4,51.2,"Shiraz County, Shiraz, Fars, Iran"
3848,40.0,-83.0,225594,7_43,45.2,275.2,"Columbus, United States"
3849,50.3,19.0,225588,6_2,51.6,12.8,"Bytków, Katowice, Silesia, Poland"
3850,-26.1,28.2,225531,18_4,-25.2,25.6,"Edenvale, Thembisa, South Africa"
3851,57.7,12.0,225507,5_1,58.0,6.4,"Gothenburg, Sweden"
3852,-27.4,153.0,225333,18_23,-25.2,147.2,"Clayfield, Australia"
3853,7.3,80.7,225246,12_12,13.2,76.8,"Mal Gaha Mula Junction, Kandy, Central Province, Sri Lanka"
3854,-27.5,-59.0,225231,18_47,-25.2,300.8,"Municipio de Resistencia, Resistencia, Chaco, Argentina"
3855,30.0,-95.5,225216,9_41,32.4,262.4,"Hudson, Spring, United States"
3856,27.8,30.8,225165,9_4,32.4,25.6,"Hermupolis, Mallawī, Minya, Egypt"
3857,2.8,32.3,225135,13_5,6.8,32.0,"Gulu, Uganda"
3858,20.9,106.6,224994,10_16,26.0,102.4,"Huyền Tụng, Haiphong, Vietnam"
3859,30.5,31.7,224945,9_4,32.4,25.6,"Abū Ḩammād, Egypt"
3860,26.2,50.5,224922,9_7,32.4,44.8,"Jidd Ḩafş, Bahrain"
3861,21.3,-157.8,224845,10_31,26.0,198.4,"Makiki / Lower Punchbowl / Tantalus, United States"
3862,-5.5,-47.5,224841,14_48,0.4,307.2,"Imperatriz, Brazil"
3863,-8.8,-63.9,224783,15_46,-6.0,294.4,"Porto Velho, Brazil"
3864,31.1,30.3,224730,9_4,32.4,25.6,"Abū Ḩummuş, Egypt"
3865,30.9,73.6,224542,9_11,32.4,70.4,"Renala Khurd, Pakistan"
3866,-6.5,107.5,224520,15_16,-6.0,102.4,"Cikampui, Purwakarta, West Java, Indonesia"
3867,-2.6,32.9,224282,14_5,0.4,32.0,"Swea, Mwanza, Tanzania"
3868,14.0,35.4,224250,11_5,19.6,32.0,"Al Qadarif, Sudan"
3869,51.5,6.8,224209,6_1,51.6,6.4,"Neumühl, Duisburg, North Rhine-Westphalia, Germany"
3870,4.7,7.4,224110,13_1,6.8,6.4,"Beri, Bori, Rivers State, Nigeria"
3871,37.7,-122.5,224066,8_37,38.8,236.8,"Daly City, San Francisco, United States"
3872,33.9,-117.9,224016,8_37,38.8,236.8,"Downtown Fullerton, Anaheim, California, United States"
3873,-6.2,12.4,223865,15_1,-6.0,6.4,"Soyo, Angola"
3874,-2.0,30.2,223822,14_4,0.4,25.6,"Ndera, Rwanda"
3875,33.8,-84.4,223733,8_43,38.8,275.2,"Bankhead, Atlanta, Georgia, United States"
3876,1.6,-75.6,223660,13_44,6.8,281.6,"Florencia, Colombia"
3877,26.8,85.2,223568,9_13,32.4,83.2,"Ishanath-06, Gaur, Madhesh, Nepal"
3878,-26.1,28.4,223539,18_4,-25.2,25.6,"Ekurhuleni Ward 25, Etwatwa, Gauteng, South Africa"
3879,23.1,91.0,223412,10_14,26.0,89.6,"Chatkhil Upazila, Rāmganj, Chittagong, Bangladesh"
3880,-8.1,112.6,223317,15_17,-6.0,108.8,"Pakisaji, Indonesia"
3881,1.4,99.3,223159,13_15,6.8,96.0,"Padangsidempuan, Indonesia"
3882,23.4,91.0,223131,10_14,26.0,89.6,"Vangua, Comilla, Chittagong, Bangladesh"
3883,38.7,-121.3,223096,8_37,38.8,236.8,"Citrus Heights, Roseville, California, United States"
3884,22.9,91.4,222880,10_14,26.0,89.6,"Dak Bangla, Feni, Chittagong, Bangladesh"
3885,32.9,-96.8,222875,8_41,38.8,262.4,"University Park, Carrollton, United States"
3886,15.6,-88.0,222834,11_42,19.6,268.8,"Choloma, San Pedro Sula, Honduras"
3887,48.3,14.3,222787,6_2,51.6,12.8,"Linz, Austria"
3888,30.8,30.9,222778,9_4,32.4,25.6,"Kafr az Zayyāt, Tanta, Egypt"
3889,18.6,-69.9,222752,11_45,19.6,288.0,"Ensanche Luperón, Cristo Rey, Dominican Republic"
3890,31.0,31.1,222746,9_4,32.4,25.6,"El Mahalla El Kubra, Al Maḩallah al Kubrá, Gharbia, Egypt"
3891,24.5,90.9,222662,10_14,26.0,89.6,"Tarail Upazila, Kishorganj, Dhaka Division, Bangladesh"
3892,6.2,7.1,222594,13_1,6.8,6.4,"Awka, Nigeria"
3893,37.1,41.2,222590,8_6,38.8,38.4,"Çatalözü, Al Qāmishlī, Al-Hasakah, Syria"
3894,34.5,132.5,222533,8_20,38.8,128.0,"Gion, Japan"
3895,26.0,-80.3,222507,10_43,26.0,275.2,"Broward County, Pembroke Pines, Florida, United States"
3896,6.5,4.8,222486,13_0,6.8,0.0,"Ode-Irele, Agbabu, Nigeria"
3897,7.3,38.1,222478,12_5,13.2,32.0,"K’olīto, Ethiopia"
3898,-6.1,39.2,222350,15_6,-6.0,38.4,"Bububu, Zanzibar, Zanzibar Urban/West, Tanzania"
3899,18.5,-69.0,222336,11_45,19.6,288.0,"Villa Hermosa, La Romana, Dominican Republic"
3900,18.4,-69.0,222336,11_45,19.6,288.0,"Caleta, La Romana, Dominican Republic"
3901,-11.9,22.9,222286,15_3,-6.0,19.2,"Cazombo, Angola"
3902,33.6,73.2,222231,8_11,38.8,70.4,"Gulberg Markaz, Alipur, Islamabad, Pakistan"
3903,33.6,71.4,222203,8_11,38.8,70.4,"Muhammad Zai, Kohat, Khyber Pakhtunkhwa, Pakistan"
3904,53.5,-113.5,222190,5_38,58.0,243.2,"Empire Park, Canada"
3905,48.1,-1.7,222176,6_55,51.6,352.0,"Rennes, France"
3906,24.3,89.6,222133,10_14,26.0,89.6,"Salap, Shāhzādpur, Rajshahi Division, Bangladesh"
3907,33.9,-118.4,222091,8_37,38.8,236.8,"Hawthorne, United States"
3908,23.1,90.8,222018,10_14,26.0,89.6,"Ramganj Upazila, Rāipur, Chittagong, Bangladesh"
3909,12.9,101.0,222007,12_15,13.2,96.0,"Na Kluea, Thailand"
3910,13.4,123.4,221881,11_19,19.6,121.6,"Iriga City, Philippines"
3911,55.0,73.3,221811,5_11,58.0,70.4,"Omsk, Omsk Oblast, Russia (W)"
3912,43.1,-88.0,221764,7_42,45.2,268.8,"Wauwatosa, Milwaukee, United States"
3913,55.9,-4.3,221757,5_55,58.0,352.0,"Summerston, Glasgow, Scotland, United Kingdom"
3914,-1.2,36.7,221740,14_5,0.4,32.0,"Kabete, Kikuyu, Kiambu County, Kenya"
3915,47.9,107.0,221689,6_16,51.6,102.4,"Ulaankhuaran, Ulan Bator, Ulaanbaatar, Mongolia"
3916,5.3,103.1,221682,13_16,6.8,102.4,"Kuala Terengganu, Malaysia"
3917,-8.7,116.5,221636,15_18,-6.0,115.2,"Lepak, Indonesia"
3918,47.7,-122.3,221427,6_37,51.6,236.8,"Kirkland, United States"
3919,-4.5,15.4,221363,14_2,0.4,12.8,"Nsele, Masina, Kinshasa, Democratic Republic of the Congo"
3920,12.2,18.7,221355,12_2,13.2,12.8,"Mongo, Chad"
3921,-7.4,111.0,221351,15_17,-6.0,108.8,"Pojok, Sragen, Central Java, Indonesia"
3922,10.6,7.5,221322,12_1,13.2,6.4,"Ungwan Ma Aji, Kaduna, Kaduna State, Nigeria"
3923,-22.0,-47.9,221313,17_48,-18.8,307.2,"São Carlos, Brazil"
3924,27.6,68.0,221255,9_10,32.4,64.0,"Kambar, Pakistan"
3925,30.3,73.1,221073,9_11,32.4,70.4,"Arifwala, Pakistan"
3926,50.1,19.9,220983,6_3,51.6,19.2,"Tonie, Kraków, Lesser Poland"
3927,56.8,53.2,220937,5_8,58.0,51.2,"Izhevsk, Udmurtiya Republic, Russia"
3928,47.6,19.1,220931,6_2,51.6,12.8,"Budapest III. kerület, Hungary"
3929,4.7,45.2,220872,13_7,6.8,44.8,"Beledweyne, Somalia"
3930,21.1,105.6,220870,10_16,26.0,102.4,"Đan Phượng, Sơn Tây, Vietnam"
3931,-7.3,108.4,220839,15_16,-6.0,102.4,"Lawong, Indonesia"
3932,13.8,-13.7,220744,11_54,19.6,345.6,"Tambacounda, Senegal"
3933,18.0,-93.0,220724,11_41,19.6,262.4,"Anacleto Canabal Tercera Sección, Villahermosa, Tabasco, Mexico"
3934,13.3,44.3,220545,11_6,19.6,38.4,"Al Jadas, Ḩayfān, Ta‘izz, Yemen"
3935,18.5,-69.3,220496,11_45,19.6,288.0,"San Pedro de Macorís, Dominican Republic"
3936,34.0,72.2,220478,8_11,38.8,70.4,"Jahangira, Pakistan"
3937,30.2,31.0,220437,9_4,32.4,25.6,"Manshīyat al Qanāţir, Ashmūn, Egypt"
3938,-22.1,-51.4,220434,17_48,-18.8,307.2,"Presidente Prudente, Brazil"
3939,30.0,-95.4,220367,9_41,32.4,262.4,"Harris County, Aldine, Texas, United States"
3940,23.0,90.9,220297,10_14,26.0,89.6,"Dilshadpur, Lakshmīpur, Chittagong, Bangladesh"
3941,45.4,11.9,220268,6_1,51.6,6.4,"Padua, Italy"
3942,30.1,70.6,220225,9_11,32.4,70.4,"Hakim Shahwala, Dera Ghazi Khan, Punjab, Pakistan"
3943,-26.5,27.8,220210,18_4,-25.2,25.6,"Emfuleni Ward 25, Evaton, Gauteng, South Africa"
3944,-17.8,-50.9,220177,16_48,-12.4,307.2,"Rio Verde, Brazil"
3945,6.3,5.7,220107,13_0,6.8,0.0,"Idogbo, Benin City, Nigeria"
3946,5.6,7.2,220069,13_1,6.8,6.4,"Afor-Oru, Iho, Nigeria"
3947,30.3,57.0,220067,9_8,32.4,51.2,"Kerman County, Kerman, Iran (W)"
3948,12.6,6.6,220029,12_1,13.2,6.4,"Kaura Namoda, Nigeria"
3949,50.1,20.0,220017,6_3,51.6,19.2,"Mistrzejowice, Kraków, Lesser Poland"
3950,33.6,-117.7,219952,8_37,38.8,236.8,"Mission Viejo, United States"
3951,32.6,-117.1,219912,8_37,38.8,236.8,"Chula Vista, United States"
3952,9.3,123.3,219869,12_19,13.2,121.6,"Dumaguete, Philippines"
3953,51.1,71.5,219837,6_11,51.6,70.4,"Astana, Kazakhstan (SE)"
3954,37.7,-122.1,219729,8_37,38.8,236.8,"Hayward, United States"
3955,48.8,44.8,219696,6_7,51.6,44.8,"Volzhsky, Russia"
3956,-22.8,-47.3,219644,17_48,-18.8,307.2,"Jardim Alvorada, Sumaré, São Paulo, Brazil"
3957,-20.2,-40.3,219629,17_49,-18.8,313.6,"Serra, Brazil"
3958,14.2,104.1,219617,11_16,19.6,102.4,"Anlong Veaeng, Ŏtâr Méanchey, Cambodia"
3959,7.6,4.7,219576,12_0,13.2,0.0,"Atakunmosa West, Ilesa, Osun State, Nigeria"
3960,23.2,88.7,219527,10_13,26.0,83.2,"Samonta Bazar, Bangladesh"
3961,-8.3,113.6,219504,15_17,-6.0,108.8,"Krajan Kertonegoro, Indonesia"
3962,-8.1,112.1,219479,15_17,-6.0,108.8,"Ngaglik, Blitar, East Java, Indonesia"
3963,-9.4,25.8,219412,15_4,-6.0,25.6,"Luena, Bukama, Democratic Republic of the Congo"
3964,-20.4,-40.4,219373,17_49,-18.8,313.6,"Viana, Vitória, Brazil"
3965,38.4,-0.5,219348,8_56,38.8,358.4,"Alicante, Spain"
3966,43.3,21.9,219148,7_3,45.2,19.2,"Niš, Serbia"
3967,43.6,1.5,219148,7_0,45.2,0.0,"Cyprié, Toulouse, Occitanie, France"
3968,41.8,-71.4,219148,7_45,45.2,288.0,"Providence, United States"
3969,-13.3,35.3,219114,16_5,-12.4,32.0,"Mitava, Lichinga, Mozambique"
3970,5.5,7.2,219096,13_1,6.8,6.4,"Enyiogugu, Aboh, Imo State, Nigeria"
3971,34.0,71.7,219003,8_11,38.8,70.4,"Pabbi, Peshawar, Pakistan"
3972,55.7,52.4,218991,5_8,58.0,51.2,"Naberezhnyye Chelny, Tatarstan Republic, Russia"
3973,52.4,13.3,218969,5_2,58.0,12.8,"Sigridshorst, Lichterfelde, State of Berlin, Germany"
3974,-33.0,27.9,218901,19_4,-31.6,25.6,"East London, South Africa"
3975,-7.7,114.0,218893,15_17,-6.0,108.8,"Situbondo, Indonesia"
3976,-14.7,15.0,218886,16_2,-12.4,12.8,"Matala, Angola"
3977,3.0,99.6,218755,13_15,6.8,96.0,"Kisaran, Indonesia"
3978,22.5,114.2,218751,10_17,26.0,108.8,"Tai Po, Luohu District, Hong Kong"
3979,-23.4,-46.6,218728,17_48,-18.8,307.2,"Mandaqui, Guarulhos, Brazil"
3980,32.3,72.9,218677,9_11,32.4,70.4,"Bhalwal, Pakistan"
3981,6.7,6.3,218602,13_0,6.8,0.0,"Uromi, Nigeria"
3982,17.0,36.5,218463,11_5,19.6,32.0,"Khor Widei, السودان"
3983,33.0,-96.8,218429,8_41,38.8,262.4,"Addison, Plano, United States"
3984,11.8,8.6,218421,12_1,13.2,6.4,"Gangere, Dawakin Kudu, Kano State, Nigeria"
3985,16.9,97.6,218379,11_15,19.6,96.0,"Hpa-An, Myanmar"
3986,25.5,68.7,218372,10_10,26.0,64.0,"Tando Allahyar, Pakistan"
3987,6.6,3.6,218355,13_0,6.8,0.0,"Ikorodu, Imota, Nigeria"
3988,34.4,73.5,218330,8_11,38.8,70.4,"Botha, Muzaffarābād, Azad Kashmir, Pakistan"
3989,24.0,97.9,218251,10_15,26.0,96.0,"Mu-se, Myanmar"
3990,-21.1,-47.8,218198,17_48,-18.8,307.2,"Distrito Industrial, Ribeirão Preto, São Paulo, Brazil"
3991,27.3,31.1,218173,9_4,32.4,25.6,"Beni Muhammadiyat, Abnūb, Asyut, Egypt"
3992,59.4,24.7,218152,4_3,64.4,19.2,"Mustamäe, Tallinn, Estonia"
3993,51.6,0.2,218145,6_0,51.6,0.0,"Dagenham, United Kingdom"
3994,22.1,-101.0,217939,10_40,26.0,256.0,"Municipio de San Luis Potosí, San Luis Potosí, Mexico"
3995,-29.6,30.4,217919,18_4,-25.2,25.6,"Msunduzi Ward 33, Pietermaritzburg, KwaZulu-Natal, South Africa"
3996,-8.1,111.7,217918,15_17,-6.0,108.8,"Trenggalek, Indonesia"
3997,23.4,90.8,217834,10_14,26.0,89.6,"Temai, Hājīganj, Chittagong, Bangladesh"
3998,39.7,125.9,217794,7_19,45.2,121.6,"Kaech’ŏn, North Korea"
3999,-0.7,34.8,217691,14_5,0.4,32.0,"Kegati, Kisii, Kisii County, Kenya"
4000,6.2,38.2,217634,13_5,6.8,32.0,"Yirga Ch’efē, Ethiopia"
4001,-6.9,108.7,217604,15_16,-6.0,102.4,"Karangsembung, Indonesia"
4002,49.0,2.2,217347,6_0,51.6,0.0,"Sartrouville, France"
4003,31.4,34.4,217345,9_5,32.4,32.0,"Dayr al Balaḩ, Palestinian Territory"
4004,52.4,13.5,217329,5_2,58.0,12.8,"Köpenick, Germany"
4005,51.8,19.4,217325,5_3,58.0,19.2,"Kochanówka, Łódź, Łódź Voivodeship, Poland"
4006,51.8,19.5,217323,5_3,58.0,19.2,"Stare Moskule, Łódź, Łódź Voivodeship, Poland"
4007,29.2,30.8,217310,9_4,32.4,25.6,"Atsa City, Iţsā, Faiyum, Egypt"
4008,47.0,28.9,217283,6_4,51.6,25.6,"Purcel, Chisinau, Chișinău Municipality, Moldova"
4009,39.7,125.2,217187,7_19,45.2,121.6,"Chŏngju, North Korea"
4010,28.6,30.7,217172,9_4,32.4,25.6,"Bani Wallams, Al ‘Idwah, Minya, Egypt"
4011,-7.7,112.9,217051,15_17,-6.0,108.8,"Karang Sentul, Pasuruan, East Java, Indonesia"
4012,19.3,-99.3,217008,11_40,19.6,256.0,"San Lorenzo Acopilco, Huixquilucan, Mexico"
4013,28.5,30.7,216972,9_4,32.4,25.6,"Ashruba, Banī Mazār, Minya, Egypt"
4014,35.5,6.2,216913,8_0,38.8,0.0,"Tazoult, Batna, Algeria"
4015,7.5,3.9,216888,12_0,13.2,0.0,"Moniya, Nigeria"
4016,7.8,-8.8,216760,12_54,13.2,345.6,"Nzérékoré, Guinea"
4017,-15.6,-56.0,216688,16_47,-12.4,300.8,"Cuiabá, Mato Grosso, Brazil"
4018,4.8,-74.0,216646,13_44,6.8,281.6,"Bosconia, Colombia"
4019,38.8,65.8,216612,8_10,38.8,64.0,"Shilvi, Qarshi, Qashqadaryo, Uzbekistan"
4020,48.1,11.7,216554,6_1,51.6,6.4,"Vaterstetten, Munich, Germany"
4021,0.1,40.3,216523,14_6,0.4,38.4,"Ifo Refugee Camp, Dadaab, Garissa County, Kenya"
4022,13.0,5.2,216512,12_0,13.2,0.0,"Badon Barade, Sokoto, Nigeria"
4023,13.6,44.1,216502,11_6,19.6,38.4,"AlKabba, Taiz, Ta‘izz, Yemen"
4024,25.6,-100.2,216493,10_40,26.0,256.0,"Jardines de la Silla, Guadalupe, Mexico"
4025,34.2,43.9,216405,8_6,38.8,38.4,"Sāmarrā’, Iraq"
4026,23.7,91.1,216387,10_14,26.0,89.6,"Narayanpur, Manoharpur, Bangladesh"
4027,1.0,35.0,216374,13_5,6.8,32.0,"Kitale, Kenya"
4028,54.3,48.3,216275,5_7,58.0,44.8,"Ulyanovsk, Russia"
4029,33.6,130.2,216211,8_20,38.8,128.0,"Itoshima, Japan"
4030,39.6,2.6,216190,7_0,45.2,0.0,"Son Xigala, Palma, Balearic Islands, Spain"
4031,18.3,99.5,216119,11_15,19.6,96.0,"Lampang, Thailand"
4032,6.0,10.2,216043,13_1,6.8,6.4,"Balewa, Bamenda, North-West, Cameroon"
4033,6.2,-1.7,216009,13_55,6.8,352.0,"Obuase, Ghana"
4034,45.6,9.1,215942,6_1,51.6,6.4,"Paderno Dugnano, Italy"
4035,31.0,73.9,215925,9_11,32.4,70.4,"Kot Boota Singh, Pattoki, Punjab, Pakistan"
4036,-5.9,-35.2,215883,14_50,0.4,320.0,"Parque do Jiqui, Parnamirim, Rio Grande do Norte, Brazil"
4037,-2.6,-44.3,215879,14_49,0.4,313.6,"Residencial Luiz Bacelar, São Luís, Brazil"
4038,-7.9,110.3,215875,15_17,-6.0,108.8,"Sewon, Indonesia"
4039,45.6,8.9,215830,6_1,51.6,6.4,"Busto Arsizio, Italy"
4040,28.0,69.3,215776,9_10,32.4,64.0,"Ghotki, Pakistan"
4041,-8.2,112.7,215719,15_17,-6.0,108.8,"Dampit, Indonesia"
4042,-15.9,-48.0,215715,16_48,-12.4,307.2,"Águas Claras, Brazil"
4043,36.6,136.6,215646,8_21,38.8,134.4,"Jichumachi, Kanazawa, Ishikawa, Japan"
4044,31.9,131.4,215644,9_20,32.4,128.0,"Miyazaki, Japan"
4045,31.6,-2.2,215608,9_55,32.4,352.0,"Béchar, Algeria"
4046,33.5,73.2,215585,8_11,38.8,70.4,"Kuri Dulal, Pakistan"
4047,-25.6,28.1,215536,18_4,-25.2,25.6,"Tshwane Ward 90, Ga-Rankuwa, North West, South Africa"
4048,22.1,92.1,215515,10_14,26.0,89.6,"Kerani Hat, Sātkania, Chittagong, Bangladesh"
4049,20.4,-100.0,215502,10_40,26.0,256.0,"San Juan del Río, Mexico"
4050,21.7,39.1,215431,10_6,26.0,38.4,"Al Murjaan, Jeddah, Mecca Region, Saudi Arabia"
4051,16.1,-16.5,215420,11_53,19.6,339.2,"Ndiago, Saint-Louis, Mauritania"
4052,16.0,-16.5,215420,11_53,19.6,339.2,"Saint-Louis, Senegal"
4053,-25.1,-50.2,215390,17_48,-18.8,307.2,"Ponta Grossa, Brazil"
4054,53.1,18.0,215278,5_2,58.0,12.8,"Bydgoszcz, Poland"
4055,30.4,73.4,215255,9_11,32.4,70.4,"Pakpattan, Punjab, Pakistan (N)"
4056,5.0,6.4,215252,13_1,6.8,6.4,"Akenfa, Akinima, Rivers State, Nigeria"
4057,35.1,137.1,215244,8_21,38.8,134.4,"Toyota, Aichi, Japan"
4058,51.4,-0.4,215210,6_56,51.6,358.4,"Feltham, United Kingdom"
4059,36.0,139.8,215175,8_21,38.8,134.4,"Kasukabe, Saitama, Japan"
4060,40.8,72.4,215157,7_11,45.2,70.4,"Ekintikin, Andijon, Andijan Region, Uzbekistan"
4061,-10.4,28.6,215101,15_4,-6.0,25.6,"Mwense, Zambia"
4062,16.8,94.7,215041,11_14,19.6,89.6,"Pathein, Myanmar"
4063,-5.9,-35.3,214987,14_50,0.4,320.0,"Macaíba, Parnamirim, Rio Grande do Norte, Brazil"
4064,40.0,32.5,214951,7_5,45.2,32.0,"Etimesgut, Turkey"
4065,24.3,90.0,214849,10_14,26.0,89.6,"Paikara, Tangail, Dhaka Division, Bangladesh"
4066,14.9,-91.4,214772,11_41,19.6,262.4,"Totonicapán, Guatemala"
4067,-2.9,29.8,214730,14_4,0.4,25.6,"Ngozi, Burundi"
4068,23.6,90.9,214714,10_14,26.0,89.6,"Muradnagar Upazila, Bangladesh"
4069,31.0,30.7,214695,9_4,32.4,25.6,"Shubrākhīt, Beheira, Egypt"
4070,-7.7,110.7,214610,15_17,-6.0,108.8,"Ceper, Klaten, Indonesia"
4071,40.7,129.2,214599,7_20,45.2,128.0,"쌍화동, 조선민주주의인민공화국"
4072,15.0,102.1,214538,11_15,19.6,96.0,"Nakhon Ratchasima, Thailand"
4073,25.1,89.4,214454,10_13,26.0,83.2,"Kamardaha, Shibganj, Rajshahi Division, Bangladesh"
4074,20.9,105.7,214450,10_16,26.0,102.4,"Phụng Nghia, Dại Mỗ, Vietnam"
4075,-7.8,112.1,214438,15_17,-6.0,108.8,"Sitimerto, Kediri, Indonesia"
4076,-10.7,22.2,214434,15_3,-6.0,19.2,"Luau, Moxico, Angola"
4077,-26.4,28.1,214335,18_4,-25.2,25.6,"Ekurhuleni Ward 53, Tokoza, Gauteng, South Africa"
4078,-6.7,111.1,214277,15_17,-6.0,108.8,"Kalangan, Indonesia"
4079,40.5,49.9,214270,7_7,45.2,44.8,"Zabrat, Azerbaijan"
4080,52.6,39.6,214250,5_6,58.0,38.4,"Lipetsk, Russia"
4081,36.1,-115.3,214248,8_38,38.8,243.2,"Spring Valley, United States"
4082,-6.8,-79.9,214218,15_43,-6.0,275.2,"Pimentel, Chiclayo, Lambayeque, Peru"
4083,23.2,91.2,214175,10_14,26.0,89.6,"Nangalkot Upazila, Lākshām, Chittagong, Bangladesh"
4084,-5.1,105.3,214014,14_16,0.4,102.4,"Metro, Indonesia"
4085,30.9,31.4,213987,9_4,32.4,25.6,"El Rauda, As Sinbillāwayn, Dakahlia, Egypt"
4086,51.1,-114.2,213918,6_38,51.6,243.2,"Tuscany, Canada"
4087,52.6,13.3,213786,5_2,58.0,12.8,"Wedding, Germany"
4088,-1.4,36.7,213716,14_5,0.4,32.0,"Lang'ata, Kenya"
4089,34.4,73.2,213588,8_11,38.8,70.4,"Hayyat Abad, Mansehra, Khyber Pakhtunkhwa, Pakistan"
4090,9.7,80.0,213536,12_12,13.2,76.8,"Jaffna, Sri Lanka"
4091,26.3,32.0,213456,9_5,32.4,32.0,"Al Maaisra, Al Balyanā, Sohag, Egypt"
4092,13.6,25.3,213444,11_3,19.6,19.2,"Kurga, El Fasher, Northern Darfur, Sudan"
4093,12.7,28.4,213352,12_4,13.2,25.6,"An Nuhūd, Sudan"
4094,-8.1,113.2,213316,15_17,-6.0,108.8,"Lumajang, Indonesia"
4095,35.4,1.3,213099,8_0,38.8,0.0,"Tiaret, Algeria"
4096,33.9,72.4,213026,8_11,38.8,70.4,"Kamra, Pakistan"
4097,47.6,7.6,212997,6_1,51.6,6.4,"Weil, Basel, Basel-City, Switzerland"
4098,5.6,7.4,212953,13_1,6.8,6.4,"Ihitte/Uboma, Isinweke, Imo State, Nigeria"
4099,7.8,123.4,212890,12_19,13.2,121.6,"Pagadian, Philippines"
4100,34.7,10.7,212829,8_1,38.8,6.4,"Sidi Abid, Sfax, Tunisia"
4101,23.7,90.9,212676,10_14,26.0,89.6,"uttar Ramchandtapur, Nabīnagar, Chittagong, Bangladesh"
4102,12.4,98.6,212669,12_15,13.2,96.0,"Myeik, Myanmar"
4103,45.0,39.0,212635,7_6,45.2,38.4,"Takhtamukaysky District, Krasnodar, Krasnodar Krai, Russia"
4104,40.4,-3.5,212472,7_55,45.2,352.0,"Huertos Familiares, Torrejón de Ardoz, Madrid, Spain"
4105,15.0,120.6,212466,11_18,19.6,115.2,"Lubao, San Fernando, Philippines"
4106,23.9,91.0,212429,10_14,26.0,89.6,"Biddyakut, Nabīnagar, Chittagong, Bangladesh"
4107,-7.7,110.3,212403,15_17,-6.0,108.8,"Godean, Indonesia"
4108,26.7,85.7,212376,9_13,32.4,83.2,"Pariharpur, Jaleshwar, Madhesh, Nepal"
4109,39.4,-0.4,212351,7_56,45.2,358.4,"Hort de Ferris, Torrent, Valencia, Spain"
4110,15.0,120.8,212326,11_18,19.6,115.2,"Apalit, Philippines"
4111,-6.7,108.3,212229,15_16,-6.0,102.4,"Majasuka, Jatiwangi, West Java, Indonesia"
4112,10.1,-68.0,212130,12_45,13.2,288.0,"Barrio Democracia, Valencia, Carabobo, Venezuela"
4113,39.9,-105.0,212123,7_39,45.2,249.6,"Thornton, United States"
4114,-6.1,24.5,212116,15_3,-6.0,19.2,"Kabinda, Democratic Republic of the Congo"
4115,24.9,90.0,211982,10_14,26.0,89.6,"Lakshmir Char, Jamālpur, Mymensingh Division, Bangladesh"
4116,38.9,-76.9,211925,7_44,45.2,281.6,"Walker Mill, United States"
4117,24.5,90.5,211900,10_14,26.0,89.6,"Barabaria, Gafargaon, Mymensingh Division, Bangladesh"
4118,4.6,7.4,211799,13_1,6.8,6.4,"Gwara, Bori, Rivers State, Nigeria"
4119,36.7,137.2,211716,8_21,38.8,134.4,"Toyama, Japan"
4120,33.2,131.6,211713,8_20,38.8,128.0,"Ōita, Japan"
4121,-2.6,140.7,211659,14_21,0.4,134.4,"Enggros, Jayapura, Indonesia"
4122,22.4,-80.0,211604,10_43,26.0,275.2,"Santa Clara, Cuba"
4123,22.4,90.3,211560,10_14,26.0,89.6,"Patuakhali, Bangladesh"
4124,43.8,142.4,211499,7_22,45.2,140.8,"Asahikawa, Japan"
4125,38.4,38.3,211401,8_5,38.8,32.0,"Çarmuzu Mahallesi, Malatya, Turkey"
4126,41.0,28.6,211331,7_4,45.2,25.6,"Pınartepe Mahallesi, Esenyurt, Istanbul, Turkey"
4127,5.6,100.5,211307,13_15,6.8,96.0,"Kampung Pulau Tengah, Sungai Petani, Kedah, Malaysia"
4128,-22.5,-43.2,211305,17_49,-18.8,313.6,"Quarteirão Ingelheim, Petrópolis, Rio de Janeiro, Brazil"
4129,-17.9,-63.2,211183,16_46,-12.4,294.4,"Provincia Andrés Ibáñez, Santa Cruz de la Sierra, Santa Cruz Department, Bolivia"
4130,1.6,30.2,211093,13_4,6.8,25.6,"Makombo, Bunia, Ituri, Democratic Republic of the Congo"
4131,-21.5,-64.7,211010,17_46,-18.8,294.4,"Tarija, Bolivia"
4132,-11.0,-37.1,210992,15_50,-6.0,320.0,"17 de Março, Aracaju, Sergipe, Brazil"
4133,-23.2,-46.8,210945,17_48,-18.8,307.2,"Várzea Paulista, Brazil"
4134,39.7,-104.8,210933,7_39,45.2,249.6,"Adams County, Aurora, Colorado, United States"
4135,53.5,10.0,210927,5_1,58.0,6.4,"Hamburg, Germany"
4136,-19.0,-65.3,210854,17_46,-18.8,294.4,"Sucre, Bolivia"
4137,42.8,74.6,210796,7_11,45.2,70.4,"Alamüdün District, Bishkek, Kyrgyzstan"
4138,33.2,-8.5,210589,8_54,38.8,345.6,"El Jadida, Morocco"
4139,19.1,-98.1,210516,11_40,19.6,256.0,"Villa Vicente Guerrero, Mexico"
4140,33.3,130.5,210456,8_20,38.8,128.0,"Kurume, Japan"
4141,24.8,90.6,210455,10_14,26.0,89.6,"Mailakanda, Purbadhala, Mymensingh Division, Bangladesh"
4142,51.2,6.7,210354,6_1,51.6,6.4,"Hafengebiet, Düsseldorf, North Rhine-Westphalia, Germany"
4143,36.0,-115.1,210348,8_38,38.8,243.2,"Henderson, United States"
4144,25.7,89.6,210191,10_14,26.0,89.6,"Pandul, Paotana Hat, Rangpur Division, Bangladesh"
4145,8.1,-63.6,210155,12_46,13.2,294.4,"Lomas de Angostura, Ciudad Bolívar, Bolívar, Venezuela"
4146,59.4,17.9,210130,4_2,64.4,12.8,"Tensta, Sollentuna, Stockholm, Sweden"
4147,-8.4,-74.6,210078,15_44,-6.0,281.6,"Pucallpa, Peru"
4148,38.9,65.8,210061,7_10,45.2,64.0,"Qarshi, Qashqadaryo, Uzbekistan"
4149,-4.4,15.5,210060,14_2,0.4,12.8,"Mpasa II, Masina, Kinshasa, Democratic Republic of the Congo"
4150,15.0,120.9,209997,11_18,19.6,115.2,"Baliuag, Philippines"
4151,-31.4,-58.0,209991,18_47,-25.2,300.8,"Concordia, Argentina"
4152,-3.9,136.4,209961,14_21,0.4,134.4,"Enarotali, Indonesia"
4153,12.3,109.1,209939,12_17,13.2,108.8,"Diên Khánh, Nha Trang, Vietnam"
4154,32.8,-117.2,209925,8_37,38.8,236.8,"La Jolla, San Diego, United States"
4155,26.6,87.1,209885,9_13,32.4,83.2,"Bhokraha-06, Inaruwa, Koshi, Nepal"
4156,37.9,-122.3,209743,8_37,38.8,236.8,"Berkeley, United States"
4157,-7.7,110.5,209609,15_17,-6.0,108.8,"Barukan, Candi Prambanan, Central Java, Indonesia"
4158,-7.6,112.3,209576,15_17,-6.0,108.8,"Diwek, Indonesia"
4159,10.4,106.4,209549,12_16,13.2,102.4,"Xã Lương Hòa Lạc, Mỹ Tho, Dong Thap, Vietnam"
4160,10.9,0.2,209480,12_0,13.2,0.0,"Dapaong, Togo"
4161,14.5,44.0,209215,11_6,19.6,38.4,"Sūq ar Rubū‘, Yemen"
4162,7.0,38.6,209197,12_6,13.2,38.4,"Busa, Awasa, Sidama Region, Ethiopia"
4163,-9.0,-78.6,209086,15_43,-6.0,275.2,"Coishco, Chimbote, Peru"
4164,48.0,106.9,209011,6_16,51.6,102.4,"Ulan Bator, Ulaanbaatar, Mongolia"
4165,32.8,-117.0,208983,8_37,38.8,236.8,"El Cajon, United States"
4166,37.6,45.1,208813,8_7,38.8,44.8,"Shur Kand, Orūmīyeh, West Azerbaijan, Iran"
4167,24.7,120.9,208810,10_18,26.0,115.2,"Toufen, Taiwan"
4168,30.6,31.2,208799,9_4,32.4,25.6,"Quwaysinā, Egypt"
4169,35.7,140.2,208713,8_21,38.8,134.4,"Yachiyo, Chiba, Japan"
4170,37.0,30.8,208642,8_4,38.8,25.6,"Varsak, Turkey"
4171,26.1,44.0,208554,9_6,32.4,38.4,"Unaizah, Saudi Arabia"
4172,-5.0,32.8,208467,14_5,0.4,32.0,"Tabora, Tanzania"
4173,24.6,90.7,208406,10_14,26.0,89.6,"Chandipasha, Kishorganj, Dhaka Division, Bangladesh"
4174,24.8,90.3,208392,10_14,26.0,89.6,"Muktāgācha, Mymensingh, Bangladesh"
4175,15.7,43.5,208361,11_6,19.6,38.4,"Waḑarah, Ḩajjah, Yemen"
4176,6.3,38.3,208161,13_5,6.8,32.0,"Wenago, Ethiopia"
4177,-7.3,110.2,208136,15_17,-6.0,108.8,"Daleman, Temanggung, Central Java, Indonesia"
4178,31.1,30.5,208126,9_4,32.4,25.6,"Nizaret Buweit, Damanhur, Beheira, Egypt"
4179,23.7,90.6,208091,10_14,26.0,89.6,"Sonargaon, Sonārgaon, Dhaka Division, Bangladesh"
4180,14.9,-91.5,207879,11_41,19.6,262.4,"Xepoclaj, Quetzaltenango, Guatemala"
4181,-22.7,-43.6,207861,17_49,-18.8,313.6,"Queimados, Brazil"
4182,31.6,73.5,207824,9_11,32.4,70.4,"Rasulpur Aaraian, Shahkot, Punjab, Pakistan"
4183,14.1,104.3,207644,11_16,19.6,102.4,"Trapeang Prasat, Ŏtâr Méanchey, Cambodia"
4184,37.1,127.1,207595,8_19,38.8,121.6,"Bongnam-ri, Osan, Gyeonggi-do, South Korea"
4185,4.7,7.1,207509,13_1,6.8,6.4,"Okrika, Nigeria"
4186,53.5,49.3,207490,5_7,58.0,44.8,"Tolyatti, Samara Oblast, Russia"
4187,-7.0,109.6,207425,15_17,-6.0,108.8,"Kedungwuni, Indonesia"
4188,45.5,9.3,207398,6_1,51.6,6.4,"Cologno Monzese, Italy"
4189,32.5,44.2,207333,8_6,38.8,38.4,"Majzarah Suwayrij, Al Hindīyah, Karbala, Iraq"
4190,27.8,-82.7,207303,9_43,32.4,275.2,"St. Petersburg, United States"
4191,-1.5,102.1,207217,14_15,0.4,96.0,"Muara Bungo, Indonesia"
4192,23.5,90.7,207152,10_14,26.0,89.6,"Gazaria, Sonārgaon, Dhaka Division, Bangladesh (SE)"
4193,28.0,30.8,206982,9_4,32.4,25.6,"Kawm az Zuhayr, Banī ‘Ubayd, Minya, Egypt"
4194,38.9,125.6,206952,7_19,45.2,121.6,"Goeup-ri, Kangsŏn, South Pyongan, North Korea"
4195,28.4,30.8,206947,9_4,32.4,25.6,"Matai, Maţāy, Minya, Egypt"
4196,-25.9,28.0,206824,18_4,-25.2,25.6,"Tshwane Ward 48, Diepsloot, Gauteng, South Africa"
4197,53.2,50.1,206797,5_7,58.0,44.8,"Leninskiy rayon, Samara, Samara Oblast, Russia"
4198,23.5,90.8,206792,10_14,26.0,89.6,"Gauripur - Kachua Road, Bangladesh"
4199,9.4,2.6,206749,12_0,13.2,0.0,"Parakou, Borgou, Benin"
4200,0.6,33.5,206719,13_5,6.8,32.0,"Iganga, Uganda"
4201,45.6,-73.7,206713,6_44,51.6,281.6,"Laval, Canada"
4202,6.1,100.4,206694,13_15,6.8,96.0,"Alor Setar, Malaysia"
4203,41.0,14.2,206611,7_2,45.2,12.8,"Casalnuovo a Piro, Giugliano in Campania, Campania, Italy"
4204,19.2,-99.1,206600,11_40,19.6,256.0,"Xochimilco, Mexico"
4205,-23.0,-45.6,206596,17_49,-18.8,313.6,"1º Subdistrito, Taubaté, São Paulo, Brazil"
4206,37.4,-121.9,206573,8_37,38.8,236.8,"Wayne, San Jose, California, United States"
4207,49.2,-122.8,206515,6_37,51.6,236.8,"Guildford, Canada"
4208,24.0,90.7,206397,10_14,26.0,89.6,"Itakhola, Narsingdi, Dhaka Division, Bangladesh"
4209,38.5,-121.4,206289,8_37,38.8,236.8,"Florin, United States"
4210,8.6,3.4,206233,12_0,13.2,0.0,"Saki West, Saki, Oyo State, Nigeria"
4211,15.9,43.4,206144,11_6,19.6,38.4,"Sūq Shamar, Yemen"
4212,23.7,90.8,206014,10_14,26.0,89.6,"Homna, Sonārgaon, Dhaka Division, Bangladesh"
4213,45.0,-93.3,205991,7_41,45.2,262.4,"Jordan, Minneapolis, Minnesota, United States"
4214,21.7,91.9,205910,10_14,26.0,89.6,"Matarbari Deep Sea Port, Bangladesh"
4215,23.6,91.1,205820,10_14,26.0,89.6,"Sahebabad, Narayanpur, Chittagong, Bangladesh"
4216,10.3,-68.0,205807,12_45,13.2,288.0,"Naguanagua, Venezuela"
4217,22.9,91.0,205784,10_14,26.0,89.6,"Begumganj Upazila, Maijdi, Chittagong, Bangladesh (W)"
4218,39.0,-77.1,205756,7_44,45.2,281.6,"East Bethesda, Silver Spring, Maryland, United States"
4219,-30.0,-71.3,205706,18_45,-25.2,288.0,"Coquimbo, Chile"
4220,39.9,-75.3,205705,7_44,45.2,281.6,"Springfield, Pennsylvania, United States"
4221,38.6,-121.4,205695,8_37,38.8,236.8,"Arden-Arcade, Sacramento, United States"
4222,38.6,-121.5,205633,8_37,38.8,236.8,"Sacramento, United States"
4223,34.2,71.5,205599,8_11,38.8,70.4,"Saro Kaly, Shabqadar, Khyber Pakhtunkhwa, Pakistan"
4224,-2.0,30.0,205584,14_4,0.4,25.6,"Kamuhanda / Ruyenzi, Kigali, Rwanda"
4225,20.1,-98.8,205553,10_40,26.0,256.0,"Los Tuzos, Mexico"
4226,48.9,2.6,205552,6_0,51.6,0.0,"Noisy-le-Grand, France"
4227,27.5,83.6,205458,9_13,32.4,83.2,"Siddharthanagar, Nepal"
4228,23.5,90.9,205420,10_14,26.0,89.6,"ঢাকা-চট্টগ্রাম মহাসড়ক, Bangladesh"
4229,26.6,50.0,205404,9_7,32.4,44.8,"Al `Awwamiyah, Al Qaţīf, Eastern Province, Saudi Arabia"
4230,24.3,90.7,205281,10_14,26.0,89.6,"Pakundia, Nagar Naluākot, Dhaka Division, Bangladesh"
4231,1.5,124.8,205155,13_19,6.8,121.6,"Wenang Selatan, Manado, Indonesia"
4232,15.9,120.4,205142,11_18,19.6,115.2,"Lepa, Philippines"
4233,43.7,7.2,205140,7_1,45.2,6.4,"Saint-Laurent-du-Var, France"
4234,-31.3,-64.3,205104,18_46,-25.2,294.4,"La Calera, Argentina"
4235,31.9,54.4,205042,9_8,32.4,51.2,"Yazd County, Yazd, Yazd Province, Iran"
4236,-7.7,110.8,205018,15_17,-6.0,108.8,"Sukoharjo, Grogol, Indonesia"
4237,-6.8,37.6,204990,15_5,-6.0,32.0,"Lugala, Morogoro, Tanzania"
4238,16.4,95.3,204957,11_14,19.6,89.6,"Mawlamyinegyunn, Myanmar"
4239,7.5,7.2,204956,12_1,13.2,6.4,"Abocho, Nigeria"
4240,-16.7,-43.9,204944,16_49,-12.4,313.6,"Montes Claros, Brazil"
4241,27.6,85.3,204910,9_13,32.4,83.2,"Pātan, Kathmandu, Nepal"
4242,-0.1,-78.4,204903,14_44,0.4,281.6,"Santa Anita, Pomasqui, Pichincha, Ecuador"
4243,-12.7,-38.3,204799,16_50,-12.4,320.0,"Camaçari, Brazil"
4244,4.7,7.9,204787,13_1,6.8,6.4,"Eket, Akwa Ibom State, Nigeria"
4245,29.1,30.9,204758,9_4,32.4,25.6,"Idrasya, Ihnāsīyah, Beni Suweif, Egypt"
4246,34.9,137.0,204732,8_21,38.8,134.4,"Nishio, Japan"
4247,34.1,2.1,204686,8_0,38.8,0.0,"Aflou, Algeria"
4248,41.7,-87.6,204657,7_42,45.2,268.8,"Auburn Gresham, United States"
4249,-0.1,109.4,204641,14_17,0.4,108.8,"Sungai Raya, Pontianak, Indonesia"
4250,24.0,90.8,204611,10_14,26.0,89.6,"Shibpur, Narsingdi, Dhaka Division, Bangladesh"
4251,23.1,91.1,204590,10_14,26.0,89.6,"Monohorgonj Upazila, Lākshām, Chittagong, Bangladesh"
4252,36.9,30.8,204586,8_4,38.8,25.6,"Muratpaşa, Turkey"
4253,-1.1,136.1,204577,14_21,0.4,134.4,"Biak, Indonesia"
4254,31.0,73.8,204530,9_11,32.4,70.4,"Rukanpura, Pattoki, Punjab, Pakistan"
4255,7.4,38.7,204512,12_6,13.2,38.4,"Arsi Negele, Ethiopia"
4256,29.9,31.2,204463,9_4,32.4,25.6,"Al Ḩawāmidīyah, Egypt"
4257,2.2,22.5,204430,13_3,6.8,19.2,"Bumba, Democratic Republic of the Congo"
4258,40.7,-111.9,204419,7_38,45.2,243.2,"South Salt Lake, Salt Lake City, Utah, United States"
4259,3.3,19.8,204395,13_3,6.8,19.2,"Gemena, Sud-Ubangi, Democratic Republic of the Congo"
4260,-6.2,107.2,204392,15_16,-6.0,102.4,"Karangbahagia, Cikarang, West Java, Indonesia"
4261,11.6,109.0,204388,12_17,13.2,108.8,"Phan Rang-Tháp Chàm, Vietnam"
4262,34.0,-6.7,204376,8_55,38.8,352.0,"Salé Al Jadida, Salé, Morocco"
4263,32.3,74.1,204371,9_11,32.4,70.4,"Wazirabad District, Dhaunkal, Punjab, Pakistan"
4264,0.0,40.4,204332,14_6,0.4,38.4,"Dadaab, Garissa County, Kenya"
4265,7.4,81.8,204324,12_12,13.2,76.8,"Kalmunai, Sri Lanka"
4266,1.0,103.4,204288,13_16,6.8,102.4,"Tanjung Balai, Indonesia"
4267,37.1,38.8,204251,8_6,38.8,38.4,"Yenice Mahallesi, Şanlıurfa, Turkey"
4268,-22.5,17.0,204245,17_2,-18.8,12.8,"Katutura, Windhoek, Namibia"
4269,16.8,96.3,204243,11_15,19.6,96.0,"Thanhlyin, Myanmar"
4270,41.2,-73.2,204140,7_44,45.2,281.6,"Bridgeport, United States"
4271,33.5,-112.0,204092,8_38,38.8,243.2,"Encanto, Phoenix, United States"
4272,48.7,6.2,204066,6_0,51.6,0.0,"Nancy, France"
4273,32.8,13.1,204001,8_2,38.8,12.8,"Janzūr, Libya"
4274,45.8,3.1,203999,6_0,51.6,0.0,"Clermont-Ferrand, France"
4275,52.3,4.9,203967,5_0,58.0,0.0,"Amsterdam-Zuidoost, Amsterdam, The Netherlands"
4276,18.0,-16.0,203826,11_53,19.6,339.2,"Arafat, Nouakchott, Mauritania"
4277,45.4,11.0,203789,6_1,51.6,6.4,"Verona, Italy"
4278,-5.1,18.8,203779,14_2,0.4,12.8,"Lukolela, Kikwit, Kwilu, Democratic Republic of the Congo"
4279,31.4,31.7,203768,9_4,32.4,25.6,"Dumyāţ al Jadīdah, Damietta, Egypt"
4280,16.4,102.8,203744,11_16,19.6,102.4,"Khon Kaen, Thailand"
4281,-38.1,145.3,203702,20_22,-38.0,140.8,"Cranbourne North, Australia"
4282,4.0,9.2,203653,13_1,6.8,6.4,"Limbe, Cameroon"
4283,4.6,13.7,203636,13_2,6.8,12.8,"Bertoua, Cameroon"
4284,49.4,1.1,203612,6_0,51.6,0.0,"Rouen, France"
4285,43.5,43.6,203522,7_6,45.2,38.4,"Nalchik, Russia"
4286,-7.7,109.6,203409,15_17,-6.0,108.8,"Kritig, Kebumen, Central Java, Indonesia"
4287,-7.5,112.3,203325,15_17,-6.0,108.8,"Senden, Jombang, East Java, Indonesia"
4288,40.8,30.0,203320,7_4,45.2,25.6,"Çayırköy Mahallesi, İzmit, Kocaeli, Turkey"
4289,52.4,9.8,203281,5_1,58.0,6.4,"Groß-Buchholz, Hannover, Lower Saxony, Germany"
4290,32.6,35.8,203240,8_5,38.8,32.0,"Tuqbul, Irbid, Jordan"
4291,21.2,105.7,203200,10_16,26.0,102.4,"Phúc Yên, Vietnam"
4292,11.2,-4.2,203190,12_55,13.2,352.0,"Borodougou, Bobo-Dioulasso, Hauts-Bassins, Burkina Faso"
4293,30.2,-95.5,203165,9_41,32.4,262.4,"Cochran's Crossing, The Woodlands, Texas, United States"
4294,3.4,40.2,203053,13_6,6.8,38.4,"Takaba, Kenya"
4295,-17.9,31.1,203045,16_4,-12.4,25.6,"Epworth, Harare, Zimbabwe"
4296,-25.9,28.1,203042,18_4,-25.2,25.6,"Tshwane Ward 77, Midrand, Diepsloot, Gauteng, South Africa"
4297,42.4,-71.2,203013,7_45,45.2,288.0,"Waltham, United States"
4298,4.9,6.9,202919,13_1,6.8,6.4,"Emuoha, Nigeria"
4299,36.1,-115.2,202874,8_38,38.8,243.2,"Flamingo Heights, Paradise, Nevada, United States"
4300,15.5,32.4,202864,11_5,19.6,32.0,"Khartoum, Sudan (SW)"
4301,10.3,-66.7,202855,12_45,13.2,288.0,"Santa Lucía, Santa Teresa del Tuy, Venezuela"
4302,-7.2,23.7,202779,15_3,-6.0,19.2,"Luputa, Democratic Republic of the Congo"
4303,24.5,91.4,202777,10_14,26.0,89.6,"Baniachang, Bangladesh"
4304,-25.9,32.4,202772,18_5,-25.2,32.0,"Matola-Rio, Matola, Maputo Province, Mozambique"
4305,7.1,100.6,202767,12_15,13.2,96.0,"Ban Klang, Songkhla, Thailand"
4306,7.2,100.6,202767,12_15,13.2,96.0,"Mueang Songkhla District, Songkhla, Thailand"
4307,7.1,3.3,202746,12_0,13.2,0.0,"Ojere, Abeokuta, Ogun State, Nigeria"
4308,-7.2,113.5,202563,15_17,-6.0,108.8,"Pamekasan, Indonesia"
4309,30.9,46.5,202503,9_7,32.4,44.8,"Sūq ash Shuyūkh, Iraq"
4310,16.5,97.6,202474,11_15,19.6,96.0,"Mawlamyine, Myanmar"
4311,40.8,29.8,202465,7_4,45.2,25.6,"İlimtepe Mahallesi, Derince, Kocaeli, Turkey"
4312,5.3,100.5,202460,13_15,6.8,96.0,"Bukit Teh, Bukit Mertajam, Penang, Malaysia"
4313,26.3,-80.2,202435,9_43,32.4,275.2,"Coral Springs, United States"
4314,38.6,-90.3,202417,8_42,38.8,268.8,"University City, United States"
4315,36.7,-6.1,202319,8_55,38.8,352.0,"Jerez de la Frontera, Spain"
4316,45.7,4.8,202318,6_0,51.6,0.0,"Le But, Lyon, Rhône-Alpes, France"
4317,14.3,121.5,202291,11_18,19.6,115.2,"Lumbang, Philippines"
4318,41.4,69.2,202262,7_10,45.2,64.0,"Ayrikuylak, Yunusobod, Tashkent, Uzbekistan"
4319,30.3,30.9,202244,9_4,32.4,25.6,"Al Hagir, Ashmūn, Monufia, Egypt"
4320,44.9,-93.3,202160,7_41,45.2,262.4,"Bloomington, Minneapolis, United States"
4321,24.5,46.7,202130,10_7,26.0,44.8,"Riyadh, Riyadh Region, Saudi Arabia"
4322,50.3,19.1,202117,6_2,51.6,12.8,"Piaski, Katowice, Silesia, Poland"
4323,38.7,29.4,202077,8_4,38.8,25.6,"Uşak, Turkey"
4324,13.1,5.2,202044,12_0,13.2,0.0,"Dandaye, Sokoto, Nigeria"
4325,-3.1,28.2,202030,14_4,0.4,25.6,"Mwenga, Democratic Republic of the Congo"
4326,17.5,44.2,201984,11_6,19.6,38.4,"Al Husayn, Najrān, Saudi Arabia"
4327,31.1,31.0,201933,9_4,32.4,25.6,"Kafr ash Shaykh, Kafr el-Sheikh, Egypt"
4328,-4.9,29.7,201843,14_4,0.4,25.6,"Ujiji, Kigoma, Tanzania"
4329,24.8,89.8,201721,10_14,26.0,89.6,"Sidhli, Sarishābāri, Mymensingh Division, Bangladesh"
4330,33.6,44.3,201711,8_6,38.8,38.4,"Abid Zanad, Aţ Ţārmīyah, Baghdad, Iraq"
4331,14.0,121.2,201680,11_18,19.6,115.2,"Santa Teresita, Lipa City, Calabarzon, Philippines"
4332,6.8,38.4,201518,13_6,6.8,38.4,"Afarara, Yirga ‘Alem, Sidama Region, Ethiopia"
4333,39.9,127.6,201515,7_19,45.2,121.6,"Dangbo 1-dong, Hamhŭng, South Hamgyong, North Korea"
4334,-6.5,107.4,201490,15_16,-6.0,102.4,"Cicadas, Purwakarta, West Java, Indonesia"
4335,15.3,120.9,201489,11_18,19.6,115.2,"Gapan, Philippines"
4336,33.7,72.8,201478,8_11,38.8,70.4,"Wahdat Colony, Wah Cantt, Punjab, Pakistan"
4337,10.5,106.4,201435,12_16,13.2,102.4,"Tân An, Vietnam"
4338,-29.7,-53.8,201339,18_47,-25.2,300.8,"Santa Maria, Brazil"
4339,59.4,18.0,201321,4_2,64.4,12.8,"Rådan, Sollentuna, Stockholm, Sweden"
4340,40.6,-74.3,201319,7_44,45.2,281.6,"Linden, United States"
4341,28.4,30.7,201249,9_4,32.4,25.6,"Minbal, Maţāy, Minya, Egypt"
4342,-1.5,29.6,201230,14_4,0.4,25.6,"Musanze, Rwanda"
4343,34.6,133.9,201141,8_20,38.8,128.0,"Fujita, Okayama, Japan"
4344,46.2,6.2,201141,6_0,51.6,0.0,"Vieux-Chêne, Geneva, Switzerland"
4345,23.5,89.2,201077,10_13,26.0,83.2,"Surat, Kālīganj, Khulna Division, Bangladesh"
4346,21.1,106.0,201049,10_16,26.0,102.4,"Lim, Gia Lâm, Vietnam"
4347,34.3,71.7,201018,8_11,38.8,70.4,"Khora Abad, Tangi, Khyber Pakhtunkhwa, Pakistan"
4348,-18.0,-70.2,200966,16_45,-12.4,288.0,"Sobraya, Tacna, Peru"
4349,31.7,73.4,200945,9_11,32.4,70.4,"Sangla Hill, Pakistan"
4350,35.7,-0.5,200847,8_56,38.8,358.4,"Bir el Djir, Algeria"
4351,-2.3,-79.9,200754,14_43,0.4,275.2,"Rosario, Guayaquil, Guayas, Ecuador"
4352,-27.4,-70.3,200749,18_45,-25.2,288.0,"Copiapó, Chile"
4353,57.8,11.9,200747,5_1,58.0,6.4,"Björlanda, Gothenburg, Sweden"
4354,34.7,3.2,200709,8_0,38.8,0.0,"Zereah, Djelfa, Algeria"
4355,29.0,30.9,200693,9_4,32.4,25.6,"Beni Mumina, Sumusţā al Waqf, Beni Suweif, Egypt"
4356,24.6,89.6,200681,10_14,26.0,89.6,"Dhunat Upazila, Sirajganj, Rajshahi Division, Bangladesh"
4357,9.9,11.2,200652,12_1,13.2,6.4,"Biliri, Nigeria"
4358,17.3,96.0,200651,11_15,19.6,96.0,"Taikkyi, Myanmar"
4359,52.3,77.0,200624,5_12,58.0,76.8,"Pavlodar, Kazakhstan"
4360,22.6,91.8,200609,10_14,26.0,89.6,"Bibir Hat, Hāthazāri, Bangladesh"
4361,8.0,-11.7,200602,12_54,13.2,345.6,"Bo, Sierra Leone"
4362,33.8,2.9,200597,8_0,38.8,0.0,"Laghouat, Algeria"
4363,-12.3,-39.0,200575,15_50,-6.0,320.0,"CIS, Feira de Santana, Bahia, Brazil"
4364,49.0,8.4,200554,6_1,51.6,6.4,"Karlsruhe, Germany"
4365,14.0,-89.6,200533,11_42,19.6,268.8,"Santa Ana, El Salvador"
4366,57.2,65.5,200489,5_10,58.0,64.0,"Tyumen, Tyumen Oblast, Russia"
4367,-1.2,116.9,200470,14_18,0.4,115.2,"Balikpapan, Indonesia"
4368,40.5,-3.4,200441,7_55,45.2,352.0,"Alcalá de Henares, Spain"
4369,54.6,39.7,200437,5_6,58.0,38.4,"Ryazan’, Ryazan Oblast, Russia"
4370,31.8,72.9,200432,9_11,32.4,70.4,"Rabwah, Chiniot, Pakistan"
4371,26.2,32.1,200420,9_5,32.4,32.0,"Nagaa Taie, Abū Ţisht, Qena, Egypt"
4372,-21.7,-43.4,200410,17_49,-18.8,313.6,"Remonta, Juiz de Fora, Minas Gerais, Brazil"
4373,44.5,9.0,200392,7_1,45.2,6.4,"Serra Riccò, Italy"
4374,35.1,-106.6,200355,8_39,38.8,249.6,"Nob Hill, Albuquerque, New Mexico, United States"
4375,-7.9,113.8,200336,15_17,-6.0,108.8,"Bondowoso, Indonesia"
4376,7.1,37.7,200312,12_5,13.2,32.0,"Āreka, Ethiopia"
4377,-8.4,114.3,200282,15_17,-6.0,108.8,"Muncar, Indonesia"
4378,34.0,72.3,200186,8_11,38.8,70.4,"Tordher, Pakistan"
4379,-17.7,-63.2,200172,16_46,-12.4,294.4,"Provincia Andrés Ibáñez, Santa Cruz de la Sierra, Santa Cruz Department, Bolivia (N)"
4380,-16.1,33.6,200160,16_5,-12.4,32.0,"Tete, Mozambique (N)"
4381,-20.2,28.6,200144,17_4,-18.8,25.6,"Burnside, Bulawayo, Zimbabwe"
4382,21.0,105.6,200128,10_16,26.0,102.4,"Liên Quan, Đan Phượng, Vietnam"
4383,31.2,73.9,200105,9_11,32.4,70.4,"Aunkh, Phool Nagar, Punjab, Pakistan"
4384,29.6,73.1,200102,9_11,32.4,70.4,"Harunabad, Pakistan"
4385,50.1,8.8,200100,6_1,51.6,6.4,"Offenbach, Frankfurt am Main, Germany"
4386,25.7,89.2,200068,10_13,26.0,83.2,"Chandanpat, Rangpur, Rangpur Division, Bangladesh"
4387,30.0,-90.2,200009,9_42,32.4,268.8,"Metairie Terrace, United States"
4388,34.6,50.8,199956,8_7,38.8,44.8,"District 2, Qom, Qom Province, Iran"
4389,33.7,44.2,199874,8_6,38.8,38.4,"Ad Dujayl, Iraq"
4390,24.6,90.3,199860,10_14,26.0,89.6,"Jurbaria, Muktāgācha, Mymensingh Division, Bangladesh"
4391,25.1,89.0,199846,10_13,26.0,83.2,"Thiot, Joypur Hāt, Rajshahi Division, Bangladesh"
4392,-5.2,-80.7,199817,14_43,0.4,275.2,"La Legua, Piura, Peru"
4393,-31.9,115.8,199810,19_18,-31.6,115.2,"Scarborough, Australia"
4394,-12.8,15.8,199734,16_2,-12.4,12.8,"Cambiote, Huambo, Angola"
4395,51.5,-2.5,199724,6_55,51.6,352.0,"Kingswood, Bristol, United Kingdom"
4396,52.3,20.9,199651,5_3,58.0,19.2,"Bielany, Poland"
4397,22.7,90.3,199637,10_14,26.0,89.6,"Barisal Sadar Subdistrict, Barishal, Barisal Division, Bangladesh (W)"
4398,-33.8,25.6,199621,19_4,-31.6,25.6,"Westville, South Africa"
4399,14.0,44.1,199607,11_6,19.6,38.4,"Majran az Zarasi, Ibb, Ibb Governorate, Yemen"
4400,49.4,11.1,199573,6_1,51.6,6.4,"Trierer Straße, Nuremberg, Bavaria, Germany"
4401,-18.0,49.3,199552,16_7,-12.4,44.8,"Antsiramandroso, Toamasina, Atsinanana, Madagascar"
4402,7.8,5.1,199494,12_0,13.2,0.0,"Ijero-Ekiti, Nigeria"
4403,53.0,36.1,199480,5_5,58.0,32.0,"Orël, Russia"
4404,32.0,72.7,199474,9_11,32.4,70.4,"Chak 99 SB, Sargodha, Punjab, Pakistan"
4405,31.0,47.4,199438,9_7,32.4,44.8,"Al Qurnah, Iraq"
4406,-34.2,-70.7,199403,19_45,-31.6,288.0,"Rancagua, Chile"
4407,43.8,-79.5,199378,7_43,45.2,275.2,"Vaughan, Canada"
4408,55.2,61.3,199317,5_9,58.0,57.6,"Kurchatovskiy rayon, Chelyabinsk, Russia (W)"
4409,24.8,92.0,199256,10_14,26.0,89.6,"Golapganj, Sylhet, Sylhet Division, Bangladesh"
4410,46.3,48.0,199132,6_7,51.6,44.8,"Sovetsky District, Astrakhan, Astrakhan Oblast, Russia"
4411,35.5,44.8,199050,8_7,38.8,44.8,"Jamjamāl, Iraq"
4412,40.5,70.9,199019,7_11,45.2,70.4,"Naymansay, Qo‘qon, Fergana, Uzbekistan"
4413,20.4,106.3,199009,10_16,26.0,102.4,"Thái Bình, Hưng Yên Province, Vietnam"
4414,26.7,-80.1,198999,9_43,32.4,275.2,"West Palm Beach, United States"
4415,-26.2,-58.2,198910,18_47,-25.2,300.8,"Formosa, Argentina"
4416,33.2,-117.3,198790,8_37,38.8,236.8,"Oceanside, United States"
4417,19.8,-99.2,198679,10_40,26.0,256.0,"Teoloyucan, Mexico"
4418,-25.5,-54.7,198674,18_47,-25.2,300.8,"José Félix Bogado, Ciudad del Este, Alto Paraná Department, Paraguay"
4419,21.0,-89.7,198643,10_42,26.0,268.8,"Caucel, Mérida, Mexico"
4420,6.2,1.4,198612,13_0,6.8,0.0,"Vogan, Togo"
4421,-7.8,35.7,198604,15_5,-6.0,32.0,"Iringa, Tanzania"
4422,21.3,106.2,198527,10_16,26.0,102.4,"Bắc Giang, Vietnam"
4423,0.5,33.2,198488,13_5,6.8,32.0,"Wakalenge LC I, Njeru, Central Region, Uganda"
4424,-8.2,111.1,198440,15_17,-6.0,108.8,"Pacitan, Indonesia"
4425,5.0,6.1,198400,13_0,6.8,0.0,"Amassoma, Nigeria"
4426,19.5,-98.9,198398,11_40,19.6,256.0,"Texcoco de Mora, Mexico"
4427,40.1,44.5,198371,7_6,45.2,38.4,"Shengavit, Armenia"
4428,37.0,127.1,198366,8_19,38.8,121.6,"Pyeongtaek, South Korea"
4429,42.5,-71.0,198358,7_45,45.2,288.0,"Essex County, Lynn, Massachusetts, United States"
4430,38.5,125.7,198346,8_19,38.8,121.6,"Haesa-ri, Sariwŏn-si, North Hwanghae, North Korea"
4431,13.3,44.2,198222,11_6,19.6,38.4,"Aş Şalw, Yemen"
4432,29.9,-95.6,198218,9_41,32.4,262.4,"Satsuma, Jersey Village, Texas, United States"
4433,52.4,-1.9,198201,5_55,58.0,352.0,"Shirley, Birmingham, United Kingdom"
4434,36.2,1.3,198181,8_0,38.8,0.0,"Chlef, Algeria"
4435,-31.5,-68.5,198163,18_45,-25.2,288.0,"San Juan, Argentina"
4436,1.5,104.0,198135,13_16,6.8,102.4,"Taman Scientex, Pasir Gudang, Malaysia"
4437,-22.7,-47.7,198127,17_48,-18.8,307.2,"Piracicaba, Brazil"
4438,-25.5,28.0,198126,18_4,-25.2,25.6,"Mabopane, Soshanguve, South Africa"
4439,-17.9,31.2,198123,16_4,-12.4,25.6,"Epworth, Zimbabwe"
4440,34.2,135.2,198112,8_21,38.8,134.4,"Minato, Japan"
4441,24.3,90.9,198102,10_14,26.0,89.6,"Nikli, Bājitpur, Dhaka Division, Bangladesh"
4442,-7.7,110.0,198082,15_17,-6.0,108.8,"Kebon Gunung, Kutoarjo, Indonesia"
4443,41.4,69.3,198081,7_10,45.2,64.0,"Gulistan, Yunusobod, Tashkent, Uzbekistan"
4444,23.4,90.9,197978,10_14,26.0,89.6,"Chandina Upazila, Hājīganj, Chittagong, Bangladesh"
4445,-11.0,26.8,197935,15_4,-6.0,25.6,"Likasi, Haut-Katanga, Democratic Republic of the Congo"
4446,16.0,43.4,197920,11_6,19.6,38.4,"Khayrān, Yemen"
4447,34.5,71.9,197916,8_11,38.8,70.4,"Malakand, Pakistan"
4448,47.4,0.7,197908,6_0,51.6,0.0,"Tours, France"
4449,-7.9,110.4,197906,15_17,-6.0,108.8,"Sewon, Yogyakarta, Indonesia"
4450,24.1,91.3,197875,10_14,26.0,89.6,"Madhabpur, Shāhbāzpur Town, Chittagong, Bangladesh"
4451,17.9,19.1,197839,11_2,19.6,12.8,"Faya-Largeau, Chad"
4452,-8.6,116.6,197742,15_18,-6.0,115.2,"Gubuk Leuk, Selong, Indonesia"
4453,48.6,7.7,197688,6_1,51.6,6.4,"Cronenbourg, Strasbourg, Grand Est, France"
4454,7.1,38.8,197657,12_6,13.2,38.4,"Kofelē, Ethiopia"
4455,23.1,91.2,197645,10_14,26.0,89.6,"Jodda, Lākshām, Chittagong, Bangladesh"
4456,47.6,-122.3,197571,6_37,51.6,236.8,"Seattle, United States"
4457,47.4,19.1,197565,6_2,51.6,12.8,"Budapest XXI. kerület, Hungary"
4458,-32.0,115.9,197554,19_18,-31.6,115.2,"Como, Australia"
4459,53.4,-6.2,197547,5_55,58.0,352.0,"Donaghmede, Ireland"
4460,36.6,127.4,197546,8_19,38.8,121.6,"Sinjeon-dong, Cheongju-si, North Chungcheong, South Korea"
4461,7.9,4.3,197530,12_0,13.2,0.0,"Inisa, Nigeria"
4462,31.4,31.5,197476,9_4,32.4,25.6,"Dumyāţ al Jadīdah, Damietta, Egypt (W)"
4463,24.4,39.5,197454,10_6,26.0,38.4,"Al Aziziyah, Sulţānah, Medina Region, Saudi Arabia"
4464,3.5,98.8,197377,13_15,6.8,96.0,"Lubuk Pakam, Indonesia"
4465,35.7,4.5,197212,8_0,38.8,0.0,"M'Sila, Algeria"
4466,8.4,4.6,197190,12_0,13.2,0.0,"Ogbondoroko, Ilorin, Kwara State, Nigeria"
4467,-8.5,115.4,197176,15_18,-6.0,115.2,"Klungkung, Indonesia"
4468,26.1,-80.2,197134,9_43,32.4,275.2,"Fort Lauderdale, United States"
4469,12.1,8.4,197129,12_1,13.2,6.4,"Dawakin Tofa, Nigeria"
4470,31.3,30.8,197110,9_4,32.4,25.6,"Sīdī Sālim, Egypt"
4471,19.6,-98.9,197083,11_40,19.6,256.0,"Tepexpan, Mexico"
4472,-7.0,108.6,197060,15_16,-6.0,102.4,"Manis Mekarwangi, Indonesia"
4473,31.3,74.1,197057,9_11,32.4,70.4,"Chah Timboli, Raiwind, Punjab, Pakistan"
4474,29.7,-95.2,197045,9_41,32.4,262.4,"Pasadena, Texas, United States"
4475,14.4,44.8,197033,11_7,19.6,44.8,"Milāḩ, Yemen"
4476,56.6,47.9,197022,5_7,58.0,44.8,"Yoshkar-Ola, Russia"
4477,-29.8,-51.1,196956,18_48,-25.2,307.2,"São Leopoldo, Brazil"
4478,45.0,7.6,196927,7_1,45.2,6.4,"Circoiscrizione II, Italy"
4479,42.4,-83.2,196919,7_43,45.2,275.2,"Oak Park, United States"
4480,-31.9,115.9,196875,19_18,-31.6,115.2,"Dianella, Australia"
4481,14.0,120.9,196870,11_18,19.6,115.2,"Laurel, Tagaytay, Philippines"
4482,4.9,6.6,196768,13_1,6.8,6.4,"Abua, Nigeria"
4483,-2.9,29.6,196740,14_4,0.4,25.6,"Kayanza, Burundi"
4484,2.1,45.2,196692,13_7,6.8,44.8,"Afgooye, Somalia"
4485,49.2,-123.0,196670,6_37,51.6,236.8,"North Delta, Vancouver, Canada"
4486,-4.8,104.9,196646,14_16,0.4,102.4,"Kotabumi, Indonesia"
4487,-1.3,31.8,196575,14_4,0.4,25.6,"Bukoba, Tanzania"
4488,27.5,-109.9,196531,9_39,32.4,249.6,"Ciudad Obregón, Mexico"
4489,-33.4,-70.5,196467,19_45,-31.6,288.0,"Las Condes, Peñalolén, Santiago Metropolitan, Chile"
4490,54.5,36.3,196459,5_5,58.0,32.0,"Kaluga, Russia"
4491,25.4,69.7,196324,10_10,26.0,64.0,"Umarkot, Pakistan"
4492,55.0,-1.5,196283,5_56,58.0,358.4,"Howdon, Newcastle upon Tyne, England, United Kingdom"
4493,32.8,-96.7,196265,8_41,38.8,262.4,"Highland Park, Dallas, United States"
4494,-6.1,23.5,196243,15_3,-6.0,19.2,"Lupatapata, Mbuji-Mayi, East Kasai, Democratic Republic of the Congo"
4495,38.7,-9.3,196238,8_54,38.8,345.6,"Queluz, Portugal"
4496,32.7,-117.0,196230,8_37,38.8,236.8,"La Mesa, Chula Vista, United States"
4497,35.6,-5.3,196203,8_55,38.8,352.0,"Pachalik de Tétouan باشوية تطوان, Tétouan, Tanger-Tetouan-Al Hoceima, Morocco"
4498,23.0,91.5,196199,10_14,26.0,89.6,"Chagalnaiya, Chhāgalnāiya, Chittagong, Bangladesh"
4499,49.9,-97.2,196193,6_41,51.6,262.4,"Winnipeg, Manitoba, Canada"
4500,23.7,91.0,196172,10_14,26.0,89.6,"Bangora Bazar, Narayanpur, Chittagong, Bangladesh"
4501,33.5,44.4,196159,8_6,38.8,38.4,"Sadr City, Baghdad, Iraq"
4502,-4.6,15.2,196028,14_2,0.4,12.8,"Kasangulu, Bas-Congo, Democratic Republic of the Congo"
4503,19.2,-99.6,195998,11_40,19.6,256.0,"San Antonio la Isla, Mexico"
4504,-5.5,13.3,195967,14_2,0.4,12.8,"Mbenza Thubi, République démocratique du Congo"
4505,31.5,45.2,195943,9_7,32.4,44.8,"Ar Rumaythah, Iraq"
4506,31.2,74.2,195888,9_11,32.4,70.4,"Bhamba Kalan, Raiwind, Punjab, Pakistan"
4507,11.0,106.5,195859,12_16,13.2,102.4,"Củ Chi, Vietnam"
4508,13.6,100.1,195841,11_15,19.6,96.0,"Ban Phaeo, Thailand"
4509,-4.6,30.1,195824,14_4,0.4,25.6,"Kasulu, Tanzania"
4510,38.5,-121.5,195817,8_37,38.8,236.8,"Florin, Sacramento, United States"
4511,10.5,107.2,195811,12_16,13.2,102.4,"Thành Phố Bà Rịa, Vietnam"
4512,48.6,7.8,195806,6_1,51.6,6.4,"Robertsau, Strasbourg, Grand Est, France"
4513,25.9,88.9,195794,10_13,26.0,83.2,"Nilphamari Sadar Upazila, Nilphamari, Rangpur Division, Bangladesh"
4514,9.6,106.0,195772,12_16,13.2,102.4,"Sóc Trăng, Vietnam"
4515,34.0,-117.7,195710,8_37,38.8,236.8,"Chino, Pomona, California, United States"
4516,43.5,-79.7,195695,7_43,45.2,275.2,"Oakville, Canada"
4517,69.0,33.1,195681,3_5,70.8,32.0,"Murmansk, Russia"
4518,20.0,-102.3,195628,10_40,26.0,256.0,"Zamora de Hidalgo, Mexico"
4519,25.5,-103.5,195587,10_40,26.0,256.0,"Carlos Real (San Carlos), Gómez Palacio, Durango, Mexico"
4520,32.7,74.0,195572,8_11,38.8,70.4,"Nindowal, Lala Musa, Punjab, Pakistan"
4521,35.0,63.1,195550,8_9,38.8,57.6,"Qala i Naw, Afghanistan"
4522,26.6,85.8,195496,9_13,32.4,83.2,"Sursand, Jaleshwar, Madhesh, Nepal (E)"
4523,45.5,-73.8,195468,6_44,51.6,281.6,"Chomedey, Canada"
4524,34.4,71.9,195380,8_11,38.8,70.4,"Hathian, Noorabad, Khyber Pakhtunkhwa, Pakistan"
4525,5.5,6.2,195298,13_0,6.8,0.0,"Oleh, Nigeria"
4526,25.6,-100.3,195223,10_40,26.0,256.0,"Cañada del Sur, Monterrey, Nuevo León, Mexico"
4527,20.8,106.6,195206,10_16,26.0,102.4,"Kiến An, Haiphong, Vietnam"
4528,47.9,1.9,195136,6_0,51.6,0.0,"Orléans, France"
4529,43.3,-2.0,195098,7_55,45.2,352.0,"Donostia / San Sebastián, Spain"
4530,-1.5,33.8,194999,14_5,0.4,32.0,"Musoma, Tanzania"
4531,23.2,90.8,194997,10_14,26.0,89.6,"Sajanmegh, Hājīganj, Chittagong, Bangladesh"
4532,11.5,24.3,194996,12_3,13.2,19.2,"Frisan, السودان"
4533,1.0,104.0,194995,13_16,6.8,102.4,"Pancur Biru Lestari II, Indonesia"
4534,27.2,67.8,194970,9_10,32.4,64.0,"Mehar, Pakistan"
4535,15.1,43.3,194969,11_6,19.6,38.4,"Bājil, Yemen"
4536,27.5,41.7,194921,9_6,32.4,38.4,"Ha'il, Saudi Arabia"
4537,5.8,8.1,194909,13_1,6.8,6.4,"Ugep, Nigeria"
4538,15.6,-16.2,194837,11_53,19.6,339.2,"Louga, Senegal"
4539,31.0,30.9,194769,9_4,32.4,25.6,"Qillīn, Kafr el-Sheikh, Egypt"
4540,33.3,43.8,194759,8_6,38.8,38.4,"Al Fallūjah, Anbar, Iraq (S)"
4541,-18.1,178.5,194738,16_27,-12.4,172.8,"Nasinu, Fiji"
4542,51.2,71.5,194686,6_11,51.6,70.4,"Astana, Kazakhstan (N)"
4543,10.3,9.9,194663,12_1,13.2,6.4,"Tirwun, Bauchi, Nigeria"
4544,-34.0,22.5,194644,19_3,-31.6,19.2,"George, South Africa"
4545,7.4,80.6,194598,12_12,13.2,76.8,"Matale, Sri Lanka"
4546,18.5,-88.3,194579,11_42,19.6,268.8,"Chetumal, Mexico"
4547,26.0,89.0,194518,10_13,26.0,83.2,"Jaldhaka Paurashava, Nilphamari, Rangpur Division, Bangladesh"
4548,10.0,98.6,194477,12_15,13.2,96.0,"Kawthoung, Myanmar"
4549,19.4,-102.1,194435,11_40,19.6,256.0,"Tanaxuri, Uruapan, Michoacán, Mexico"
4550,23.5,120.4,194400,10_18,26.0,115.2,"Beixin Village, Chiayi City, Taiwan"
4551,7.4,7.6,194393,12_1,13.2,6.4,"Ankpa, Nigeria"
4552,49.4,27.0,194335,6_4,51.6,25.6,"Khmelnytskyi, Ukraine"
4553,-7.0,23.5,194303,15_3,-6.0,19.2,"Mwene-Ditu, Democratic Republic of the Congo"
4554,0.9,109.0,194212,13_17,6.8,108.8,"Singkawang, Indonesia"
4555,51.5,31.3,194163,6_4,51.6,25.6,"Chernihiv, Ukraine"
4556,24.2,90.8,194163,10_14,26.0,89.6,"Katiadi, Nagar Naluākot, Dhaka Division, Bangladesh"
4557,32.8,51.7,194106,8_8,38.8,51.2,"Dowlatābād, Iran"
4558,-7.1,29.7,194057,15_4,-6.0,25.6,"Kambiti, Baudhuinville, Tanganyika, Democratic Republic of the Congo"
4559,13.4,103.9,194028,11_16,19.6,102.4,"Siem Reap, Cambodia"
4560,26.7,86.0,193995,9_13,32.4,83.2,"Aaurahi, Janakpur, Nepal"
4561,22.9,91.2,193900,10_14,26.0,89.6,"Begumganj Upazila, Maijdi, Chittagong, Bangladesh (E)"
4562,34.2,62.2,193853,8_9,38.8,57.6,"Chahār Burj, Afghanistan"
4563,-10.8,26.7,193824,15_4,-6.0,25.6,"Dikula, Kambove, Haut-Katanga, Democratic Republic of the Congo"
4564,-7.1,108.0,193799,15_16,-6.0,102.4,"Citambal, Indonesia"
4565,25.6,96.3,193785,10_15,26.0,96.0,"Hpākān, Myanmar"
4566,-6.1,106.3,193773,15_16,-6.0,102.4,"Walikukun, Ciruas, Kresek, Banten, Indonesia"
4567,5.4,100.5,193767,13_15,6.8,96.0,"Kampung Mengkuang Semarak, Bukit Mertajam, Penang, Malaysia"
4568,33.8,72.4,193723,8_11,38.8,70.4,"Attock City, Pakistan"
4569,-25.9,29.2,193684,18_4,-25.2,25.6,"Emalahleni, South Africa"
4570,46.5,6.6,193638,6_1,51.6,6.4,"Lausanne, Switzerland"
4571,16.6,94.9,193620,11_14,19.6,89.6,"Myaungmya, Myanmar"
4572,15.2,120.7,193569,11_18,19.6,115.2,"Magalang, Philippines"
4573,9.5,-5.6,193538,12_55,13.2,352.0,"Korhogo, Ivory Coast"
4574,35.4,-119.0,193473,8_37,38.8,236.8,"Bakersfield, United States"
4575,18.0,-94.6,193443,11_41,19.6,262.4,"Minatitlán, Mexico"
4576,33.9,71.5,193443,8_11,38.8,70.4,"Garhi Malli Khel, Peshawar, Khyber Pakhtunkhwa, Pakistan"
4577,5.8,6.1,193426,13_0,6.8,0.0,"Obiaruku, Nigeria"
4578,37.5,127.2,193419,8_19,38.8,121.6,"Sangsachang-dong, Hanam, Gyeonggi-do, South Korea"
4579,-6.2,107.3,193400,15_16,-6.0,102.4,"Karyasari, Rengasdengklok, West Java, Indonesia"
4580,32.4,44.4,193376,9_6,32.4,38.4,"Hamzah ar Rakawi, Al Hillah, Babil, Iraq"
4581,-4.2,15.2,193375,14_2,0.4,12.8,"Boukiéro, Brazzaville, Republic of the Congo"
4582,-4.0,-79.2,193346,14_43,0.4,275.2,"Loja, Ecuador"
4583,19.4,-99.6,193308,11_40,19.6,256.0,"San Nicolás Tolentino, Mexico"
4584,3.3,99.2,193269,13_15,6.8,96.0,"Tebingtinggi, Indonesia"
4585,35.0,136.9,193246,8_21,38.8,134.4,"Kariya, Aichi, Japan (W)"
4586,34.5,69.0,193239,8_10,38.8,64.0,"Chandal Bā’ī, Paghmān, Afghanistan"
4587,8.9,11.4,193235,12_1,13.2,6.4,"Jalingo, Nigeria"
4588,47.2,39.6,193167,6_6,51.6,38.4,"Leventsovka, Rostov-on-Don, Rostov, Russia"
4589,48.3,16.4,193162,6_2,51.6,12.8,"Floridsdorf, Austria"
4590,13.5,-88.2,193147,11_42,19.6,268.8,"San Miguel, El Salvador"
4591,-6.8,108.3,193077,15_16,-6.0,102.4,"Cikeusik, Jatiwangi, West Java, Indonesia"
4592,29.4,70.9,193044,9_11,32.4,70.4,"Alipur, Punjab, Pakistan"
4593,32.4,62.1,193033,9_9,32.4,57.6,"Farah, Afghanistan"
4594,-5.0,-42.8,192990,14_49,0.4,313.6,"Aroeiras, Teresina, Piauí, Brazil"
4595,34.0,-5.1,192891,8_55,38.8,352.0,"Ras el Ma, Fes, Morocco"
4596,29.9,-95.4,192879,9_41,32.4,262.4,"Airline, Aldine, Texas, United States"
4597,27.3,31.2,192860,9_4,32.4,25.6,"Abnub, Abnūb, Asyut, Egypt"
4598,38.9,-77.2,192798,7_44,45.2,281.6,"McLean, Arlington, United States"
4599,-33.0,-71.6,192795,19_45,-31.6,288.0,"Valparaíso, Chile"
4600,53.2,50.3,192750,5_7,58.0,44.8,"Smyshlyayevka, Samara, Russia"
4601,-8.3,113.4,192707,15_17,-6.0,108.8,"Kencong, Indonesia"
4602,10.2,-67.4,192686,12_45,13.2,288.0,"Cagua, Venezuela"
4603,30.1,67.0,192654,9_10,32.4,64.0,"Abdul Nabi, Quetta, Balochistan, Pakistan"
4604,-37.7,144.9,192570,19_22,-31.6,140.8,"Glenroy, Australia"
4605,38.3,67.9,192567,8_10,38.8,64.0,"Denov District, Denov, Surxondaryo Region, Uzbekistan"
4606,59.2,39.9,192514,4_6,64.4,38.4,"Vologda, Russia"
4607,27.8,85.3,192509,9_13,32.4,83.2,"Chapali̇̄ Bhaḍrakāli̇̄, Kathmandu, Nepal"
4608,-9.6,16.4,192497,15_2,-6.0,12.8,"Malanje - Malange, Malanje, Angola (SE)"
4609,50.7,7.1,192482,6_1,51.6,6.4,"Bonn, Germany"
4610,28.5,-81.4,192481,9_43,32.4,275.2,"Oak Ridge, Orlando, Florida, United States"
4611,6.8,47.4,192465,13_7,6.8,44.8,"Gaalkacyo, Somalia"
4612,23.0,91.0,192449,10_14,26.0,89.6,"Nayanpur, Maijdi, Chittagong, Bangladesh"
4613,42.5,59.6,192392,7_9,45.2,57.6,"Nukus, Uzbekistan"
4614,29.9,-90.1,192336,9_42,32.4,268.8,"Walkertown, New Orleans, Louisiana, United States"
4615,35.3,40.1,192322,8_6,38.8,38.4,"Deir ez-Zor, Syria"
4616,40.7,29.8,192243,7_4,45.2,25.6,"Saraylı Mahallesi, Derince, Kocaeli, Turkey"
4617,24.4,90.0,192217,10_14,26.0,89.6,"Kodomtoli, Tangail, Dhaka Division, Bangladesh"
4618,14.0,-87.2,192207,11_42,19.6,268.8,"Villa Nueva, Tegucigalpa, Honduras"
4619,18.0,-76.9,192195,11_44,19.6,281.6,"Spanish Town, Kingston, Jamaica"
4620,33.6,-7.4,192067,8_55,38.8,352.0,"Aïn Harrouda, Morocco"
4621,30.0,31.4,192063,9_4,32.4,25.6,"Katameya Heights Compound, Al Qāhirah al Jadīdah, Egypt"
4622,-27.5,153.1,192013,18_23,-25.2,147.2,"Brisbane, Australia"
4623,43.7,-79.6,191992,7_43,45.2,275.2,"Etobicoke North, Etobicoke, Ontario, Canada"
4624,34.7,133.9,191902,8_20,38.8,128.0,"Tsudaka, Okayama, Japan"
4625,32.5,35.8,191899,8_5,38.8,32.0,"Ham, Irbid, Jordan"
4626,-21.8,-41.3,191888,17_49,-18.8,313.6,"Parque Imperial, Campos dos Goytacazes, Rio de Janeiro, Brazil"
4627,-38.7,-62.3,191813,20_46,-38.0,294.4,"Bahía Blanca, Argentina"
4628,53.4,14.5,191688,5_2,58.0,12.8,"Gumieńce, Szczecin, Poland"
4629,41.5,2.4,191637,7_0,45.2,0.0,"Mataró, Spain"
4630,12.9,31.2,191626,12_4,13.2,25.6,"Umm Ruwaba, Sudan"
4631,29.8,72.2,191596,9_11,32.4,70.4,"Mailsi, Pakistan"
4632,25.1,121.8,191581,10_19,26.0,121.6,"Ruifang District, Keelung, Taiwan"
4633,7.1,6.3,191574,12_0,13.2,0.0,"Auchi, Nigeria"
4634,-26.1,27.8,191558,18_4,-25.2,25.6,"Krugersdorp, South Africa"
4635,29.8,72.9,191474,9_11,32.4,70.4,"Chishtian, Pakistan"
4636,39.4,127.2,191460,7_19,45.2,121.6,"Kowŏn-ŭp, North Korea"
4637,24.6,90.0,191434,10_14,26.0,89.6,"Golabari, Sarishābāri, Mymensingh Division, Bangladesh"
4638,-7.4,109.7,191430,15_17,-6.0,108.8,"Semarang, Banjarnegara, Central Java, Indonesia"
4639,15.7,43.6,191414,11_6,19.6,38.4,"Ḩajjah, Yemen"
4640,53.3,-6.2,191404,5_55,58.0,352.0,"Merrion, Dublin, Ireland"
4641,41.8,-87.8,191234,7_42,45.2,268.8,"West Lawn, United States"
4642,-6.3,106.4,191151,15_16,-6.0,102.4,"Cikupa, Indonesia"
4643,18.5,-72.6,191150,11_44,19.6,281.6,"Léogâne, Haiti"
4644,10.4,7.5,191132,12_1,13.2,6.4,"Ungwan Tanko, Makera, Kaduna State, Nigeria"
4645,34.8,10.7,191105,8_1,38.8,6.4,"Sakiet ez Zit, Sfax, Tunisia"
4646,13.1,5.3,191099,12_0,13.2,0.0,"Gidan Makera, Sokoto, Nigeria"
4647,-17.7,-63.1,191089,16_46,-12.4,294.4,"El Dorado, Santa Cruz de la Sierra, Santa Cruz Department, Bolivia"
4648,5.5,95.3,191068,13_14,6.8,89.6,"Banda Aceh, Indonesia"
4649,40.2,44.6,191059,7_6,45.2,38.4,"Dzoraghbyur, Yerevan, Armenia"
4650,-26.9,26.6,191042,18_4,-25.2,25.6,"Klerksdorp, South Africa"
4651,36.5,139.9,190983,8_21,38.8,134.4,"Utsunomiya, Tochigi, Japan"
4652,34.2,-118.3,190981,8_37,38.8,236.8,"Glendale, California, United States"
4653,33.5,73.9,190952,8_11,38.8,70.4,"Kotli, Pakistan"
4654,35.1,36.8,190927,8_5,38.8,32.0,"Sereihin, Ḩamāh, Hama, Syria"
4655,23.0,91.3,190872,10_14,26.0,89.6,"Rajapur, Feni, Chittagong, Bangladesh"
4656,-1.3,-78.6,190804,14_43,0.4,275.2,"Huachi Totoras, Ambato, Tungurahua Province, Ecuador"
4657,9.3,2.6,190801,12_0,13.2,0.0,"Gomboko, Parakou, Borgou, Benin"
4658,34.7,135.7,190798,8_21,38.8,134.4,"Ikoma, Higashiosaka, Japan"
4659,42.9,71.4,190774,7_11,45.2,70.4,"Taraz, Kazakhstan"
4660,25.8,-100.6,190773,10_40,26.0,256.0,"García, Mexico"
4661,10.7,13.8,190760,12_2,13.2,12.8,"Mokolo, Cameroon"
4662,37.4,140.4,190747,8_21,38.8,134.4,"Kōriyama, Japan"
4663,52.2,4.5,190714,5_0,58.0,0.0,"Warmond, Leiden, South Holland, The Netherlands"
4664,25.0,89.5,190678,10_13,26.0,83.2,"Sonatala, Mahasthangarh, Rajshahi Division, Bangladesh"
4665,12.4,8.5,190676,12_1,13.2,6.4,"Dambatta, Nigeria"
4666,27.5,68.8,190669,9_10,32.4,64.0,"Moreja, Khairpur Mir’s, Sindh, Pakistan"
4667,48.8,2.6,190642,6_0,51.6,0.0,"Marne La Vallée, France"
4668,7.7,-5.1,190637,12_55,13.2,352.0,"Tiérékro, Bouaké, Vallée du Bandama District, Ivory Coast"
4669,59.8,30.3,190602,4_4,64.4,25.6,"Aviagorodok, Dachnoye, St.-Petersburg, Russia"
4670,23.8,90.8,190593,10_14,26.0,89.6,"Bancharampur, Narsingdi, Dhaka Division, Bangladesh"
4671,7.7,5.0,190576,12_0,13.2,0.0,"Aramoko-Ekiti, Nigeria"
4672,18.5,-97.4,190562,11_41,19.6,262.4,"Tehuacán, Mexico"
4673,29.5,71.6,190501,9_11,32.4,70.4,"Lodhran, Pakistan"
4674,43.0,-88.0,190476,7_42,45.2,268.8,"West Allis, Milwaukee, United States"
4675,53.8,-1.7,190416,5_55,58.0,352.0,"Woodhall Hills, Bradford, England, United Kingdom"
4676,39.2,45.4,190367,7_7,45.2,44.8,"Naxçıvan, Azerbaijan"
4677,39.9,-75.1,190270,7_44,45.2,281.6,"Camden, United States"
4678,2.9,101.8,190256,13_15,6.8,96.0,"Semenyih, Malaysia"
4679,38.1,48.1,190196,8_7,38.8,44.8,"Nir County, Sara'eyn, East Azerbaijan, Iran"
4680,36.9,10.1,190162,8_1,38.8,6.4,"La Gazelle, Tunis, Tunisia"
4681,31.2,30.6,190136,9_4,32.4,25.6,"Qabrit, Fuwwah, Kafr el-Sheikh, Egypt"
4682,-27.8,30.1,190130,18_4,-25.2,25.6,"Ngagane, South Africa"
4683,2.7,101.9,190039,13_15,6.8,96.0,"Seremban 2, Seremban, Negeri Sembilan, Malaysia"
4684,22.5,92.1,189993,10_14,26.0,89.6,"Rangamati, Bangladesh"
4685,-33.3,-66.3,189964,19_45,-31.6,288.0,"San Luis, Argentina"
4686,18.5,-69.7,189946,11_45,19.6,288.0,"Guerra, Boca Chica, Dominican Republic"
4687,23.0,89.4,189945,10_13,26.0,83.2,"Bhātpāra Abhaynagar, Bangladesh"
4688,40.7,-74.3,189882,7_44,45.2,281.6,"Union, United States"
4689,54.6,-5.9,189867,5_55,58.0,352.0,"Belfast City District, Belfast, Northern Ireland, United Kingdom"
4690,55.8,37.9,189853,5_5,58.0,32.0,"Balashikhinsky District, Gol’yanovo, Moscow, Russia"
4691,25.6,-80.4,189837,10_43,26.0,275.2,"Cutler Bay, United States"
4692,6.1,102.2,189836,13_15,6.8,96.0,"Kampung Gaung, Kota Bharu, Kelantan, Malaysia"
4693,-6.9,107.1,189793,15_16,-6.0,102.4,"Cisarandi, Cianjur, West Java, Indonesia"
4694,21.3,105.4,189685,10_16,26.0,102.4,"Việt Trì, Vietnam"
4695,-7.1,113.5,189677,15_17,-6.0,108.8,"Pancoran, Indonesia"
4696,-6.9,26.0,189664,15_4,-6.0,25.6,"Kitenge, Kabongo, Democratic Republic of the Congo"
4697,24.3,91.5,189645,10_14,26.0,89.6,"Bahubal, Habiganj, Sylhet Division, Bangladesh"
4698,-16.0,-48.0,189645,16_48,-12.4,307.2,"Residencial Santos Dummont, Valparaíso de Goiás, Goiás, Brazil"
4699,9.4,42.0,189630,12_6,13.2,38.4,"‘Alemaya, Ethiopia"
4700,40.0,-75.3,189630,7_44,45.2,281.6,"Havertown, United States"
4701,32.4,74.4,189619,9_11,32.4,70.4,"Bhopalwala, Daska Kalan, Pakistan"
4702,52.3,21.1,189612,5_3,58.0,19.2,"Praga Południe, Warsaw, Poland"
4703,-9.7,22.9,189602,15_3,-6.0,19.2,"Mwene, Democratic Republic of the Congo"
4704,51.0,13.8,189528,6_2,51.6,12.8,"Prohlis-Süd, Dresden, Saxony, Germany"
4705,30.6,73.1,189514,9_11,32.4,70.4,"Chak 101/9L GadhianWala, Sahiwal, Punjab, Pakistan"
4706,37.9,69.8,189424,8_10,38.8,64.0,"Kŭlob, Tajikistan"
4707,48.6,39.3,189421,6_6,51.6,38.4,"Luhansk, Ukraine"
4708,53.5,-113.6,189409,5_38,58.0,243.2,"Lymburn, Canada"
4709,30.1,71.5,189397,9_11,32.4,70.4,"Billiwala, Multan, Punjab, Pakistan"
4710,29.6,71.9,189300,9_11,32.4,70.4,"Kahror Pakka, Pakistan"
4711,13.7,-89.7,189285,11_42,19.6,268.8,"Sonsonate, El Salvador"
4712,24.2,90.7,189265,10_14,26.0,89.6,"Chalakchar, Nagar Naluākot, Dhaka Division, Bangladesh"
4713,45.0,7.7,189247,7_1,45.2,6.4,"Circoiscrizione VIII, Italy"
4714,34.1,71.5,189149,8_11,38.8,70.4,"Sheikh Kalay, Peshawar, Khyber Pakhtunkhwa, Pakistan"
4715,48.9,2.1,189092,6_0,51.6,0.0,"Saint-Germain-en-Laye, France"
4716,43.9,-78.9,189054,7_43,45.2,275.2,"Oshawa, Canada"
4717,55.8,-4.3,189054,5_55,58.0,352.0,"High Carolside, Glasgow, Scotland, United Kingdom"
4718,9.6,8.3,188981,12_1,13.2,6.4,"Kafanchan, Nigeria"
4719,36.0,139.4,188958,8_21,38.8,134.4,"Sakado, Japan"
4720,55.1,61.4,188950,5_9,58.0,57.6,"Smolinskiy, Chelyabinsk, Russia"
4721,20.7,-101.3,188930,10_40,26.0,256.0,"Las Malvas, Irapuato, Guanajuato, Mexico"
4722,-3.3,17.4,188817,14_2,0.4,12.8,"Bandundu Province, Democratic Republic of the Congo"
4723,45.5,-122.5,188800,6_37,51.6,236.8,"Gresham, United States"
4724,35.8,43.3,188797,8_6,38.8,38.4,"Arkabah Gharbīyah, Al Qayyārah, Nineveh, Iraq"
4725,-26.0,28.0,188694,18_4,-25.2,25.6,"Johannesburg Ward 96, Diepsloot, Gauteng, South Africa"
4726,34.0,-117.9,188677,8_37,38.8,236.8,"Hacienda Heights, United States"
4727,48.8,2.1,188673,6_0,51.6,0.0,"Versailles, France"
4728,-7.6,110.7,188667,15_17,-6.0,108.8,"Wadung Getas, Kartasura, Central Java, Indonesia"
4729,41.5,-81.6,188643,7_43,45.2,275.2,"Cleveland, United States"
4730,23.8,90.9,188633,10_14,26.0,89.6,"Ratanpur, Nabīnagar, Chittagong, Bangladesh"
4731,34.0,51.4,188630,8_8,38.8,51.2,"Ţāherābād, Ārān Bīdgol, Iran"
4732,6.4,3.4,188625,13_0,6.8,0.0,"Tarkwa, Lagos, Nigeria"
4733,13.1,109.3,188607,12_17,13.2,108.8,"Tuy Hòa, Vietnam"
4734,7.1,38.5,188580,12_6,13.2,38.4,"Biishaan Gurachaa, Awasa, Sidama Region, Ethiopia"
4735,8.6,-71.2,188570,12_45,13.2,288.0,"Mérida, Venezuela"
4736,31.3,30.5,188548,9_4,32.4,25.6,"Muţūbas, Egypt"
4737,10.3,-71.3,188505,12_45,13.2,288.0,"La Plata, Ciudad Ojeda, Venezuela"
4738,50.0,82.6,188386,6_12,51.6,76.8,"Ust-Kamenogorsk, Kazakhstan"
4739,32.8,129.9,188359,8_20,38.8,128.0,"Nagasaki, Japan"
4740,23.5,90.4,188223,10_14,26.0,89.6,"Louhajang, Narayanganj, Dhaka Division, Bangladesh"
4741,35.7,51.6,188195,8_8,38.8,51.2,"Deh-e Torkaman, Vaḩīdīyeh, Iran"
4742,8.5,34.8,188179,12_5,13.2,32.0,"Dembī Dolo, Ethiopia"
4743,29.6,70.6,188167,9_11,32.4,70.4,"Jampur, Pakistan"
4744,23.3,91.2,188125,10_14,26.0,89.6,"Basantapur, Lākshām, Chittagong, Bangladesh"
4745,39.8,64.4,188089,7_10,45.2,64.0,"Bukhara, Uzbekistan"
4746,27.6,30.7,188063,9_4,32.4,25.6,"Abu Kurayyim, Dayrūţ, Asyut, Egypt"
4747,31.2,74.0,187989,9_11,32.4,70.4,"Sherpur, Phool Nagar, Punjab, Pakistan"
4748,22.6,90.7,187937,10_14,26.0,89.6,"Daulatkhan, Bhola, Barisal Division, Bangladesh"
4749,33.0,-96.9,187925,8_41,38.8,262.4,"Dallas County, Carrollton, Texas, United States"
4750,28.9,58.9,187889,9_9,32.4,57.6,"Fahraj, Iran"
4751,-15.8,46.4,187812,16_7,-12.4,44.8,"Mahajanga II, Mahajanga, Boeny, Madagascar"
4752,6.5,4.9,187796,13_0,6.8,0.0,"Ode-Irele, Nigeria"
4753,15.7,43.9,187791,11_6,19.6,38.4,"‘Amrān, Yemen"
4754,34.7,70.2,187768,8_10,38.8,64.0,"Mehtar Lām, Afghanistan"
4755,58.6,49.6,187752,4_7,64.4,44.8,"Kirov, Kirov Oblast, Russia"
4756,35.8,128.7,187695,8_20,38.8,128.0,"Gyeongsan-si, South Korea"
4757,49.5,11.0,187679,6_1,51.6,6.4,"Ronhof, Kronach, Nuremberg, Bavaria, Germany"
4758,26.0,-98.3,187613,10_40,26.0,256.0,"Vamos Tamaulipas, Reynosa, Mexico"
4759,43.2,-77.6,187578,7_44,45.2,281.6,"Rochester, United States"
4760,-22.9,-43.0,187565,17_49,-18.8,313.6,"São Gonçalo, Niterói, Brazil"
4761,26.3,88.6,187499,9_13,32.4,83.2,"Panchagarh, Bangladesh"
4762,7.3,4.6,187483,12_0,13.2,0.0,"Ifetedo, Nigeria"
4763,42.3,69.7,187422,7_10,45.2,64.0,"Sayram, Shymkent, Kazakhstan"
4764,10.7,-61.5,187386,12_46,13.2,294.4,"Port of Spain, Trinidad and Tobago"
4765,47.2,27.6,187328,6_4,51.6,25.6,"Iaşi, Romania"
4766,37.9,127.7,187325,8_19,38.8,121.6,"Chuncheon, South Korea"
4767,54.6,18.5,187321,5_2,58.0,12.8,"Rumia, Gdynia, Poland"
4768,29.0,58.7,187285,9_9,32.4,57.6,"HosseinAbad Derakhti, Narmāshīr, Kerman, Iran"
4769,11.4,-69.7,187214,12_45,13.2,288.0,"Coro, Venezuela"
4770,12.7,108.1,187178,12_16,13.2,102.4,"Ea Nao B, Buôn Ma Thuột, Dak Lak, Vietnam"
4771,6.2,80.2,187145,13_12,6.8,76.8,"Hikkaduwa, Sri Lanka"
4772,20.4,-76.6,187077,10_44,26.0,281.6,"Bayamo, Cuba"
4773,24.9,121.4,187052,10_18,26.0,115.2,"Sanxia, Taiwan"
4774,-36.6,-72.1,187007,19_44,-31.6,281.6,"Chillán, Chile"
4775,55.3,86.1,186992,5_13,58.0,83.2,"Kemerovsky Urban Okrug, Kemerovo, Russia"
4776,31.7,74.1,186980,9_11,32.4,70.4,"Dawoki, Shekhupura, Punjab, Pakistan"
4777,34.3,134.1,186971,8_20,38.8,128.0,"Maeda-nishimachi, Takamatsu, Kagawa, Japan"
4778,33.4,-111.7,186878,8_38,38.8,243.2,"Gilbert, United States"
4779,24.5,89.6,186828,10_14,26.0,89.6,"Rayganj, Sirajganj, Rajshahi Division, Bangladesh"
4780,24.8,89.0,186821,10_13,26.0,83.2,"Santahar, Pār Naogaon, Rajshahi Division, Bangladesh"
4781,25.3,49.6,186744,10_7,26.0,44.8,"Mansubi Al Taleem 2nd District, Al Hufūf, Eastern Province, Saudi Arabia"
4782,18.3,42.8,186693,11_6,19.6,38.4,"Khamis Mushait, 'Asir Region, Saudi Arabia (E)"
4783,-31.4,-64.1,186689,18_46,-25.2,294.4,"Malvinas Argentinas, Córdoba, Argentina"
4784,24.1,90.7,186528,10_14,26.0,89.6,"Hatirdiya, Nagar Naluākot, Dhaka Division, Bangladesh"
4785,10.6,7.4,186485,12_1,13.2,6.4,"Afaka, Kaduna, Kaduna State, Nigeria"
4786,7.2,37.9,186472,12_5,13.2,32.0,"Shone, Duramē, Central Ethiopia Regional State, Ethiopia"
4787,16.7,33.4,186469,11_5,19.6,32.0,"Shendi, Sudan"
4788,21.3,105.5,186415,10_16,26.0,102.4,"Thổ Tăng, Việt Trì, Vietnam"
4789,12.0,-86.1,186308,12_42,13.2,268.8,"Masaya, Nicaragua"
4790,36.3,2.2,186267,8_0,38.8,0.0,"Khemis Miliana, Algeria"
4791,18.9,-97.1,186252,11_41,19.6,262.4,"Orizaba, Mexico"
4792,-3.0,31.9,186240,14_4,0.4,25.6,"Katoro, Tanzania"
4793,32.8,130.8,186214,8_20,38.8,128.0,"Kotō, Japan"
4794,30.0,73.3,186110,9_11,32.4,70.4,"Bahawalnagar, Pakistan"
4795,35.1,69.3,186079,8_10,38.8,64.0,"Jabal os Saraj, Afghanistan"
4796,39.8,-105.0,186055,7_39,45.2,249.6,"Zuni, Denver, Colorado, United States"
4797,-9.6,16.3,186019,15_2,-6.0,12.8,"Malanje - Malange, Malanje, Angola (SW)"
4798,4.6,7.9,186006,13_1,6.8,6.4,"Ikwe, Eket, Akwa Ibom State, Nigeria"
4799,-29.9,30.8,185974,18_4,-25.2,25.6,"Folweni, South Africa"
4800,10.5,124.0,185964,12_19,13.2,121.6,"Danao, Philippines"
4801,19.4,-102.0,185878,11_40,19.6,256.0,"Caltzontzin, Uruapan, Michoacán, Mexico"
4802,6.6,38.3,185874,13_5,6.8,32.0,"Ch’iko, Ethiopia"
4803,10.4,-71.4,185869,12_45,13.2,288.0,"Cabimas, Venezuela"
4804,25.5,89.5,185868,10_13,26.0,83.2,"Ramjiban, Chilmāri, Rangpur Division, Bangladesh"
4805,1.6,30.3,185832,13_4,6.8,25.6,"Bembeyi, Bunia, Ituri, Democratic Republic of the Congo"
4806,23.8,91.0,185809,10_14,26.0,89.6,"Nabinagar Upazila, Nabīnagar, Chittagong, Bangladesh"
4807,-26.4,27.9,185806,18_4,-25.2,25.6,"Walkerville, South Africa"
4808,55.9,-3.2,185757,5_55,58.0,352.0,"Fairmilehead, Edinburgh, United Kingdom"
4809,34.2,73.3,185672,8_11,38.8,70.4,"Basali, Abbottabad, Khyber Pakhtunkhwa, Pakistan"
4810,4.8,-6.7,185626,13_55,6.8,352.0,"Dimoulé, San-Pédro, Ivory Coast"
4811,36.6,139.9,185473,8_21,38.8,134.4,"Utsunomiya, Tochigi, Japan (N)"
4812,40.1,-75.0,185438,7_44,45.2,281.6,"Bensalem, United States"
4813,21.2,105.9,185379,10_16,26.0,102.4,"Chờ, Sóc Sơn, Vietnam"
4814,33.3,-111.8,185366,8_38,38.8,243.2,"Maricopa County, Chandler, Arizona, United States"
4815,9.0,125.4,185306,12_19,13.2,121.6,"Buenavista, Philippines"
4816,31.6,71.1,185285,9_11,32.4,70.4,"Bhakkar, Pakistan"
4817,5.7,10.9,185122,13_1,6.8,6.4,"Foumban, Cameroon"
4818,36.8,43.0,185115,8_6,38.8,38.4,"Sharia, Dihok, Duhok, Iraq"
4819,43.0,-87.9,184991,7_42,45.2,268.8,"Bay View, Milwaukee, Wisconsin, United States"
4820,-20.5,-54.7,184965,17_47,-18.8,300.8,"São Conrado, Campo Grande, Mato Grosso do Sul, Brazil"
4821,24.9,89.5,184940,10_13,26.0,83.2,"Gabtali, Bogra, Rajshahi Division, Bangladesh"
4822,5.9,118.1,184928,13_18,6.8,115.2,"Sandakan, Malaysia"
4823,34.1,71.7,184920,8_11,38.8,70.4,"Dheri Shah Bara, Charsadda, Khyber Pakhtunkhwa, Pakistan"
4824,-8.8,115.2,184905,15_18,-6.0,115.2,"Benoa, Indonesia"
4825,24.7,90.6,184902,10_14,26.0,89.6,"Bokainagar, Mymensingh, Mymensingh Division, Bangladesh"
4826,4.8,7.9,184882,13_1,6.8,6.4,"Ikot Edibon, Etinan, Akwa Ibom State, Nigeria"
4827,33.8,130.7,184861,8_20,38.8,128.0,"Nōgata, Japan"
4828,-19.6,-65.8,184782,17_45,-18.8,288.0,"Potosí, Bolivia"
4829,0.5,123.1,184719,13_19,6.8,121.6,"Botubarani, Gorontalo, Indonesia"
4830,35.0,136.0,184571,8_21,38.8,134.4,"Kusatsu, Japan"
4831,25.4,49.7,184568,10_7,26.0,44.8,"Aţ Ţaraf, Al Hufūf, Saudi Arabia"
4832,6.9,3.9,184549,12_0,13.2,0.0,"Ago-Iwoye, Ijebu Ode, Ogun State, Nigeria"
4833,40.1,-75.1,184544,7_44,45.2,281.6,"Abington, United States"
4834,-8.1,114.4,184506,15_17,-6.0,108.8,"Bangsring, Indonesia"
4835,53.3,-6.4,184458,5_55,58.0,352.0,"South Dublin, Ireland"
4836,26.2,-98.2,184435,9_40,32.4,256.0,"Palm Heights Colonia, McAllen, Texas, United States"
4837,24.7,88.2,184359,10_13,26.0,83.2,"Shibganj Upazila, Chapai Nawabganj, Shibganj, Rajshahi Division, Bangladesh"
4838,46.8,-71.3,184263,6_45,51.6,288.0,"Duberger–Les Saules, Québec, Quebec, Canada"
4839,24.0,89.0,184261,10_13,26.0,83.2,"Bheramara, Bherāmāra, Khulna Division, Bangladesh"
4840,23.2,90.0,184231,10_14,26.0,89.6,"Gopālganj, Bangladesh"
4841,11.7,-70.2,184161,12_45,13.2,288.0,"Punto Fijo, Venezuela"
4842,28.9,58.7,184144,9_9,32.4,57.6,"BadrAbad, Narmāshīr, Kerman, Iran"
4843,8.7,39.0,184112,12_6,13.2,38.4,"Bishoftu, Oromiya, Ethiopia"
4844,34.8,134.6,184073,8_21,38.8,134.4,"Tatsuno, Himeji, Japan"
4845,22.7,90.9,184070,10_14,26.0,89.6,"Ramgati Upazila, Bangladesh"
4846,47.2,-1.5,184062,6_56,51.6,358.4,"Saint-Sébastien-sur-Loire, Nantes, Pays de la Loire, France"
4847,57.0,24.1,184055,5_3,58.0,19.2,"Kundziņsala, Riga, Latvia"
4848,-23.3,-51.1,184040,17_48,-18.8,307.2,"Cidade Industrial 2, Londrina, Paraná, Brazil"
4849,26.2,32.7,184029,9_5,32.4,32.0,"Qina, Egypt"
4850,-7.0,113.9,184013,15_17,-6.0,108.8,"Batujaran, Indonesia"
4851,20.3,106.4,184004,10_16,26.0,102.4,"Ngô Đồng, Vietnam"
4852,-4.1,39.6,183998,14_6,0.4,38.4,"Matuga, Mombasa, Kenya"
4853,7.2,80.6,183987,12_12,13.2,76.8,"Gampola, Kandy, Sri Lanka"
4854,31.0,74.0,183982,9_11,32.4,70.4,"Chunian, Pakistan"
4855,50.9,34.8,183968,6_5,51.6,32.0,"Sumy, Ukraine"
4856,51.4,6.7,183870,6_1,51.6,6.4,"Rheinhausen, Duisburg, North Rhine-Westphalia, Germany"
4857,23.9,91.2,183826,10_14,26.0,89.6,"Singārbīl, Agartala, Bangladesh"
4858,-7.5,24.2,183815,15_3,-6.0,19.2,"Kanyama, Democratic Republic of the Congo"
4859,10.3,11.3,183793,12_1,13.2,6.4,"Deba, Nigeria"
4860,30.7,72.6,183790,9_11,32.4,70.4,"Kamalia, Pakistan"
4861,23.3,90.4,183774,10_14,26.0,89.6,"Naria, Pālang, Dhaka Division, Bangladesh"
4862,24.8,88.3,183756,10_13,26.0,83.2,"Gomastapur, Shibganj, Rajshahi Division, Bangladesh"
4863,30.7,30.8,183750,9_4,32.4,25.6,"Kawm Ḩamādah, Beheira, Egypt"
4864,7.0,37.9,183673,12_5,13.2,32.0,"Bodītī, Ethiopia"
4865,-6.1,-49.9,183543,15_48,-6.0,307.2,"Parauapebas, Brazil"
4866,50.7,3.1,183474,6_0,51.6,0.0,"Le Jambon, Roubaix, Hauts-de-France"
4867,2.2,21.5,183460,13_3,6.8,19.2,"Lisala, Democratic Republic of the Congo"
4868,-26.8,-65.3,183457,18_46,-25.2,294.4,"Yerba Buena, San Miguel de Tucumán, Argentina"
4869,10.3,105.5,183400,12_16,13.2,102.4,"Thốt Nốt, Vietnam"
4870,29.5,-98.4,183393,9_40,32.4,256.0,"Kirby, United States"
4871,57.2,65.6,183358,5_10,58.0,64.0,"Tyumen, Tyumen Oblast, Russia (NE)"
4872,-0.2,100.6,183343,14_15,0.4,96.0,"Payakumbuh, Indonesia"
4873,-16.4,-71.6,183215,16_45,-12.4,288.0,"Pachacutec, Arequipa, Peru"
4874,49.5,8.4,183206,6_1,51.6,6.4,"Oppau, Mannheim, Baden-Wurttemberg, Germany"
4875,8.3,1.0,183099,12_0,13.2,0.0,"Blitta, Togo"
4876,39.4,30.0,183093,7_4,45.2,25.6,"Kütahya, Turkey"
4877,48.0,37.9,183092,6_5,51.6,32.0,"Iuzivskyi Raion, Donetsk, Ukraine (E)"
4878,14.7,-90.4,183037,11_42,19.6,268.8,"Palencia, Chinautla, Guatemala"
4879,5.7,7.7,183011,13_1,6.8,6.4,"Nguzu Edda, Nigeria"
4880,37.9,139.0,182996,8_21,38.8,134.4,"Aoyama, Niigata, Japan"
4881,30.9,66.5,182974,9_10,32.4,64.0,"Chaman, Pakistan"
4882,12.6,102.1,182960,12_15,13.2,96.0,"Chanthaburi, Thailand"
4883,-26.3,28.0,182934,18_4,-25.2,25.6,"Johannesburg Ward 125, Johannesburg, Gauteng, South Africa"
4884,34.3,72.1,182895,8_11,38.8,70.4,"Hattian, Mardan, Khyber Pakhtunkhwa, Pakistan"
4885,20.6,-101.2,182884,10_40,26.0,256.0,"Salamanca, Mexico"
4886,34.8,71.8,182875,8_11,38.8,70.4,"Banr, Timargara, Khyber Pakhtunkhwa, Pakistan"
4887,7.2,124.2,182871,12_19,13.2,121.6,"Cotabato, Philippines"
4888,-31.5,-64.2,182859,18_46,-25.2,294.4,"Asentamiento, Córdoba, Cordoba, Argentina"
4889,25.7,-80.3,182809,10_43,26.0,275.2,"Kendall, United States"
4890,33.9,-117.5,182798,8_37,38.8,236.8,"Corona, United States"
4891,43.4,-8.3,182781,7_54,45.2,345.6,"Oleiros, A Coruña, Spain"
4892,8.7,-75.9,182763,12_44,13.2,281.6,"Montería, Córdoba, Colombia"
4893,4.1,30.7,182754,13_4,6.8,25.6,"Yei, South Sudan"
4894,40.4,-80.0,182726,7_43,45.2,275.2,"Pittsburgh, United States"
4895,48.1,16.3,182719,6_2,51.6,12.8,"Meidling, Austria"
4896,6.5,2.7,182713,13_0,6.8,0.0,"Adjarra, Porto-Novo, Benin"
4897,32.8,35.1,182685,8_5,38.8,32.0,"Qiryat Ata, Israel"
4898,22.5,91.5,182669,10_14,26.0,89.6,"Sandwīp, Bangladesh"
4899,57.1,65.6,182532,5_10,58.0,64.0,"Tyumen, Tyumen Oblast, Russia (S)"
4900,31.0,31.6,182497,9_4,32.4,25.6,"Aş Şalāḩāt, Egypt"
4901,-27.1,-52.6,182484,18_48,-25.2,307.2,"Chapecó, Brazil"
4902,-23.3,-45.9,182470,17_49,-18.8,313.6,"Jardim Colônia, Jacareí, São Paulo, Brazil"
4903,28.7,59.0,182444,9_9,32.4,57.6,"Moḩammadābād, Iran"
4904,15.1,120.8,182417,11_18,19.6,115.2,"Arayat, Philippines"
4905,41.6,-4.7,182353,7_55,45.2,352.0,"Valladolid, Spain"
4906,34.2,-4.0,182349,8_55,38.8,352.0,"Taza, Morocco"
4907,31.8,47.2,182268,9_7,32.4,44.8,"Al ‘Amārah, Maysan, Iraq"
4908,14.7,-90.8,182224,11_42,19.6,268.8,"Chimaltenango, Guatemala"
4909,23.3,-106.4,182191,10_39,26.0,249.6,"El Habal, Mazatlán, Mexico"
4910,-7.6,112.1,182149,15_17,-6.0,108.8,"Kertosono, Indonesia"
4911,34.8,134.8,182098,8_21,38.8,134.4,"Kakogawachō-honmachi, Japan"
4912,-6.0,28.0,182090,15_4,-6.0,25.6,"Nyunzu, Democratic Republic of the Congo"
4913,33.5,48.4,182038,8_7,38.8,44.8,"Khorramabad, Iran"
4914,7.9,9.8,181985,12_1,13.2,6.4,"Wukari, Nigeria"
4915,13.7,100.8,181983,11_15,19.6,96.0,"Ban Khlong Chorakhe Noi, Latkrabang, Bangkok, Thailand"
4916,3.5,-76.3,181981,13_44,6.8,281.6,"Palmira, Colombia"
4917,25.9,68.6,181939,10_10,26.0,64.0,"Shahdadpur, Pakistan"
4918,25.7,-100.1,181914,10_40,26.0,256.0,"Ciudad Benito Juárez, Mexico"
4919,43.0,44.7,181851,7_6,45.2,38.4,"Vladikavkaz, Russia"
4920,4.9,-74.1,181844,13_44,6.8,281.6,"Tenjo, Chía, Cundinamarca, Colombia"
4921,32.3,74.9,181824,9_11,32.4,70.4,"Zafarwal, Pakistan"
4922,5.0,8.4,181792,13_1,6.8,6.4,"Ebiet Okon Archibong, Calabar, Cross River State, Nigeria"
4923,49.3,-123.0,181767,6_37,51.6,236.8,"North Vancouver, Canada"
4924,43.9,11.1,181757,7_1,45.2,6.4,"Prato, Italy"
4925,9.1,40.9,181755,12_6,13.2,38.4,"Āsbe Teferī, Ethiopia"
4926,24.8,67.3,181707,10_10,26.0,64.0,"Malir District, Malir Cantonment, Sindh, Pakistan (SE)"
4927,37.2,67.3,181654,8_10,38.8,64.0,"Tirmiz, Uzbekistan"
4928,30.5,-97.7,181611,9_40,32.4,256.0,"Round Rock, United States"
4929,24.2,91.2,181584,10_14,26.0,89.6,"Nasirnagar, Shāhbāzpur Town, Chittagong, Bangladesh"
4930,24.4,89.5,181570,10_13,26.0,83.2,"Ullapara Upazila, Sirajganj, Rajshahi Division, Bangladesh"
4931,-14.1,-75.7,181556,16_44,-12.4,281.6,"Ica, Peru"
4932,-14.6,40.7,181504,16_6,-12.4,38.4,"Nacala, Mozambique"
4933,18.0,-102.2,181496,11_40,19.6,256.0,"Ciudad Lázaro Cárdenas, Mexico"
4934,32.6,74.2,181494,8_11,38.8,70.4,"Jalalpur Jattan, Pakistan"
4935,-31.8,115.8,181461,19_18,-31.6,115.2,"Landsdale, Australia"
4936,32.7,-96.8,181457,8_41,38.8,262.4,"Cockrell Hill, Dallas, United States"
4937,30.7,73.7,181414,9_11,32.4,70.4,"Kot Allah Ditta, Dipalpur, Punjab, Pakistan"
4938,7.9,98.3,181403,12_15,13.2,96.0,"Kathu, Thailand"
4939,51.5,-0.6,181401,6_56,51.6,358.4,"Slough, United Kingdom"
4940,36.3,37.2,181363,8_5,38.8,32.0,"Kafr Şaghīr, Aleppo, Syria"
4941,39.9,32.7,181354,7_5,45.2,32.0,"Çayyolu, Batikent, Turkey"
4942,38.1,46.2,181288,8_7,38.8,44.8,"Kujuvar, Tabriz, Iran"
4943,22.7,91.8,181277,10_14,26.0,89.6,"Fatikchhari, Bibir Hat, Chittagong, Bangladesh"
4944,-22.2,-54.8,181275,17_47,-18.8,300.8,"Dourados, Brazil"
4945,30.8,31.7,181266,9_4,32.4,25.6,"Al Qudah, Kafr Şaqr, Sharqia, Egypt"
4946,-7.2,-48.2,181265,15_48,-6.0,307.2,"Araguaína, Brazil"
4947,51.3,9.5,181254,6_1,51.6,6.4,"Kassel, Germany"
4948,37.4,-5.9,181252,8_55,38.8,352.0,"Sevilla Este, Sevilla, Andalusia, Spain"
4949,34.1,-118.5,181201,8_37,38.8,236.8,"Encino, United States"
4950,34.9,44.6,181178,8_6,38.8,38.4,"Ţūz Khūrmātū, Iraq"
4951,36.6,2.9,181178,8_0,38.8,0.0,"Boufarik, Algeria"
4952,-34.4,-58.8,181053,19_47,-31.6,300.8,"Belén de Escobar, Tortuguitas, Argentina"
4953,34.0,35.6,181018,8_5,38.8,32.0,"Jounieh, Lebanon"
4954,-6.4,107.3,180947,15_16,-6.0,102.4,"Karawang, West Java, Indonesia"
4955,-33.8,25.4,180925,19_3,-31.6,19.2,"Kariega, South Africa"
4956,-13.5,-71.9,180883,16_45,-12.4,288.0,"Wanchaq, Cusco, Peru"
4957,15.8,32.4,180853,11_5,19.6,32.0,"Ghaliya, Omdurman, Khartoum, Sudan"
4958,34.5,135.8,180761,8_21,38.8,134.4,"Kashihara-shi, Japan"
4959,29.1,31.0,180742,9_4,32.4,25.6,"Ihnāsīyah, Banī Suwayf, Egypt"
4960,31.2,31.4,180728,9_4,32.4,25.6,"Bilqās, Egypt"
4961,48.4,35.0,180724,6_5,51.6,32.0,"Shevchenkivskyi district, Dnipro, Dnipropetrovsk, Ukraine"
4962,50.3,127.5,180688,6_19,51.6,121.6,"Blagoveshchensk, Russia"
4963,16.0,120.6,180670,11_18,19.6,115.2,"Urdaneta, Philippines"
4964,40.8,29.9,180663,7_4,45.2,25.6,"Kulfallı Mahallesi, İzmit, Kocaeli, Turkey"
4965,33.9,10.1,180649,8_1,38.8,6.4,"Gabès, Tunisia"
4966,-1.3,-47.9,180645,14_48,0.4,307.2,"Castanhal, Brazil"
4967,32.3,-6.4,180617,9_55,32.4,352.0,"Pachalik de Beni Mellal, Beni Mellal, Morocco"
4968,-8.0,112.0,180617,15_17,-6.0,108.8,"Temenggungan, Indonesia"
4969,-12.5,27.9,180614,16_4,-12.4,25.6,"Chingola, Zambia"
4970,53.0,-2.2,180547,5_55,58.0,352.0,"Stoke-on-Trent, United Kingdom"
4971,-5.3,119.4,180533,14_18,0.4,115.2,"Galesong, Indonesia"
4972,5.4,7.9,180496,13_1,6.8,6.4,"Arochukwu, Nigeria"
4973,24.3,120.7,180479,10_18,26.0,115.2,"Xizhou, Taiwan"
4974,41.4,2.0,180452,7_0,45.2,0.0,"Sant Vicenç dels Horts, Sant Boi de Llobregat, Catalonia, Spain"
4975,29.9,-95.5,180423,9_41,32.4,262.4,"Near Northwest, Jersey Village, Texas, United States"
4976,55.1,82.9,180349,5_12,58.0,76.8,"Sadovyy, Novosibirsk, Novosibirsk Oblast, Russia"
4977,18.4,-72.9,180283,11_44,19.6,281.6,"Tigwav, Haiti"
4978,24.7,89.6,180263,10_14,26.0,89.6,"Kazipur, Sarishābāri, Mymensingh Division, Bangladesh"
4979,6.6,80.0,180249,13_12,6.8,76.8,"Kalutara, Sri Lanka"
4980,40.7,-73.4,180242,7_44,45.2,281.6,"West Babylon, United States"
4981,36.3,127.3,180223,8_19,38.8,121.6,"Jinjam, Daejeon, South Korea"
4982,20.3,106.3,180208,10_16,26.0,102.4,"Xuân Trường, Vietnam"
4983,22.2,-100.9,180177,10_40,26.0,256.0,"Soledad de Graciano Sánchez, Mexico"
4984,7.5,5.7,180176,12_0,13.2,0.0,"Akoko North East, Ikare, Ondo State, Nigeria (W)"
4985,30.9,31.7,180143,9_4,32.4,25.6,"Awlād Şaqr, Egypt"
4986,37.8,38.3,180126,8_5,38.8,32.0,"Adıyaman, Turkey"
4987,-6.4,106.3,180100,15_16,-6.0,102.4,"Jatimulya, Rangkasbitung, Banten, Indonesia"
4988,25.0,55.2,180093,10_8,26.0,51.2,"Dubai Investments Park, United Arab Emirates"
4989,6.7,44.3,180071,13_6,6.8,38.4,"Kebri Dahar, Ethiopia"
4990,30.9,31.0,180041,9_4,32.4,25.6,"Nawaj, Quţūr, Gharbia, Egypt"
4991,24.4,88.7,180007,10_13,26.0,83.2,"Paba Upazila, Rajshahi, Rajshahi Division, Bangladesh (E)"
4992,37.4,-122.1,179929,8_37,38.8,236.8,"Sunnyvale, United States"
4993,36.6,3.2,179908,8_0,38.8,0.0,"Larbaâ, Algeria"
4994,45.7,9.2,179904,6_1,51.6,6.4,"Seregno, Italy"
4995,-6.5,108.3,179895,15_16,-6.0,102.4,"Jatibarang, Indonesia"
4996,44.6,33.5,179887,7_5,45.2,32.0,"Sevastopol, Ukraine"
4997,41.3,2.1,179874,7_0,45.2,0.0,"el Prat de Llobregat, L'Hospitalet de Llobregat, Catalonia, Spain"
4998,48.0,7.8,179867,6_1,51.6,6.4,"Freiburg, Germany"
4999,34.8,69.1,179842,8_10,38.8,64.0,"Istālif, Afghanistan"
5000,-29.3,27.5,179835,18_4,-25.2,25.6,"Maseru, Lesotho"
5001,24.2,90.0,179796,10_14,26.0,89.6,"Habla, Tangail, Dhaka Division, Bangladesh"
5002,25.0,89.2,179790,10_13,26.0,83.2,"Kalai, Shibganj, Rajshahi Division, Bangladesh"
5003,-26.2,28.4,179780,18_4,-25.2,25.6,"Ekurhuleni Ward 73, Brakpan, Gauteng, South Africa"
5004,50.8,12.9,179760,6_2,51.6,12.8,"Chemnitz, Germany"
5005,35.4,136.9,179714,8_21,38.8,134.4,"Kakamigahara, Japan"
5006,31.0,41.0,179694,9_6,32.4,38.4,"Arar, Saudi Arabia"
5007,32.0,45.0,179671,9_7,32.4,44.8,"Al Diwaniyah, Al-Qadisiyah, Iraq (E)"
5008,23.8,89.4,179647,10_13,26.0,83.2,"Pangsha, Bangladesh"
5009,33.3,62.2,179592,8_9,38.8,57.6,"Shīnḏanḏ, Afghanistan"
5010,55.6,37.4,179575,5_5,58.0,32.0,"Yasenevo, Moscow, Russia (W)"
5011,-8.5,117.4,179564,15_18,-6.0,115.2,"Sumbawa Besar, Indonesia"
5012,1.0,34.3,179556,13_5,6.8,32.0,"Manafwa, Uganda"
5013,10.1,-64.7,179495,12_46,13.2,294.4,"Barcelona, Venezuela"
5014,28.5,-81.3,179488,9_43,32.4,275.2,"Conway, Orlando, United States"
5015,29.4,-98.6,179456,9_40,32.4,256.0,"Lackland Air Force Base, San Antonio, United States"
5016,25.9,88.8,179381,10_13,26.0,83.2,"Khansama Upazila, Nilphamari, Rangpur Division, Bangladesh"
5017,33.8,-117.8,179358,8_37,38.8,236.8,"Orange, United States"
5018,30.8,30.6,179348,9_4,32.4,25.6,"Delingat, Ad Dilinjāt, Beheira, Egypt"
5019,30.5,71.0,179344,9_11,32.4,70.4,"Kot Addu, Pakistan"
5020,0.3,101.0,179267,14_15,0.4,96.0,"Bangkinang, Indonesia"
5021,38.0,-84.5,179223,8_43,38.8,275.2,"Lexington, United States"
5022,7.0,39.2,179205,12_6,13.2,38.4,"Dodola, Ethiopia"
5023,45.6,-73.8,179172,6_44,51.6,281.6,"Boisbriand, Laval, Canada"
5024,-18.0,31.0,179093,16_4,-12.4,25.6,"Southlea Park, Chitungwiza, Harare, Zimbabwe"
5025,6.9,37.8,179068,12_5,13.2,32.0,"Sodo, Ethiopia"
5026,24.4,89.6,179067,10_14,26.0,89.6,"Nalka, Sirajganj, Rajshahi Division, Bangladesh"
5027,-37.7,144.8,179063,19_22,-31.6,140.8,"Saint Albans, Australia"
5028,24.9,66.9,178959,10_10,26.0,64.0,"Goth Shams Pir, Karachi, Pakistan"
5029,28.7,57.7,178885,9_9,32.4,57.6,"Jīroft, Iran"
5030,27.7,84.4,178872,9_13,32.4,83.2,"Bharatpur, Nepal"
5031,21.3,99.6,178866,10_15,26.0,96.0,"အမှတ်(၃) အခြေခံပညာ အထက်တန်းကျောင်း၊ ကျိုင်းတုံမြို့, မြန်မာ"
5032,-6.8,110.7,178851,15_17,-6.0,108.8,"Welahan, Indonesia"
5033,18.8,36.8,178833,11_5,19.6,32.0,"Sinkat, Sudan"
5034,33.1,-96.8,178696,8_41,38.8,262.4,"Frisco, United States"
5035,29.6,-95.5,178686,9_41,32.4,262.4,"Missouri City, United States"
5036,52.5,31.0,178642,5_4,58.0,25.6,"Homyel District, Homyel', Homyel’ Voblasc’, Belarus"
5037,-3.4,135.5,178630,14_21,0.4,134.4,"Nabire, Indonesia"
5038,29.2,31.2,178624,9_4,32.4,25.6,"Abu Salih, Būsh, Beni Suweif, Egypt"
5039,-7.5,109.3,178617,15_17,-6.0,108.8,"Sokaraja, Indonesia"
5040,21.8,92.1,178605,10_14,26.0,89.6,"Chakaria, Cox's Bazar District, Bangladesh"
5041,11.6,8.6,178604,12_1,13.2,6.4,"Rano, Nigeria"
5042,34.6,45.3,178594,8_7,38.8,44.8,"Kelar, Iraq"
5043,0.1,34.7,178572,14_5,0.4,32.0,"Mbale, Kenya"
5044,36.9,34.7,178531,8_5,38.8,32.0,"Demirhisar, İğdir, Mersin, Turkey"
5045,59.9,10.7,178505,4_1,64.4,6.4,"Skarpsno, Oslo, Norway"
5046,14.3,39.5,178422,11_6,19.6,38.4,"Ādīgrat, Ethiopia"
5047,36.7,10.3,178421,8_1,38.8,6.4,"Hammam-Lif, Tunisia"
5048,36.1,139.7,178410,8_21,38.8,134.4,"Kukichūō, Japan"
5049,20.9,106.0,178266,10_16,26.0,102.4,"Yên Mỹ, Mỹ Hào, Vietnam"
5050,50.6,3.0,178232,6_0,51.6,0.0,"Emmerin, Lille, Hauts-de-France"
5051,34.7,73.0,178227,8_11,38.8,70.4,"Battagram, Pakistan"
5052,53.4,-6.3,178171,5_55,58.0,352.0,"Dubber DED 1986, Finglas, Leinster, Ireland"
5053,24.9,91.0,178122,10_14,26.0,89.6,"ধর্মপাশা, Bangladesh"
5054,-3.4,37.3,178096,14_5,0.4,32.0,"Mijongweni, Moshi, Kilimanjaro, Tanzania"
5055,46.1,14.5,177995,6_2,51.6,12.8,"Ljubljana, Slovenia"
5056,20.9,106.1,177983,10_16,26.0,102.4,"Mỹ Hào, Vietnam"
5057,-8.5,28.9,177963,15_4,-6.0,25.6,"Pweto, Democratic Republic of the Congo"
5058,50.0,14.5,177912,6_2,51.6,12.8,"Chodov, Czechia"
5059,24.0,-104.6,177885,10_39,26.0,249.6,"Gabino Santillán, Victoria de Durango, Durango, Mexico"
5060,16.0,43.2,177879,11_6,19.6,38.4,"Abs, Yemen"
5061,7.4,3.8,177873,12_0,13.2,0.0,"Ido, Ibadan, Nigeria"
5062,-10.7,22.3,177857,15_3,-6.0,19.2,"Luau, Moxico, Angola (E)"
5063,43.8,7.3,177777,7_1,45.2,6.4,"L'Ariane, France"
5064,38.8,-77.2,177776,8_44,38.8,281.6,"North Springfield, Burke, Virginia, United States"
5065,28.2,84.0,177735,9_13,32.4,83.2,"Phalepatan Chok, Pokhara, Nepal"
5066,-22.4,-47.6,177691,17_48,-18.8,307.2,"Rio Claro, Brazil"
5067,39.7,-105.1,177626,7_39,45.2,249.6,"Lakewood, Colorado, United States"
5068,6.0,7.2,177614,13_1,6.8,6.4,"Ajalli, Nigeria"
5069,33.6,-112.0,177544,8_38,38.8,243.2,"Paradise Valley, United States"
5070,22.9,91.5,177543,10_14,26.0,89.6,"Baraiyarhat, Chhāgalnāiya, Chittagong, Bangladesh"
5071,33.0,70.7,177539,8_11,38.8,70.4,"Bannu Tehsil, Bannu, Khyber Pakhtunkhwa, Pakistan (E)"
5072,18.1,-94.5,177449,11_41,19.6,262.4,"Cosoleacaque, Coatzacoalcos, Veracruz, Mexico"
5073,32.9,-96.6,177428,8_41,38.8,262.4,"Dallas County, Garland, Texas, United States"
5074,14.4,120.8,177417,11_18,19.6,115.2,"Halayhay, General Trias, Philippines"
5075,10.2,-66.9,177335,12_45,13.2,288.0,"Cúa, Venezuela"
5076,42.4,-83.1,177329,7_43,45.2,275.2,"Hamtramck, Detroit, United States"
5077,28.7,30.7,177290,9_4,32.4,25.6,"Al ‘Idwah, Minya, Egypt"
5078,-7.5,110.7,177194,15_17,-6.0,108.8,"Penturan, Kartasura, Central Java, Indonesia"
5079,14.3,104.1,177191,11_16,19.6,102.4,"Anlong Veaeng, Ŏtâr Méanchey, Cambodia (N)"
5080,52.9,-1.5,177128,5_56,58.0,358.4,"Derby, United Kingdom"
5081,6.4,4.8,177054,13_0,6.8,0.0,"Igbokoda, Nigeria"
5082,5.2,-1.3,177024,13_56,6.8,358.4,"Brimsu, Cape Coast, Central, Ghana"
5083,-0.4,39.6,177021,14_6,0.4,38.4,"Bura, Garissa, Kenya"
5084,3.3,-76.5,177012,13_44,6.8,281.6,"Jamundí, Colombia"
5085,11.8,7.6,176955,12_1,13.2,6.4,"Malumfashi, Nigeria"
5086,22.7,120.5,176918,10_18,26.0,115.2,"Pingtung, Taiwan"
5087,29.2,72.9,176850,9_11,32.4,70.4,"Fort Abbas, Pakistan"
5088,-8.6,122.2,176836,15_19,-6.0,121.6,"Maumere, Indonesia"
5089,6.9,3.7,176803,12_0,13.2,0.0,"Iperu, Shagamu, Nigeria"
5090,53.1,8.8,176785,5_1,58.0,6.4,"Regensburger Straße, Bremen, Germany"
5091,41.5,2.0,176719,7_0,45.2,0.0,"Rubí, Terrassa, Catalonia, Spain"
5092,16.3,95.4,176674,11_14,19.6,89.6,"Bogale, Myanmar"
5093,23.6,88.8,176665,10_13,26.0,83.2,"Damurhuda Upazila, Nowlamary, Khulna Division, Bangladesh"
5094,24.2,88.9,176656,10_13,26.0,83.2,"Lalpur, Ishwardi, Rajshahi Division, Bangladesh"
5095,43.7,51.2,176579,7_8,45.2,51.2,"Aktau, Kazakhstan"
5096,11.3,27.0,176577,12_4,13.2,25.6,"Adila, Sudan"
5097,21.1,105.5,176569,10_16,26.0,102.4,"Trung Sơn Trầm, Sơn Tây, Hanoi, Vietnam"
5098,50.0,22.0,176526,6_3,51.6,19.2,"Rzeszów, Poland"
5099,-4.5,136.9,176447,14_21,0.4,134.4,"Kwamki Lama, Mapurujaya, Central Papua, Indonesia"
5100,50.4,80.2,176428,6_12,51.6,76.8,"Semey, Kazakhstan"
5101,24.5,32.9,176308,10_5,26.0,32.0,"Kom Ombo, Egypt"
5102,-4.7,11.9,176306,14_1,0.4,6.4,"Loandjili, Pointe-Noire, Republic of the Congo"
5103,37.6,15.1,176260,8_2,38.8,12.8,"Acireale, Italy"
5104,33.9,72.5,176259,8_11,38.8,70.4,"Hazro City, Pakistan"
5105,4.6,9.4,176198,13_1,6.8,6.4,"Kumba, Cameroon"
5106,38.0,46.4,176185,8_7,38.8,44.8,"Bāsmenj, Iran"
5107,-8.8,18.0,176164,15_2,-6.0,12.8,"Cafunfo, Angola"
5108,23.9,90.1,176153,10_14,26.0,89.6,"Atigram, Mānikganj, Dhaka Division, Bangladesh"
5109,-13.2,-74.2,176153,16_44,-12.4,281.6,"Ayacucho, Peru"
5110,31.0,73.1,176143,9_11,32.4,70.4,"Tandlianwala, Pakistan"
5111,52.4,-1.8,176123,5_55,58.0,352.0,"Solihull, Birmingham, United Kingdom"
5112,33.4,36.2,176115,8_5,38.8,32.0,"Dārayyā, Syria"
5113,47.5,19.2,176112,6_3,51.6,19.2,"Kőbánya, Hungary"
5114,6.1,-0.3,176109,13_56,6.8,358.4,"Koforidua, Ghana"
5115,31.5,74.5,176089,9_11,32.4,70.4,"Ghuvindi Khushal Singh, Manhala, Punjab, Pakistan"
5116,39.8,126.3,176048,7_19,45.2,121.6,"Tŏkch’ŏn, North Korea"
5117,-37.7,145.1,176042,19_22,-31.6,140.8,"Mill Park, Australia"
5118,26.1,32.2,176041,9_5,32.4,32.0,"Farshūţ, Egypt"
5119,29.1,71.3,175887,9_11,32.4,70.4,"Ahmadpur East, Pakistan"
5120,-7.4,108.1,175867,15_16,-6.0,102.4,"Cimaung, Indonesia"
5121,41.8,12.4,175866,7_1,45.2,6.4,"Acilia-Castel Fusano-Ostia Antica, Italy"
5122,-6.4,108.3,175719,15_16,-6.0,102.4,"Indramayu, Indonesia"
5123,27.7,30.9,175689,9_4,32.4,25.6,"Al Masarah, Mallawī, Minya, Egypt"
5124,6.7,9.2,175682,13_1,6.8,6.4,"Obudu, Nigeria"
5125,-5.9,22.5,175676,14_3,0.4,19.2,"Muamba Kadima, Kananga, Kasai-Central, Democratic Republic of the Congo"
5126,33.6,-7.7,175635,8_55,38.8,352.0,"Errahma, Casablanca, Morocco"
5127,30.9,74.1,175623,9_11,32.4,70.4,"Alahabad, Pakistan"
5128,20.8,105.9,175613,10_16,26.0,102.4,"Phú Xuyên, Vietnam"
5129,15.4,120.9,175550,11_18,19.6,115.2,"San Leonardo, Cabanatuan City, Philippines"
5130,23.0,90.2,175485,10_14,26.0,89.6,"Gaurnadi, Bangladesh"
5131,33.8,-84.3,175451,8_43,38.8,275.2,"Brookhaven, Atlanta, United States"
5132,14.2,33.0,175445,11_5,19.6,32.0,"Al Manāqil, Sudan"
5133,44.9,-0.6,175439,7_56,45.2,358.4,"Campillau, Bordeaux, New Aquitaine, France"
5134,-1.3,116.7,175385,14_18,0.4,115.2,"Lawe-lawe, Penajam, East Kalimantan, Indonesia"
5135,23.8,88.9,175357,10_13,26.0,83.2,"Hardi, Nowlamary, Khulna Division, Bangladesh"
5136,1.8,98.8,175351,13_15,6.8,96.0,"Sibolga, Indonesia"
5137,29.5,-98.7,175313,9_40,32.4,256.0,"Westover Hills, Leon Valley, Texas, United States"
5138,22.4,-83.7,175250,10_43,26.0,275.2,"Pinar del Río, Cuba"
5139,31.8,-106.3,175234,9_39,32.4,249.6,"Fort Bliss, United States"
5140,-26.1,28.5,175211,18_4,-25.2,25.6,"Ekurhuleni Ward 65, Etwatwa, Gauteng, South Africa"
5141,35.1,-106.7,175192,8_39,38.8,249.6,"Los Duranes, Albuquerque, New Mexico, United States"
5142,23.4,90.0,175156,10_14,26.0,89.6,"Bhanga Upazila, Bhanga, Dhaka Division, Bangladesh"
5143,31.1,46.2,175141,9_7,32.4,44.8,"Nasiriyah, Dhi Qar, Iraq (NW)"
5144,19.1,37.3,175122,11_5,19.6,32.0,"Suakin, Sudan"
5145,26.8,31.4,175121,9_4,32.4,25.6,"Nazlet al Ghurfa, Ţahţā, Sohag, Egypt"
5146,11.8,39.6,175103,12_6,13.2,38.4,"Weldiya, Ethiopia"
5147,5.6,7.0,175085,13_1,6.8,6.4,"Umunoha, Orodo, Imo State, Nigeria"
5148,48.5,35.1,175065,6_5,51.6,32.0,"Industrialnyi district, Dnipro, Dnipropetrovsk, Ukraine"
5149,13.7,-89.3,175046,11_42,19.6,268.8,"Santa Tecla, El Salvador"
5150,6.0,6.8,175025,13_1,6.8,6.4,"Orifite, Atani, Anambra, Nigeria"
5151,22.6,91.7,175001,10_14,26.0,89.6,"Hathazari Upazila, Bibir Hat, Chittagong, Bangladesh"
5152,36.6,53.1,174995,8_8,38.8,51.2,"Sari, Iran"
5153,34.5,73.0,174986,8_11,38.8,70.4,"Oghi, Pakistan"
5154,27.3,88.6,174967,9_13,32.4,83.2,"Gangtok, India"
5155,16.7,-93.1,174932,11_41,19.6,262.4,"Piedra Santa, Tuxtla, Chiapas, Mexico"
5156,46.4,48.1,174871,6_7,51.6,44.8,"Leninsky District, Astrakhan, Astrakhan Oblast, Russia"
5157,32.7,-97.3,174860,8_41,38.8,262.4,"Tarrant County, Fort Worth, Texas, United States"
5158,30.5,-97.8,174835,9_40,32.4,256.0,"Cedar Park, United States"
5159,39.6,27.9,174804,7_4,45.2,25.6,"Çayırhisar, Balıkesir, Turkey"
5160,31.8,35.3,174776,9_5,32.4,32.0,"East Jerusalem, Palestinian Territory"
5161,12.5,10.0,174773,12_1,13.2,6.4,"Hadejia, Nigeria"
5162,10.6,-67.0,174753,12_45,13.2,288.0,"Catia La Mar, Venezuela"
5163,39.3,125.9,174749,7_19,45.2,121.6,"Bonghak-dong, P’yŏngsŏng, North Korea"
5164,33.9,130.7,174725,8_20,38.8,128.0,"Miyaodai, Japan"
5165,12.9,-14.9,174710,12_53,13.2,339.2,"Kolda, Senegal"
5166,14.1,44.2,174672,11_6,19.6,38.4,"Al Makhādir, Yemen"
5167,24.5,90.6,174652,10_14,26.0,89.6,"Kharua, Gafargaon, Mymensingh Division, Bangladesh"
5168,5.8,36.6,174638,13_5,6.8,32.0,"Bako, Ethiopia"
5169,39.7,140.1,174595,7_21,45.2,134.4,"Akita, Japan"
5170,30.8,31.1,174510,9_4,32.4,25.6,"As Sanţah, Tanta, Egypt"
5171,51.9,4.6,174492,5_0,58.0,0.0,"Capelle aan den IJssel, The Netherlands"
5172,-7.1,107.7,174474,15_16,-6.0,102.4,"Mekarjaya, Paseh, West Java, Indonesia"
5173,42.8,-1.6,174441,7_56,45.2,358.4,"Badostáin, Pamplona, Navarre, Spain"
5174,6.6,2.7,174420,13_0,6.8,0.0,"Banigbé, Benin"
5175,0.7,101.6,174415,13_15,6.8,96.0,"R & D PT Arara Abadi, Indonesia"
5176,36.4,139.1,174356,8_21,38.8,134.4,"Maebashi, Japan"
5177,44.8,37.8,174323,7_5,45.2,32.0,"Gayduk, Novorossiysk, Russia"
5178,-29.2,26.2,174294,18_4,-25.2,25.6,"Mangaung Ward 18, Bloemfontein, Free State, South Africa"
5179,-7.7,112.0,174285,15_17,-6.0,108.8,"Gampengrejo, Indonesia"
5180,8.1,42.3,174141,12_6,13.2,38.4,"Nogob, Ethiopia"
5181,0.3,6.7,174140,14_1,0.4,6.4,"Folha Fede, Sao Tome and Principe"
5182,35.5,140.1,174093,8_21,38.8,134.4,"Ichihara, Japan"
5183,33.8,-6.1,173997,8_55,38.8,352.0,"Khemisset, Morocco"
5184,7.8,5.5,173992,12_0,13.2,0.0,"Ikole-Ekiti, Nigeria"
5185,23.4,90.2,173940,10_14,26.0,89.6,"Mathbarer Char, Char Bhadrāsan, Dhaka Division, Bangladesh"
5186,16.0,120.5,173916,11_18,19.6,115.2,"Oraan East, Manaoag, Ilocos, Philippines"
5187,23.2,91.0,173901,10_14,26.0,89.6,"Khila, Lākshām, Chittagong, Bangladesh"
5188,35.8,7.4,173900,8_1,38.8,6.4,"Aïn Beïda, Algeria"
5189,36.3,6.7,173889,8_1,38.8,6.4,"El Khroub, Constantine, Algeria"
5190,5.9,-1.0,173820,13_56,6.8,358.4,"Akim Oda, Ghana"
5191,1.3,34.3,173773,13_5,6.8,32.0,"Bulambuli, Sironko, Uganda"
5192,19.8,-99.0,173724,10_40,26.0,256.0,"Tizayuca, Mexico"
5193,32.9,-97.3,173719,8_41,38.8,262.4,"Keller, United States"
5194,-11.4,34.0,173683,15_5,-6.0,32.0,"Mzuzu, Malawi"
5195,17.1,54.1,173662,11_8,19.6,51.2,"Şalālah, Oman"
5196,17.0,54.1,173662,11_8,19.6,51.2,"Hayy ash Shati, Şalālah, Oman"
5197,10.8,122.5,173648,12_19,13.2,121.6,"Santa Barbara, Philippines"
5198,25.9,89.2,173595,10_13,26.0,83.2,"Kolkonda, Rangpur, Rangpur Division, Bangladesh"
5199,-8.6,116.4,173543,15_18,-6.0,115.2,"Mujur, Indonesia"
5200,37.8,127.1,173540,8_19,38.8,121.6,"Samsung-dong, Uijeongbu-si, Gyeonggi-do, South Korea"
5201,6.3,6.2,173522,13_0,6.8,0.0,"Oligie, Agbor, Delta, Nigeria"
5202,34.8,36.7,173522,8_5,38.8,32.0,"Tallbīsah, Homs, Syria"
5203,23.3,91.1,173510,10_14,26.0,89.6,"Laksam, Lākshām, Chittagong, Bangladesh"
5204,24.8,88.1,173492,10_13,26.0,83.2,"Kaliachak - III, Shibganj, Rajshahi Division, Bangladesh"
5205,29.0,31.1,173489,9_4,32.4,25.6,"Banī Suwayf al Jadīdah, Banī Suwayf, Egypt"
5206,39.1,-84.5,173488,7_43,45.2,275.2,"Cincinnati, United States"
5207,20.3,106.0,173464,10_16,26.0,102.4,"Yên Phong, Ninh Bình, Ninh Binh, Vietnam"
5208,40.5,-3.9,173444,7_55,45.2,352.0,"Las Rozas de Madrid, Spain"
5209,14.1,6.0,173399,11_0,19.6,0.0,"Madaoua, Niger"
5210,12.7,108.0,173342,12_16,13.2,102.4,"Thôn 3, Buôn Ma Thuột, Dak Lak, Vietnam"
5211,41.2,-8.7,173240,7_54,45.2,345.6,"Aldoar, Portugal"
5212,-6.6,108.4,173240,15_16,-6.0,102.4,"Prajawinangun Kulon, Arjawinangun, West Java, Indonesia"
5213,36.6,138.2,173224,8_21,38.8,134.4,"Nagano, Japan"
5214,5.0,7.7,173187,13_1,6.8,6.4,"Utu Etim Ekpo, Abak, Nigeria"
5215,5.5,-0.7,173179,13_56,6.8,358.4,"Swedru, Ghana"
5216,31.2,31.8,173173,9_4,32.4,25.6,"Al Jammālīyah, Egypt"
5217,45.5,-122.8,173146,6_37,51.6,236.8,"Beaverton, United States"
5218,54.9,-1.4,173146,5_56,58.0,358.4,"Sunderland, United Kingdom"
5219,32.3,35.9,173145,9_5,32.4,32.0,"Jarash, Jordan"
5220,24.0,88.9,173133,10_13,26.0,83.2,"Doulatpur, Bherāmāra, Khulna Division, Bangladesh"
5221,41.0,14.3,173124,7_2,45.2,12.8,"Marcianise, Italy"
5222,23.9,91.1,173080,10_14,26.0,89.6,"Radhika, Brāhmanbāria, Chittagong, Bangladesh"
5223,55.7,38.0,173074,5_5,58.0,32.0,"Lyubertsy, Russia"
5224,-6.6,107.8,172993,15_16,-6.0,102.4,"Wanareja, Subang, West Java, Indonesia"
5225,13.1,123.7,172944,12_19,13.2,121.6,"Legaspi, Philippines"
5226,35.0,-5.9,172944,8_55,38.8,352.0,"Ksar El Kebir, Morocco"
5227,30.0,-90.1,172921,9_42,32.4,268.8,"Lakeview, New Orleans, Louisiana, United States"
5228,17.0,36.4,172865,11_5,19.6,32.0,"Sinkat District, Sudan"
5229,-2.9,104.8,172841,14_16,0.4,102.4,"Kenten Laut, Palembang, South Sumatra, Indonesia"
5230,17.6,121.7,172826,11_19,19.6,121.6,"Tuguegarao, Philippines"
5231,-8.0,-79.1,172797,15_43,-6.0,275.2,"Huanchaco, Huanchaquito Alto, Peru"
5232,32.7,51.5,172762,8_8,38.8,51.2,"Khomeynī Shahr, Iran"
5233,30.1,70.7,172700,9_11,32.4,70.4,"Dera Ghazi Khan, Punjab, Pakistan"
5234,22.8,90.9,172688,10_14,26.0,89.6,"Torabganj, Lakshmīpur, Chittagong, Bangladesh"
5235,11.1,106.6,172648,12_16,13.2,102.4,"Bến Cát, Vietnam"
5236,35.2,62.3,172646,8_9,38.8,57.6,"Serhetabat, Turkmenistan"
5237,32.9,13.3,172645,8_2,38.8,12.8,"Tājūrā’, Tripoli, Libya"
5238,36.7,57.4,172643,8_8,38.8,51.2,"Neqāb, Iran"
5239,31.1,31.7,172553,9_4,32.4,25.6,"Minyat an Naşr, Egypt"
5240,1.0,34.2,172550,13_5,6.8,32.0,"Manafwa, Mbale, Uganda"
5241,6.5,80.0,172528,13_12,6.8,76.8,"Beruwala, Sri Lanka"
5242,15.1,-23.6,172515,11_52,19.6,332.8,"Santa Cruz, Cabo Verde"
5243,38.1,46.4,172451,8_7,38.8,44.8,"Karkaj, Tabriz, Iran"
5244,48.8,44.6,172438,6_6,51.6,38.4,"Vodstroy, Gorodishche, Russia"
5245,53.5,49.4,172418,5_7,58.0,44.8,"Central District, Tolyatti, Samara Oblast, Russia"
5246,27.4,30.9,172373,9_4,32.4,25.6,"Um el Qusur, Al Qūşīyah, Asyut, Egypt"
5247,-7.8,111.5,172288,15_17,-6.0,108.8,"Purwosari, Ponorogo, East Java, Indonesia"
5248,30.9,31.6,172243,9_4,32.4,25.6,"Timayy al Imdīd, Dakahlia, Egypt"
5249,10.9,108.1,172234,12_16,13.2,102.4,"Phan Thiết, Vietnam"
5250,26.9,31.3,172210,9_4,32.4,25.6,"Al Ghanāyim, Egypt"
5251,53.0,-1.1,172203,5_56,58.0,358.4,"Lambley, Nottingham, England, United Kingdom"
5252,31.0,30.8,172180,9_4,32.4,25.6,"Kafr Abu Naim, Basyūn, Gharbia, Egypt"
5253,6.7,80.0,172162,13_12,6.8,76.8,"Horana South, Sri Lanka"
5254,31.8,34.7,172161,9_5,32.4,32.0,"Ashdod, Israel"
5255,40.7,14.5,172113,7_2,45.2,12.8,"Castellammare di Stabia, Italy"
5256,20.7,106.1,172107,10_16,26.0,102.4,"Vương, Hưng Yên, Hưng Yên Province, Vietnam"
5257,5.1,7.7,172106,13_1,6.8,6.4,"Afaha Ikot Ebak, Ikot Ekpene, Nigeria"
5258,35.6,140.2,172087,8_21,38.8,134.4,"Wakaba Ward, Chiba, Japan"
5259,-7.3,110.1,172042,15_17,-6.0,108.8,"Tumpek, Temanggung, Central Java, Indonesia"
5260,40.6,-111.9,172039,7_38,45.2,243.2,"Midvale, West Jordan, Utah, United States"
5261,26.8,85.7,172036,9_13,32.4,83.2,"Malaṅgawā, Nepal"
5262,29.2,30.7,172019,9_4,32.4,25.6,"Minshat Feisal, Iţsā, Faiyum, Egypt"
5263,38.3,-0.7,171921,8_56,38.8,358.4,"Elche, Spain"
5264,25.3,89.4,171901,10_13,26.0,83.2,"Mahadipur, Gaibandha, Rangpur Division, Bangladesh"
5265,49.8,30.1,171894,6_4,51.6,25.6,"Bila Tserkva, Ukraine"
5266,33.0,-7.6,171893,8_55,38.8,352.0,"Settat, Morocco"
5267,7.1,80.1,171889,12_12,13.2,76.8,"Mathalana, Gampaha, Western Province, Sri Lanka"
5268,-7.6,110.6,171889,15_17,-6.0,108.8,"Karangduren, Boyolali, Central Java, Indonesia"
5269,43.0,141.5,171872,7_22,45.2,140.8,"Kitahiroshima, Japan"
5270,18.3,36.4,171816,11_5,19.6,32.0,"Hayya, Sinkat District, Sudan"
5271,38.4,34.0,171793,8_5,38.8,32.0,"Aksaray, Turkey"
5272,39.7,66.7,171788,7_10,45.2,64.0,"Juma Shahri, Uzbekistan"
5273,7.3,37.9,171786,12_5,13.2,32.0,"Durame, Duramē, Central Ethiopia Regional State, Ethiopia"
5274,7.2,35.4,171775,12_5,13.2,32.0,"Tēpī, Ethiopia"
5275,14.8,120.5,171772,11_18,19.6,115.2,"Orani, Philippines"
5276,8.0,98.3,171766,12_15,13.2,96.0,"Ban Kamala, Thailand"
5277,28.5,81.1,171758,9_12,32.4,76.8,"Ṭikāpur, Nepal"
5278,-8.5,115.1,171755,15_17,-6.0,108.8,"Tabanan, Indonesia"
5279,-23.4,-46.8,171752,17_48,-18.8,307.2,"Jaraguá, Brazil"
5280,23.1,-109.7,171735,10_39,26.0,249.6,"San José del Cabo, Mexico"
5281,36.5,46.2,171710,8_7,38.8,44.8,"Būkān, Iran"
5282,36.4,140.5,171699,8_21,38.8,134.4,"Mito, Japan"
5283,38.3,48.3,171699,8_7,38.8,44.8,"Ardabil city, Ardabīl, Ardabil Province, Iran (N)"
5284,34.0,-118.0,171623,8_37,38.8,236.8,"Whittier, United States"
5285,13.3,-16.6,171588,11_53,19.6,339.2,"Kaimbujae Nding, Brikama, Western, Gambia"
5286,14.8,100.7,171572,11_15,19.6,96.0,"Tha Sala, Lop Buri, Lopburi, Thailand"
5287,35.1,126.8,171552,8_19,38.8,121.6,"Songdae-dong, Masan, Gwangju, South Korea"
5288,-29.2,26.3,171537,18_4,-25.2,25.6,"Mangaung Ward 46, Bloemfontein, Free State, South Africa"
5289,30.3,71.5,171490,9_11,32.4,70.4,"Nilwala, Multan, Punjab, Pakistan"
5290,50.8,19.1,171438,6_2,51.6,12.8,"Częstochowa, Poland"
5291,54.9,23.9,171339,5_3,58.0,19.2,"Kaunas, Lithuania"
5292,55.8,-4.2,171336,5_55,58.0,352.0,"East Kilbride, Glasgow, United Kingdom"
5293,15.8,38.5,171317,11_6,19.6,38.4,"Keren, Eritrea"
5294,8.9,-79.7,171299,12_43,13.2,275.2,"Arraiján, Panama"
5295,33.5,44.5,171299,8_6,38.8,38.4,"Karim al Hamzah, Sadr City, Baghdad, Iraq"
5296,34.9,72.0,171296,8_11,38.8,70.4,"Kakad Wari Dir Upper, Pakistan"
5297,51.4,7.0,171255,6_1,51.6,6.4,"Bredeney, Essen, North Rhine-Westphalia, Germany"
5298,-4.4,26.7,171196,14_4,0.4,25.6,"Kasongo, Democratic Republic of the Congo"
5299,48.2,16.5,171191,6_2,51.6,12.8,"Donaustadt, Vienna, Austria"
5300,2.4,-76.6,171170,13_44,6.8,281.6,"Buenavista, Popayán, Cauca Department, Colombia"
5301,23.3,91.0,171139,10_14,26.0,89.6,"Ekbaria, Lākshām, Chittagong, Bangladesh"
5302,31.4,72.9,171080,9_11,32.4,70.4,"Chak 38JB Dagora, Faisalabad, Punjab, Pakistan"
5303,14.9,120.2,171064,11_18,19.6,115.2,"Subic, Philippines"
5304,41.3,-72.9,171046,7_44,45.2,281.6,"New Haven, United States"
5305,28.0,-82.5,171038,9_43,32.4,275.2,"Tampa, United States"
5306,5.8,-6.6,170984,13_55,6.8,352.0,"Soubré, Ivory Coast"
5307,-5.3,105.2,170975,14_16,0.4,102.4,"Natar, Indonesia"
5308,40.8,14.4,170954,7_2,45.2,12.8,"Torre del Greco, Italy"
5309,24.6,90.6,170933,10_14,26.0,89.6,"Boirati, Gafargaon, Mymensingh Division, Bangladesh"
5310,-7.8,112.7,170918,15_17,-6.0,108.8,"Lawang, Indonesia"
5311,43.8,11.3,170690,7_1,45.2,6.4,"Il Bargellino, Florence, Tuscany, Italy"
5312,41.6,60.6,170663,7_9,45.2,57.6,"Urganch, Uzbekistan"
5313,46.8,-71.2,170659,6_45,51.6,288.0,"Saint-David-de-L'Auberivière, Québec, Quebec, Canada"
5314,51.5,0.2,170638,6_0,51.6,0.0,"London Borough of Havering, Bexley, England, United Kingdom"
5315,26.5,-80.1,170627,9_43,32.4,275.2,"Boynton Beach, United States"
5316,20.5,106.3,170620,10_16,26.0,102.4,"Thái Bình, Hưng Yên Province, Vietnam (N)"
5317,-34.4,-58.6,170615,19_47,-31.6,300.8,"General Pacheco, Buenos Aires, Argentina"
5318,41.9,-87.9,170610,7_42,45.2,268.8,"Elmhurst, United States"
5319,30.1,-95.5,170566,9_41,32.4,262.4,"Avonak, The Woodlands, Texas, United States"
5320,25.7,-100.5,170540,10_40,26.0,256.0,"Santa Catarina, Nuevo León, Mexico"
5321,32.8,13.3,170524,8_2,38.8,12.8,"Tājūrā’, Libya"
5322,28.2,69.2,170492,9_10,32.4,64.0,"Kandhkot, Pakistan"
5323,-33.6,-70.8,170492,19_45,-31.6,288.0,"Peñaflor, Maipú, Chile"
5324,34.3,-118.4,170475,8_37,38.8,236.8,"Lopez/Kagel Canyons, Sylmar, California, United States"
5325,24.9,89.2,170459,10_13,26.0,83.2,"Dupchachia, Mahasthangarh, Rajshahi Division, Bangladesh"
5326,-8.2,112.6,170407,15_17,-6.0,108.8,"Gongdanglegi Kulon, Indonesia"
5327,15.5,6.3,170356,11_0,19.6,0.0,"Abalak, Niger"
5328,25.6,89.5,170306,10_13,26.0,83.2,"Tarapur, Paotana Hat, Rangpur Division, Bangladesh"
5329,-10.2,-48.3,170305,15_48,-6.0,307.2,"Palmas, Tocantins, Brazil"
5330,24.7,89.9,170298,10_14,26.0,89.6,"Paiska, Sarishābāri, Mymensingh Division, Bangladesh"
5331,31.1,30.8,170236,9_4,32.4,25.6,"Qillīn, Kafr el-Sheikh, Egypt (NW)"
5332,-16.1,33.7,170228,16_5,-12.4,32.0,"Moatize, Mozambique"
5333,37.4,-122.0,170225,8_37,38.8,236.8,"Sunnyvale, San Jose, United States"
5334,34.0,72.1,170224,8_11,38.8,70.4,"Akora Khattak, Pakistan"
5335,7.1,40.0,170211,12_6,13.2,38.4,"Bale Robe, Ethiopia"
5336,-9.9,-76.2,170144,15_44,-6.0,281.6,"Huánuco, Peru"
5337,31.8,35.1,170099,9_5,32.4,32.0,"Mevasseret Tsiyyon, Israel"
5338,-6.9,108.8,170099,15_17,-6.0,108.8,"Dukuhsalam, Ketanggungan, Central Java, Indonesia"
5339,32.7,-97.4,170071,8_41,38.8,262.4,"Tarrant County, Fort Worth, Texas, United States (W)"
5340,32.0,34.9,170066,9_5,32.4,32.0,"Lod, Central District, Israel"
5341,-3.5,102.5,170059,14_16,0.4,102.4,"Curup, Indonesia"
5342,-36.8,174.7,169924,19_27,-31.6,172.8,"Verrans Corner, Auckland, New Zealand"
5343,37.9,23.8,169908,8_3,38.8,19.2,"Glyfáda, Greece"
5344,40.2,-3.8,169874,7_55,45.2,352.0,"Parla, Spain"
5345,29.9,-95.7,169821,9_41,32.4,262.4,"Cypress, United States"
5346,53.4,-1.4,169816,5_56,58.0,358.4,"Tinsley, Sheffield, England, United Kingdom"
5347,36.6,3.1,169812,8_0,38.8,0.0,"Baraki, Algeria"
5348,36.7,127.5,169808,8_19,38.8,121.6,"Oepyeong-dong, Cheongju-si, North Chungcheong, South Korea"
5349,-7.0,111.4,169742,15_17,-6.0,108.8,"Badong, Indonesia"
5350,32.7,-96.9,169738,8_41,38.8,262.4,"Duncanville, Grand Prairie, United States"
5351,39.0,-77.4,169734,7_44,45.2,281.6,"Reston, United States"
5352,24.5,89.9,169732,10_14,26.0,89.6,"Gopalpur, Sirajganj, Rajshahi Division, Bangladesh"
5353,27.0,85.0,169716,9_13,32.4,83.2,"Kalaiya-11, Birgañj, Madhesh, Nepal"
5354,-27.6,153.1,169708,18_23,-25.2,147.2,"Kuraby, Sunnybank Hills, Queensland, Australia"
5355,13.1,32.7,169707,12_5,13.2,32.0,"Umm Hani, Kosti, White Nile, Sudan"
5356,51.0,11.0,169695,6_1,51.6,6.4,"Erfurt, Germany"
5357,-7.5,110.9,169675,15_17,-6.0,108.8,"Waru, Jaten, Surakarta, Central Java, Indonesia"
5358,-23.5,-47.4,169644,17_48,-18.8,307.2,"Caputera, Sorocaba, São Paulo, Brazil"
5359,25.0,89.8,169641,10_14,26.0,89.6,"Kulia, Jamālpur, Mymensingh Division, Bangladesh"
5360,29.4,52.8,169620,9_8,32.4,51.2,"Akbarābād, Iran"
5361,-8.4,114.2,169580,15_17,-6.0,108.8,"Genteng, Indonesia"
5362,49.0,2.1,169565,6_0,51.6,0.0,"Cergy-Pontoise, France"
5363,20.2,106.3,169548,10_16,26.0,102.4,"Yên Định, Vietnam"
5364,28.6,-81.3,169544,9_43,32.4,275.2,"Winter Park, Orlando, United States"
5365,28.0,30.7,169482,9_4,32.4,25.6,"Demshaw Hashim, Banī ‘Ubayd, Minya, Egypt"
5366,31.1,30.2,169468,9_4,32.4,25.6,"Qumbaniyat Luqin, Kafr ad Dawwār, Beheira, Egypt"
5367,30.6,47.7,169356,9_7,32.4,44.8,"Al Hārithah, Iraq"
5368,41.8,12.5,169352,7_1,45.2,6.4,"Spinaceto, Rome, Italy"
5369,10.6,123.0,169330,12_19,13.2,121.6,"Mansilingan, Philippines"
5370,9.3,105.7,169305,12_16,13.2,102.4,"Bạc Liêu, Vietnam"
5371,30.8,31.8,169297,9_4,32.4,25.6,"El-Ghazaly, Fāqūs, Sharqia, Egypt"
5372,42.6,-5.6,169293,7_55,45.2,352.0,"León, Spain"
5373,39.8,37.0,169285,7_5,45.2,32.0,"Akdeğirmen Mahallesi, Sivas, Turkey"
5374,-23.0,-47.0,169208,17_48,-18.8,307.2,"Valinhos, Brazil"
5375,14.5,43.3,169188,11_6,19.6,38.4,"Bayt al Faqīh, Yemen"
5376,14.2,104.4,169155,11_16,19.6,102.4,"Trapeang Prasat, Ŏtâr Méanchey, Cambodia (NE)"
5377,39.5,-0.3,169149,7_56,45.2,358.4,"Port Saplatja, Valencia, Spain"
5378,9.8,11.3,169115,12_1,13.2,6.4,"Kaltungo, Nigeria"
5379,26.0,32.8,169114,10_5,26.0,32.0,"Qifţ, Egypt"
5380,19.8,-90.5,169111,10_42,26.0,268.8,"Campeche, Mexico"
5381,27.8,69.1,169080,9_10,32.4,64.0,"Pano Aqil, Pakistan"
5382,-27.6,-48.5,169046,18_48,-25.2,307.2,"Córrego Grande, Florianópolis, Santa Catarina, Brazil"
5383,36.5,136.6,169017,8_21,38.8,134.4,"Matsutō, Kanazawa, Japan"
5384,35.3,59.2,168994,8_9,38.8,57.6,"Torbat-e Ḩeydarīyeh, Iran"
5385,31.6,65.8,168964,9_10,32.4,64.0,"5th District, Kandahār, Kandahar, Afghanistan"
5386,42.1,-88.0,168953,7_42,45.2,268.8,"Arlington Heights, United States"
5387,43.1,5.9,168849,7_0,45.2,0.0,"Toulon, France"
5388,32.2,44.4,168826,9_6,32.4,38.4,"Kufa, Iraq"
5389,14.1,121.2,168821,11_18,19.6,115.2,"Santa Elena, Tanauan, Calabarzon, Philippines"
5390,32.6,71.5,168760,8_11,38.8,70.4,"Mianwali, Pakistan"
5391,53.9,30.4,168721,5_4,58.0,25.6,"Mogilev District, Mahilyow, Mogilev, Belarus"
5392,34.5,72.5,168701,8_11,38.8,70.4,"Zaga Kalay, Daggar, Khyber Pakhtunkhwa, Pakistan"
5393,6.9,38.6,168674,12_6,13.2,38.4,"Gorche, Leku, Sidama Region, Ethiopia"
5394,34.6,72.0,168589,8_11,38.8,70.4,"Thana Baizai Tehsil, Bat Khela, Khyber Pakhtunkhwa, Pakistan"
5395,-5.2,-37.3,168553,14_50,0.4,320.0,"Mossoró, Brazil"
5396,36.1,4.8,168531,8_0,38.8,0.0,"Bordj Bou Arreridj, Algeria"
5397,33.0,-96.7,168524,8_41,38.8,262.4,"Plano, United States"
5398,43.0,-81.2,168502,7_43,45.2,275.2,"London, Ontario, Canada"
5399,56.9,53.2,168496,5_8,58.0,51.2,"Izhevsk, Udmurtiya Republic, Russia (N)"
5400,33.3,-7.6,168474,8_55,38.8,352.0,"Berrechid, Morocco"
5401,14.2,121.0,168463,11_18,19.6,115.2,"Pooc II, Silang, Calabarzon, Philippines"
5402,30.4,72.4,168450,9_11,32.4,70.4,"Chak 124/15 L, Mian Channun, Punjab, Pakistan"
5403,24.2,55.8,168428,10_8,26.0,51.2,"Al Sarooj, Al Ain City, Abu Dhabi, United Arab Emirates"
5404,6.4,-10.7,168411,13_54,6.8,345.6,"Bensonville, Liberia"
5405,55.1,83.0,168328,5_12,58.0,76.8,"Sadovyy, Novosibirsk, Novosibirsk Oblast, Russia (E)"
5406,40.7,72.1,168298,7_11,45.2,70.4,"Shahrixon, Uzbekistan"
5407,-37.9,145.2,168292,19_22,-31.6,140.8,"Glen Waverley, Australia"
5408,23.8,90.1,168255,10_14,26.0,89.6,"Singair, Mānikganj, Bangladesh"
5409,28.7,70.7,168235,9_11,32.4,70.4,"Khanpur, Punjab, Pakistan"
5410,25.0,91.7,168203,10_14,26.0,89.6,"Chhātak, Bangladesh"
5411,47.1,37.6,168200,6_5,51.6,32.0,"Pravyi Bereh, Ukraine"
5412,10.1,-69.4,168180,12_45,13.2,288.0,"Los Camagos, Barquisimeto, Lara, Venezuela"
5413,8.8,-75.9,168175,12_44,13.2,281.6,"El Vidrial, Montería, Córdoba, Colombia"
5414,-38.0,145.3,168147,20_22,-38.0,140.8,"Berwick, Australia"
5415,32.9,72.4,168146,8_11,38.8,70.4,"Talagang, Pakistan"
5416,14.6,-90.7,168135,11_42,19.6,268.8,"Antigua Guatemala, Mixco, Guatemala"
5417,31.5,73.4,168083,9_11,32.4,70.4,"Atti, Shahkot, Punjab, Pakistan"
5418,36.9,6.8,168061,8_1,38.8,6.4,"Ain Zouit, Skikda, Algeria"
5419,36.9,6.9,168061,8_1,38.8,6.4,"Skikda District, Skikda, Algeria"
5420,41.0,-73.8,168059,7_44,45.2,281.6,"Greenburgh, United States"
5421,43.2,-79.8,168047,7_43,45.2,275.2,"Albion, Hamilton, Ontario, Canada"
5422,-7.7,113.0,168004,15_17,-6.0,108.8,"Gejug Jati, Pasuruan, East Java, Indonesia"
5423,23.1,91.3,167978,10_14,26.0,89.6,"Chauddagram Upazila, Feni, Chittagong, Bangladesh"
5424,9.9,13.9,167974,12_2,13.2,12.8,"Guider, Cameroon"
5425,16.9,96.3,167968,11_15,19.6,96.0,"Tha Yet Pin Chaung, Myanmar"
5426,-2.6,33.0,167953,14_5,0.4,32.0,"Kisesa, Tanzania"
5427,35.9,50.9,167912,8_7,38.8,44.8,"Kamālshahr, Karaj, Alborz Province, Iran"
5428,23.2,90.9,167901,10_14,26.0,89.6,"Gandharabpur, Hājīganj, Chittagong, Bangladesh"
5429,45.0,41.1,167879,7_6,45.2,38.4,"Armavir, Russia"
5430,21.1,-86.9,167838,10_42,26.0,268.8,"Alfredo V. Bonfil, Cancún, Mexico"
5431,-1.5,28.9,167812,14_4,0.4,25.6,"Bihambwe, Sake, North Kivu, Democratic Republic of the Congo"
5432,51.5,7.4,167758,6_1,51.6,6.4,"Dorstfeld, Dortmund, North Rhine-Westphalia, Germany"
5433,-3.8,32.6,167725,14_5,0.4,32.0,"Kahama, Tanzania"
5434,-20.9,55.5,167705,17_8,-18.8,51.2,"Saint-Denis, Reunion"
5435,6.5,3.6,167652,13_0,6.8,0.0,"Ikorodu, Nigeria"
5436,-7.4,108.3,167651,15_16,-6.0,102.4,"Lengkong, Indonesia"
5437,12.2,8.2,167615,12_1,13.2,6.4,"Bichi, Nigeria"
5438,-8.2,113.2,167576,15_17,-6.0,108.8,"Krajan, Indonesia"
5439,50.3,18.8,167499,6_2,51.6,12.8,"Zabrze, Poland"
5440,40.0,32.7,167475,7_5,45.2,32.0,"Batikent, Turkey"
5441,-7.4,112.5,167383,15_17,-6.0,108.8,"Kedunganyar, Krian, East Java, Indonesia"
5442,17.0,43.7,167350,11_6,19.6,38.4,"Khulaydah, Sa'dah, Yemen"
5443,51.3,6.8,167350,6_1,51.6,6.4,"Ratingen, Düsseldorf, Germany"
5444,23.9,90.8,167340,10_14,26.0,89.6,"Narsingdi Sadar Upazila, Narsingdi, Dhaka Division, Bangladesh"
5445,31.0,30.4,167303,9_4,32.4,25.6,"Damanhur, Beheira, Egypt"
5446,22.9,90.9,167288,10_14,26.0,89.6,"Tewariganj, Lakshmīpur, Chittagong, Bangladesh"
5447,18.8,95.2,167251,11_14,19.6,89.6,"Pyay, Myanmar"
5448,57.9,60.0,167225,5_9,58.0,57.6,"Nizhny Tagil, Russia"
5449,35.2,137.1,167173,8_21,38.8,134.4,"Seto, Japan"
5450,6.9,1.7,167169,12_0,13.2,0.0,"Aplahoué, Benin"
5451,-6.3,106.2,167161,15_16,-6.0,102.4,"Karangtanjung, Rangkasbitung, Indonesia"
5452,31.8,-106.5,167129,9_39,32.4,249.6,"El Paso, United States"
5453,52.0,4.3,167069,5_0,58.0,0.0,"Delft, The Hague, The Netherlands"
5454,40.6,-75.5,167005,7_44,45.2,281.6,"Allentown, United States"
5455,51.0,7.1,166987,6_1,51.6,6.4,"Bergisch Gladbach, Germany"
5456,9.1,18.4,166968,12_2,13.2,12.8,"Sarh, Chad"
5457,11.8,8.8,166925,12_1,13.2,6.4,"Wudil, Nigeria"
5458,51.4,6.8,166924,6_1,51.6,6.4,"Wedau, Duisburg, North Rhine-Westphalia, Germany"
5459,25.1,89.5,166922,10_13,26.0,83.2,"Shalmara, Shibganj, Rajshahi Division, Bangladesh"
5460,60.1,30.4,166916,4_4,64.4,25.6,"Parnas, Russia"
5461,31.3,-110.9,166894,9_38,32.4,243.2,"Nogales, Mexico"
5462,6.9,-6.4,166892,12_55,13.2,352.0,"Dérahouan, Daloa, Sassandra-Marahoue, Ivory Coast"
5463,34.9,137.2,166776,8_21,38.8,134.4,"Okazaki, Aichi, Japan"
5464,-8.5,114.3,166768,15_17,-6.0,108.8,"Wringinanom Satu, Muncar, Indonesia"
5465,40.0,-0.0,166754,7_0,45.2,0.0,"Castelló de la Plana, Spain"
5466,4.7,8.0,166701,13_1,6.8,6.4,"Uquo, Eket, Nigeria"
5467,31.1,31.2,166641,9_4,32.4,25.6,"Biala, Biyalā, Kafr el-Sheikh, Egypt"
5468,50.4,-4.1,166635,6_55,51.6,352.0,"Plymouth, United Kingdom"
5469,41.1,14.3,166624,7_2,45.2,12.8,"Caserta, Italy"
5470,-37.8,145.2,166600,19_22,-31.6,140.8,"Doncaster East, Australia"
5471,28.6,70.7,166570,9_11,32.4,70.4,"Khanpur, Punjab, Pakistan (S)"
5472,23.6,90.7,166570,10_14,26.0,89.6,"Daudkandi, Sonārgaon, Dhaka Division, Bangladesh"
5473,-18.9,-48.2,166527,17_48,-18.8,307.2,"Portal do Vale, Uberlândia, Minas Gerais, Brazil"
5474,-22.7,-47.4,166497,17_48,-18.8,307.2,"Santa Bárbara d'Oeste, Brazil"
5475,-7.8,113.4,166473,15_17,-6.0,108.8,"Kraksaan, Indonesia"
5476,5.1,6.6,166445,13_1,6.8,6.4,"Ahoada, Nigeria"
5477,3.1,43.6,166428,13_6,6.8,38.4,"Shagow, Baidoa, Bay, Somalia"
5478,39.1,63.6,166334,7_9,45.2,57.6,"Türkmenabat, Turkmenistan"
5479,36.8,-119.7,166293,8_37,38.8,236.8,"Clovis, Fresno, United States"
5480,24.5,88.6,166275,10_13,26.0,83.2,"Mohanpur, Rajshahi, Rajshahi Division, Bangladesh"
5481,14.9,121.1,166266,11_18,19.6,115.2,"Norzagaray, Philippines"
5482,15.3,35.6,166264,11_5,19.6,32.0,"New Halfa, Sudan"
5483,36.8,2.9,166256,8_0,38.8,0.0,"’Aïn Benian, Algeria"
5484,21.8,39.1,166247,10_6,26.0,38.4,"الصواري, السعودية"
5485,22.1,95.1,166098,10_14,26.0,89.6,"Aung Chan Si, Monywa, Sagaing Region, Myanmar"
5486,40.6,-112.0,166083,7_38,45.2,243.2,"Salt Lake County, West Jordan, Utah, United States"
5487,24.8,89.5,166058,10_13,26.0,83.2,"Kolakopa, Bogra, Rajshahi Division, Bangladesh"
5488,-2.9,32.2,166044,14_5,0.4,32.0,"Geita, Tanzania"
5489,40.6,-74.2,166030,7_44,45.2,281.6,"Staten Island, United States"
5490,-25.7,28.1,165960,18_4,-25.2,25.6,"Tshwane Ward 55, Pretoria, Gauteng, South Africa"
5491,19.4,-70.5,165931,11_45,19.6,288.0,"Moca, Dominican Republic"
5492,39.7,27.9,165898,7_4,45.2,25.6,"Üçpınar, Balıkesir, Turkey"
5493,6.2,6.2,165886,13_0,6.8,0.0,"Owa-Alero, Agbor, Delta, Nigeria"
5494,-7.2,107.8,165811,15_16,-6.0,102.4,"Bunisakit, Indonesia"
5495,23.8,89.6,165771,10_14,26.0,89.6,"Pangsha Upazila, Bangladesh"
5496,33.9,-84.2,165764,8_43,38.8,275.2,"Gwinnett County, Tucker, Georgia, United States"
5497,-13.4,-76.1,165749,16_44,-12.4,281.6,"Chincha Alta, Peru"
5498,-10.7,35.6,165737,15_5,-6.0,32.0,"Songea, Tanzania"
5499,52.5,13.2,165737,5_2,58.0,12.8,"Charlottenburg, Germany"
5500,39.4,-76.6,165716,7_44,45.2,281.6,"Towson, United States"
5501,14.0,32.3,165615,11_5,19.6,32.0,"Ad Douiem, Sudan"
5502,53.6,-2.4,165613,5_55,58.0,352.0,"Bolton, United Kingdom"
5503,24.2,89.0,165608,10_13,26.0,83.2,"Lalpur, Ishwardi, Rajshahi Division, Bangladesh (E)"
5504,20.5,105.9,165591,10_16,26.0,102.4,"Phủ Lý, Vietnam"
5505,-7.6,109.5,165579,15_17,-6.0,108.8,"Gombong, Indonesia"
5506,40.8,14.5,165579,7_2,45.2,12.8,"Scafati, Italy"
5507,5.2,-72.8,165559,13_44,6.8,281.6,"Chámeza, Colombia"
5508,-7.6,109.2,165557,15_17,-6.0,108.8,"Kroya, Indonesia"
5509,21.3,105.6,165463,10_16,26.0,102.4,"Vĩnh Yên, Vietnam"
5510,14.1,44.1,165431,11_6,19.6,38.4,"Z̧almah al ‘Ulyā, Yemen"
5511,40.7,46.4,165392,7_7,45.2,44.8,"Natəvan, Ganja, Gǝncǝ, Azerbaijan"
5512,31.5,31.7,165367,9_4,32.4,25.6,"Dumyāţ al Jadīdah, Damietta, Egypt (NE)"
5513,38.7,-90.3,165361,8_42,38.8,268.8,"Saint Johns, United States"
5514,-33.1,-71.4,165318,19_45,-31.6,288.0,"Provincia de Marga Marga, Quilpué, Valparaiso, Chile"
5515,24.9,90.4,165299,10_14,26.0,89.6,"Kakni, Mymensingh, Mymensingh Division, Bangladesh"
5516,-26.6,27.8,165292,18_4,-25.2,25.6,"Johandeo AH, Evaton, Gauteng, South Africa"
5517,12.2,109.2,165283,12_17,13.2,108.8,"Nha Trang, Vietnam"
5518,32.4,74.5,165254,9_11,32.4,70.4,"Kot Ghulam Muhammad, Sialkot, Pakistan"
5519,24.0,89.3,165246,10_13,26.0,83.2,"Gayespur, Pābna, Rajshahi Division, Bangladesh"
5520,-16.3,-49.0,165155,16_48,-12.4,307.2,"Anápolis, Goiás, Brazil"
5521,47.1,15.4,165137,6_2,51.6,12.8,"Graz, Austria"
5522,20.8,106.0,165096,10_16,26.0,102.4,"Khoái Châu, Lương Bằng, Vietnam"
5523,39.1,-77.1,164996,7_44,45.2,281.6,"Rockville, United States"
5524,2.3,31.0,164985,13_4,6.8,25.6,"Paidha, Uganda"
5525,25.9,32.8,164918,10_5,26.0,32.0,"Qūş, Egypt"
5526,40.7,72.2,164912,7_11,45.2,70.4,"Asaka, Uzbekistan"
5527,10.5,105.6,164909,12_16,13.2,102.4,"Cao Lãnh, Vietnam"
5528,24.9,89.8,164890,10_14,26.0,89.6,"Fulkocha, Jamālpur, Mymensingh Division, Bangladesh"
5529,40.2,126.3,164888,7_19,45.2,121.6,"Songwŏn-ŭp, North Korea"
5530,-20.1,28.5,164887,17_4,-18.8,25.6,"Luveve, Bulawayo, Zimbabwe"
5531,32.9,35.3,164874,8_5,38.8,32.0,"Karmi’el, Israel"
5532,33.1,-96.7,164869,8_41,38.8,262.4,"Allen, United States"
5533,29.4,30.6,164852,9_4,32.4,25.6,"Yūsuf aṣ-Ṣiddīq, Egypt"
5534,-1.5,37.3,164843,14_5,0.4,32.0,"Machakos, Kenya"
5535,45.4,9.1,164842,6_1,51.6,6.4,"Rozzano, Italy"
5536,47.2,38.9,164841,6_6,51.6,38.4,"Taganrog, Russia"
5537,-6.8,107.3,164838,15_16,-6.0,102.4,"Ciranjang-hilir, Indonesia"
5538,9.4,13.4,164809,12_2,13.2,12.8,"Gaschiga_fulbe, Garoua, North, Cameroon"
5539,23.6,90.3,164800,10_14,26.0,89.6,"Nawāb Char, Bangladesh"
5540,23.7,90.2,164783,10_14,26.0,89.6,"Barrah, Ramnagar, Dhaka Division, Bangladesh"
5541,-26.9,-65.2,164770,18_46,-25.2,294.4,"Banda del Río Salí, San Miguel de Tucumán, Argentina"
5542,36.7,2.9,164769,8_0,38.8,0.0,"Douéra, Algeria"
5543,25.1,89.8,164722,10_14,26.0,89.6,"Palbandha, Sherpur, Mymensingh Division, Bangladesh"
5544,13.7,-89.4,164720,11_42,19.6,268.8,"Armenia, El Salvador"
5545,26.1,88.8,164695,9_13,32.4,83.2,"Domar, Nilphamari, Rangpur Division, Bangladesh"
5546,38.3,27.1,164691,8_4,38.8,25.6,"Menderes, Karabağlar, Turkey"
5547,4.5,6.4,164644,13_1,6.8,6.4,"Nembe, Nigeria"
5548,36.8,5.8,164623,8_0,38.8,0.0,"Jijel, Algeria"
5549,34.3,134.0,164623,8_20,38.8,128.0,"Danshicho, Takamatsu, Kagawa, Japan"
5550,35.0,136.6,164601,8_21,38.8,134.4,"Yokkaichi, Japan"
5551,50.0,20.0,164591,6_3,51.6,19.2,"Grzegórzki, Kraków, Poland"
5552,40.8,-74.1,164588,7_44,45.2,281.6,"Passaic, United States"
5553,45.3,19.8,164569,6_3,51.6,19.2,"Novi Sad, Serbia"
5554,22.8,91.1,164546,10_14,26.0,89.6,"Sonapur, Maijdi, Chittagong, Bangladesh (S)"
5555,34.9,136.9,164539,8_21,38.8,134.4,"Handa, Japan"
5556,27.3,30.9,164528,9_4,32.4,25.6,"Manfalut, Manfalūţ, Asyut, Egypt"
5557,-7.0,39.1,164501,15_6,-6.0,38.4,"Lukooni, Kisarawe, Pwani, Tanzania"
5558,-27.4,-59.0,164450,18_47,-25.2,300.8,"Municipio de Resistencia, Resistencia, Chaco, Argentina (N)"
5559,1.0,34.4,164413,13_5,6.8,32.0,"Bududa, Uganda"
5560,-22.4,-41.8,164412,17_49,-18.8,313.6,"Macaé, Brazil"
5561,43.1,-87.9,164388,7_42,45.2,268.8,"Shorewood, Milwaukee, Wisconsin, United States"
5562,38.7,35.6,164378,8_5,38.8,32.0,"Talas, Kayseri, Turkey"
5563,22.7,89.8,164317,10_14,26.0,89.6,"Bagerhat, Bangladesh"
5564,24.2,89.4,164306,10_13,26.0,83.2,"Parbhanguria, Shāhzādpur, Rajshahi Division, Bangladesh"
5565,-12.9,28.6,164298,16_4,-12.4,25.6,"Ndola, Copperbelt, Zambia"
5566,36.1,136.2,164292,8_21,38.8,134.4,"Fukui-shi, Japan"
5567,16.7,96.3,164287,11_15,19.6,96.0,"Kyauktan, Myanmar"
5568,38.5,27.7,164276,8_4,38.8,25.6,"Turgutlu, Turkey"
5569,38.9,125.5,164266,7_19,45.2,121.6,"Sammul-dong, Kangsŏn, South Pyongan, North Korea"
5570,52.2,5.4,164223,5_0,58.0,0.0,"Amersfoort, The Netherlands"
5571,37.8,27.8,164200,8_4,38.8,25.6,"Aydın, Turkey"
5572,36.2,37.0,164193,8_5,38.8,32.0,"Ḩuraytān, Syria"
5573,9.4,42.1,164090,12_6,13.2,38.4,"Kembolcha, Harar, Harari, Ethiopia"
5574,0.4,101.9,164087,14_15,0.4,96.0,"Pangkalan Kerinci, Indonesia"
5575,23.7,90.7,164084,10_14,26.0,89.6,"Araihazar Upazila, Sonārgaon, Dhaka Division, Bangladesh"
5576,25.1,89.9,164070,10_14,26.0,89.6,"Gaibandha, Sherpur, Mymensingh Division, Bangladesh"
5577,26.8,85.3,164050,9_13,32.4,83.2,"Bairāgnia, Bihar, India"
5578,56.1,47.2,164014,5_7,58.0,44.8,"Leninskiy District, Cheboksary, Chuvash Republic, Russia"
5579,50.0,14.4,163952,6_2,51.6,12.8,"Modřany, Czechia"
5580,45.4,28.0,163949,6_4,51.6,25.6,"Micro 21, Galaţi, Romania"
5581,6.0,7.4,163917,13_1,6.8,6.4,"Nkwoagu Isuochi, Awgu, Nigeria"
5582,14.0,121.6,163916,11_19,19.6,121.6,"Lucena, Philippines"
5583,38.7,125.6,163905,8_19,38.8,121.6,"Songnim-ni, North Korea"
5584,-1.0,-79.5,163881,14_43,0.4,275.2,"Quevedo, Ecuador"
5585,30.5,47.9,163876,9_7,32.4,44.8,"Abū al-Kahṣīb, Al Başrah al Qadīmah, Iraq"
5586,14.5,-91.5,163844,11_41,19.6,262.4,"Mazatenango, Guatemala"
5587,-4.9,105.2,163823,14_16,0.4,102.4,"Terbanggi Besar, Indonesia"
5588,0.4,33.2,163818,14_5,0.4,32.0,"Bugungu, Njeru, Central Region, Uganda"
5589,-25.6,-49.3,163815,18_48,-25.2,307.2,"Fazenda Rio Grande, Brazil"
5590,27.7,-97.4,163786,9_41,32.4,262.4,"Corpus Christi, United States"
5591,6.4,2.1,163781,13_0,6.8,0.0,"Ouidah, Benin"
5592,33.9,-84.3,163781,8_43,38.8,275.2,"Sandy Springs, United States"
5593,40.5,71.8,163781,7_11,45.2,70.4,"Yangiyol, Marg‘ilon, Fergana, Uzbekistan"
5594,35.1,-106.5,163743,8_39,38.8,249.6,"Carnuel, United States"
5595,6.8,4.0,163722,13_0,6.8,0.0,"Ijebu-Ife, Ijebu Ode, Nigeria"
5596,9.3,12.4,163702,12_1,13.2,6.4,"Jambutu, Jimeta, Adamawa, Nigeria"
5597,26.4,50.2,163701,9_7,32.4,44.8,"King Faisal University, Dammam, Eastern Province, Saudi Arabia"
5598,-7.6,112.8,163683,15_17,-6.0,108.8,"Bangil, Indonesia"
5599,51.2,6.9,163675,6_1,51.6,6.4,"Hilden, Düsseldorf, Germany"
5600,5.1,6.5,163645,13_1,6.8,6.4,"Akara, Akinima, Rivers State, Nigeria"
5601,6.1,7.5,163641,13_1,6.8,6.4,"Awgu, Nigeria"
5602,0.1,117.4,163609,14_18,0.4,115.2,"Bontang Baru, Bontang, Indonesia"
5603,-5.5,122.6,163600,14_19,0.4,121.6,"Baubau, Indonesia"
5604,34.7,33.0,163589,8_5,38.8,32.0,"Limassol, Cyprus"
5605,36.4,139.0,163577,8_21,38.8,134.4,"Takasaki, Gunma, Japan"
5606,54.6,39.8,163561,5_6,58.0,38.4,"Ryazan’, Ryazan Oblast, Russia (E)"
5607,44.7,20.4,163561,7_3,45.2,19.2,"Sremčica, Serbia"
5608,22.2,91.9,163482,10_14,26.0,89.6,"Patiya, Bangladesh"
5609,30.8,72.4,163409,9_11,32.4,70.4,"Pir Mahal, Pakistan"
5610,2.1,99.8,163383,13_15,6.8,96.0,"Rantauprapat, Indonesia"
5611,22.8,120.3,163331,10_18,26.0,115.2,"Fengshan, Taiwan"
5612,31.3,30.4,163327,9_4,32.4,25.6,"Idkū, Egypt"
5613,34.3,71.6,163312,8_11,38.8,70.4,"Bela Number Four, Tangi, Khyber Pakhtunkhwa, Pakistan"
5614,29.8,-95.7,163242,9_41,32.4,262.4,"Cinco Ranch, United States"
5615,18.9,96.4,163209,11_15,19.6,96.0,"Taungoo, Myanmar"
5616,7.9,125.1,163152,12_19,13.2,121.6,"NIA Valencia, Philippines"
5617,10.9,24.6,163132,12_3,13.2,19.2,"Jedah, Tullus, Southern Darfur, Sudan"
5618,-34.1,18.9,163104,19_2,-31.6,12.8,"Somerset West, South Africa"
5619,30.7,73.6,163084,9_11,32.4,70.4,"Sobha Ram, Dipalpur, Punjab, Pakistan"
5620,-20.2,-70.1,163048,17_45,-18.8,288.0,"Alto Hospicio, Iquique, Chile"
5621,25.3,68.4,163024,10_10,26.0,64.0,"Goth Nur Muhammad Mallah, Hyderabad, Sindh, Pakistan"
5622,19.2,-99.0,163023,11_40,19.6,256.0,"San Antonio Tecómitl, Mexico"
5623,8.9,-74.5,162987,12_44,13.2,281.6,"Pinillos, Colombia"
5624,16.3,-0.0,162984,11_0,19.6,0.0,"Gao, Mali"
5625,48.3,25.9,162977,6_4,51.6,25.6,"Chernivtsi, Ukraine"
5626,13.0,8.9,162976,12_1,13.2,6.4,"Magaria, Niger"
5627,7.2,37.7,162953,12_5,13.2,32.0,"Hadero, Ethiopia"
5628,50.0,8.3,162948,6_1,51.6,6.4,"Mainz-Kostheim, Mainz, Rheinland-Pfalz, Germany"
5629,40.4,71.5,162927,7_11,45.2,70.4,"Oltiariq, Uzbekistan"
5630,9.4,41.4,162897,12_6,13.2,38.4,"Deder, Ethiopia"
5631,24.2,91.3,162888,10_14,26.0,89.6,"Nasirnagar Upazila, Shāhbāzpur Town, Chittagong, Bangladesh"
5632,-3.4,119.2,162884,14_18,0.4,115.2,"Sidorejo, Polewali, West Sulawesi, Indonesia"
5633,-43.5,172.6,162872,20_26,-38.0,166.4,"Christchurch, New Zealand"
5634,-10.4,23.4,162862,15_3,-6.0,19.2,"Kasaji, Dilolo, Democratic Republic of the Congo"
5635,21.5,39.4,162840,10_6,26.0,38.4,"Al Harazat, Jeddah, Mecca Region, Saudi Arabia"
5636,-5.1,15.1,162840,14_2,0.4,12.8,"Inkisi, Democratic Republic of the Congo"
5637,4.5,7.5,162819,13_1,6.8,6.4,"Opobo, Nigeria"
5638,-29.1,26.2,162811,18_4,-25.2,25.6,"Mangaung Ward 20, Bloemfontein, Free State, South Africa"
5639,33.3,-111.9,162765,8_38,38.8,243.2,"Maricopa County, Chandler, Arizona, United States (W)"
5640,26.6,31.8,162752,9_4,32.4,25.6,"Akhmīm, Egypt"
5641,-10.4,23.5,162748,15_3,-6.0,19.2,"Kasaji, Dilolo, Democratic Republic of the Congo (E)"
5642,5.6,5.9,162746,13_0,6.8,0.0,"Orerokpe, Nigeria"
5643,32.6,-117.0,162745,8_37,38.8,236.8,"Bonita, Tijuana, United States"
5644,34.8,135.3,162744,8_21,38.8,134.4,"Takarazuka, Japan"
5645,8.9,-79.8,162673,12_43,13.2,275.2,"La Chorrera, Panama"
5646,18.0,102.6,162672,11_16,19.6,102.4,"Vientiane, Laos"
5647,10.2,106.0,162647,12_16,13.2,102.4,"Long Hồ, Vĩnh Long, Vietnam"
5648,5.2,6.2,162621,13_0,6.8,0.0,"Patani, Nigeria"
5649,29.5,30.9,162619,9_4,32.4,25.6,"Izbat al Qasr, Ţāmiyah, Faiyum, Egypt"
5650,15.6,120.9,162602,11_18,19.6,115.2,"Talavera, Philippines"
5651,29.4,31.0,162595,9_4,32.4,25.6,"Sirsina, Ţāmiyah, Faiyum, Egypt"
5652,10.4,106.3,162549,12_16,13.2,102.4,"Xã Long Hưng, Mỹ Tho, Dong Thap, Vietnam"
5653,25.8,-80.4,162506,10_43,26.0,275.2,"Doral, United States"
5654,43.0,-81.3,162498,7_43,45.2,275.2,"London, Ontario, Canada (W)"
5655,2.8,24.7,162473,13_3,6.8,19.2,"Buta, Democratic Republic of the Congo"
5656,-7.7,109.9,162423,15_17,-6.0,108.8,"Kutoarjo, Indonesia"
5657,-5.4,105.0,162417,14_16,0.4,102.4,"Pringsewu, Indonesia"
5658,23.6,58.6,162342,10_9,26.0,57.6,"Muscat, Oman"
5659,55.9,-4.2,162326,5_55,58.0,352.0,"Auchinairn, Glasgow, Scotland, United Kingdom"
5660,-14.7,17.7,162320,16_2,-12.4,12.8,"Menongue, Angola"
5661,24.8,90.2,162318,10_14,26.0,89.6,"Baragram, Muktāgācha, Mymensingh Division, Bangladesh"
5662,1.0,102.7,162300,13_16,6.8,102.4,"Selat Panjang, Indonesia"
5663,11.9,7.9,162273,12_1,13.2,6.4,"Gwarzo, Nigeria"
5664,6.9,-6.5,162265,12_55,13.2,352.0,"Bribouo, Daloa, Sassandra-Marahoue, Ivory Coast"
5665,12.6,37.4,162222,12_5,13.2,32.0,"Cincilla, Gonder, Amhara, Ethiopia"
5666,18.0,-93.4,162213,11_41,19.6,262.4,"Cárdenas, Mexico"
5667,16.9,96.6,162187,11_15,19.6,96.0,"Kayan, Myanmar"
5668,36.1,44.0,162173,8_6,38.8,38.4,"Dare Tû, Erbil, Iraq"
5669,27.9,-82.8,162159,9_43,32.4,275.2,"Clearwater, United States"
5670,23.9,89.2,162151,10_13,26.0,83.2,"Kaya, Kushtia, Khulna Division, Bangladesh"
5671,55.4,37.5,162103,5_5,58.0,32.0,"Podolsk, Russia"
5672,-25.6,28.0,162091,18_4,-25.2,25.6,"Tshwane Ward 31, Ga-Rankuwa, North West, South Africa"
5673,51.3,7.2,162088,6_1,51.6,6.4,"Gennebreck, Wuppertal, North Rhine-Westphalia, Germany"
5674,35.2,-80.8,162050,8_43,38.8,275.2,"Charlotte, United States"
5675,40.1,67.8,162035,7_10,45.2,64.0,"Bogishamol, Jizzax, Jizzakh Region, Uzbekistan"
5676,23.2,91.1,161992,10_14,26.0,89.6,"Atakora, Lākshām, Chittagong, Bangladesh"
5677,10.1,-68.1,161971,12_45,13.2,288.0,"Tocuyito, Venezuela"
5678,26.3,-80.1,161930,9_43,32.4,275.2,"Fairlawn, Pompano Beach, Florida, United States"
5679,14.0,100.8,161929,11_15,19.6,96.0,"Ban Lam Luk Ka, Thailand"
5680,35.7,43.3,161908,8_6,38.8,38.4,"Ijhala, Al Qayyārah, Nineveh, Iraq"
5681,40.7,-112.0,161903,7_38,45.2,243.2,"West Valley City, United States"
5682,43.8,-79.6,161900,7_43,45.2,275.2,"Mount Olive-Silverstone-Jamestown, Canada"
5683,18.0,-77.0,161832,11_44,19.6,281.6,"Spanish Town, Jamaica"
5684,-8.0,110.6,161814,15_17,-6.0,108.8,"Wonosari, Indonesia"
5685,22.4,-97.9,161766,10_40,26.0,256.0,"Miramar, Mexico"
5686,-29.9,-71.2,161686,18_45,-25.2,288.0,"Islón, La Serena, Chile"
5687,34.9,137.1,161681,8_21,38.8,134.4,"Anjō, Aichi, Japan (S)"
5688,43.6,7.0,161672,7_1,45.2,6.4,"Cannes, France"
5689,29.7,72.5,161610,9_11,32.4,70.4,"Shamkot, Hasilpur, Punjab, Pakistan"
5690,17.6,100.1,161607,11_15,19.6,96.0,"Uttaradit, Thailand"
5691,17.6,34.0,161588,11_5,19.6,32.0,"Ad-Damir, Sudan"
5692,23.3,90.7,161551,10_14,26.0,89.6,"Dighaldi, Chāndpur, Chittagong, Bangladesh"
5693,27.1,84.9,161457,9_13,32.4,83.2,"Birgunj-30, Birgañj, Madhesh, Nepal"
5694,24.6,89.9,161445,10_14,26.0,89.6,"Nagda Simla, Sarishābāri, Mymensingh Division, Bangladesh"
5695,6.2,31.6,161442,13_4,6.8,25.6,"Bor, South Sudan"
5696,44.9,26.0,161410,7_4,45.2,25.6,"Ploiești Vest (Mitică Apostol), Ploieşti, Romania"
5697,43.4,-80.5,161357,7_43,45.2,275.2,"Kitchener, Canada"
5698,40.6,-74.4,161352,7_44,45.2,281.6,"Plainfield, United States"
5699,20.4,106.4,161348,10_16,26.0,102.4,"Thanh Nê, Thái Bình, Vietnam"
5700,50.6,5.6,161339,6_0,51.6,0.0,"Liège, Belgium"
5701,-3.2,40.1,161334,14_6,0.4,38.4,"Malindi, Kenya"
5702,13.4,-6.3,161317,11_55,19.6,352.0,"Kirango Wereni, Ségou, Mali"
5703,50.2,8.6,161315,6_1,51.6,6.4,"Bad Homburg vor der Höhe, Frankfurt am Main, Germany"
5704,38.0,-1.2,161287,8_56,38.8,358.4,"Javali Viejo o El Lugarico, Murcia, Spain"
5705,23.7,90.1,161282,10_14,26.0,89.6,"Nayansree, Ramnagar, Dhaka Division, Bangladesh"
5706,39.1,-77.2,161268,7_44,45.2,281.6,"Gaithersburg, United States"
5707,23.2,94.0,161238,10_14,26.0,89.6,"Kalemyo, Myanmar"
5708,48.5,32.3,161200,6_5,51.6,32.0,"Kropyvnytskyi, Ukraine"
5709,15.2,104.9,161197,11_16,19.6,102.4,"Saen Suk, Ubon Ratchathani, Thailand"
5710,34.3,-5.9,161187,8_55,38.8,352.0,"Sidi Slimane, Morocco"
5711,30.1,-95.4,161181,9_41,32.4,262.4,"Spring, United States"
5712,25.0,89.3,161167,10_13,26.0,83.2,"Shibganj Upazila (Bogura), Shibganj, Rajshahi Division, Bangladesh"
5713,37.8,68.8,161162,8_10,38.8,64.0,"Bokhtar, Tajikistan"
5714,-7.3,107.9,161145,15_16,-6.0,102.4,"Babakan Loak, Indonesia"
5715,23.2,90.4,161043,10_14,26.0,89.6,"Bhedarganj, Pālang, Dhaka Division, Bangladesh"
5716,13.8,45.2,161042,11_7,19.6,44.8,"As Suwaydā, Yemen"
5717,10.4,-64.2,161026,12_46,13.2,294.4,"Parroquia Ayacucho, Cumaná, Venezuela"
5718,-6.7,108.2,161008,15_16,-6.0,102.4,"Pasirmalati, Jatiwangi, West Java, Indonesia"
5719,37.0,37.8,161002,8_5,38.8,32.0,"Nizip, Turkey"
5720,6.8,3.4,160997,13_0,6.8,0.0,"Ijere-Agelette, Ifako, Lagos, Nigeria"
5721,14.1,100.6,160995,11_15,19.6,96.0,"Khlong Luang, Thailand"
5722,8.0,39.1,160964,12_6,13.2,38.4,"Āsela, Ethiopia"
5723,37.9,-122.5,160922,8_37,38.8,236.8,"Mill Valley, San Rafael, United States"
5724,4.8,7.2,160921,13_1,6.8,6.4,"Nomabom Tai Tasaro, Ogu, Rivers State, Nigeria"
5725,22.6,90.2,160869,10_14,26.0,89.6,"Jhalakathi Sadar Subdistrict, Nālchiti, Barisal Division, Bangladesh"
5726,47.3,39.8,160815,6_6,51.6,38.4,"Aksay, Rostov-on-Don, Russia"
5727,-21.5,47.1,160807,17_7,-18.8,44.8,"Fianarantsoa, Madagascar"
5728,47.8,-122.3,160773,6_37,51.6,236.8,"Shoreline, United States"
5729,22.8,91.2,160758,10_14,26.0,89.6,"Kabirhat, Maijdi, Chittagong, Bangladesh"
5730,30.4,72.3,160755,9_11,32.4,70.4,"Chak 116/15L, Mian Channun, Punjab, Pakistan"
5731,40.1,-83.0,160751,7_43,45.2,275.2,"Westerville, United States"
5732,45.7,25.6,160740,6_4,51.6,25.6,"Tractorul, Braşov, Romania"
5733,7.6,4.8,160734,12_0,13.2,0.0,"Ilesha East, Ilesa, Osun State, Nigeria"
5734,34.5,66.3,160661,8_10,38.8,64.0,"La‘l, Afghanistan"
5735,29.3,47.7,160655,9_7,32.4,44.8,"Al Jahrā’, Kuwait"
5736,12.4,4.2,160626,12_0,13.2,0.0,"Goru, Birnin Kebbi, Kebbi, Nigeria"
5737,34.1,-117.8,160591,8_37,38.8,236.8,"La Verne, Pomona, California, United States"
5738,-25.2,46.1,160585,18_7,-25.2,44.8,"Ambovombe, Madagascar"
5739,31.7,-8.0,160571,9_55,32.4,352.0,"Ouahat Sidi Brahim, Marrakesh, Marrakesh-Safi, Morocco"
5740,41.0,37.8,160557,7_5,45.2,32.0,"Efirli Mahallesi, Ordu, Turkey"
5741,41.0,37.9,160557,7_5,45.2,32.0,"Altınordu, Ordu, Turkey"
5742,53.6,55.9,160556,5_8,58.0,51.2,"Sterlitamak, Russia"
5743,0.6,123.0,160535,13_19,6.8,121.6,"Limboto, Gorontalo, Indonesia"
5744,20.1,-98.4,160533,10_40,26.0,256.0,"Tulancingo, Mexico"
5745,24.3,91.4,160495,10_14,26.0,89.6,"Shaistaganj, Habiganj, Sylhet Division, Bangladesh"
5746,32.9,72.9,160478,8_11,38.8,70.4,"Dab, Chakwal, Punjab, Pakistan"
5747,16.7,98.5,160477,11_15,19.6,96.0,"Myawaddy, Myanmar"
5748,45.5,12.2,160469,6_1,51.6,6.4,"Mestre, Italy"
5749,5.9,6.8,160436,13_1,6.8,6.4,"Uruobo-Okija, Ihiala, Nigeria"
5750,18.8,-99.2,160411,11_40,19.6,256.0,"Temixco, Mexico"
5751,34.0,71.8,160406,8_11,38.8,70.4,"Pabbi, Pakistan"
5752,35.8,-78.6,160376,8_43,38.8,275.2,"Southeast Raleigh, Raleigh, North Carolina, United States"
5753,42.9,-78.8,160338,7_43,45.2,275.2,"Buffalo, United States"
5754,31.2,31.2,160338,9_4,32.4,25.6,"Biala, Biyalā, Kafr el-Sheikh, Egypt (N)"
5755,-9.0,13.5,160334,15_2,-6.0,12.8,"Zango, Angola"
5756,17.6,120.4,160315,11_18,19.6,115.2,"Vigan, Philippines"
5757,39.8,-105.1,160286,7_39,45.2,249.6,"Westminster, Denver, United States"
5758,34.6,135.7,160284,8_21,38.8,134.4,"Oji, Yamatokōriyama, Nara, Japan"
5759,-21.7,-41.3,160248,17_49,-18.8,313.6,"Jardim Aeroporto, Campos dos Goytacazes, Rio de Janeiro, Brazil"
5760,0.3,32.7,160248,14_5,0.4,32.0,"Kireka, Mukono, Uganda"
5761,27.1,67.7,160194,9_10,32.4,64.0,"Khairpur Nathan Shah, Pakistan"
5762,7.3,6.1,160159,12_0,13.2,0.0,"Igarra, Nigeria"
5763,34.1,-117.5,160141,8_37,38.8,236.8,"Kaiser, Fontana, California, United States"
5764,16.0,120.2,160080,11_18,19.6,115.2,"Lingayen, Philippines"
5765,11.9,3.4,160052,12_0,13.2,0.0,"Malanville, Benin"
5766,24.2,90.6,160037,10_14,26.0,89.6,"Kapasia, Nagar Naluākot, Dhaka Division, Bangladesh (N)"
5767,10.4,8.7,159989,12_1,13.2,6.4,"Saminaka, Nigeria"
5768,54.3,10.1,159983,5_1,58.0,6.4,"Kiel, Germany"
5769,23.6,90.2,159980,10_14,26.0,89.6,"Churian, Dohār, Dhaka Division, Bangladesh"
5770,39.1,66.8,159977,7_10,45.2,64.0,"Sayilla, Shahrisabz, Qashqadaryo, Uzbekistan"
5771,5.2,96.7,159901,13_15,6.8,96.0,"Bireun, Indonesia"
5772,-12.9,28.2,159895,16_4,-12.4,25.6,"Kitwe, Copperbelt, Zambia"
5773,-27.2,153.0,159885,18_23,-25.2,147.2,"North Lakes, Australia"
5774,51.9,-0.4,159855,5_56,58.0,358.4,"Luton, United Kingdom"
5775,5.4,7.4,159818,13_1,6.8,6.4,"Okpuala-Ngwa, Nigeria"
5776,31.6,64.4,159808,9_10,32.4,64.0,"Lashkar Gāh, Afghanistan"
5777,36.0,68.7,159780,8_10,38.8,64.0,"Zamankheyl, Pul-e Khumrī, Afghanistan"
5778,28.8,30.8,159753,9_4,32.4,25.6,"Dilhānis, Al Fashn, Beni Suweif, Egypt"
5779,-24.6,25.9,159736,17_4,-18.8,25.6,"Mogoditshane, Gaborone, Botswana"
5780,10.6,-64.2,159704,12_46,13.2,294.4,"Araya, Venezuela"
5781,10.5,-64.2,159704,12_46,13.2,294.4,"El Dique, Cumaná, Venezuela"
5782,11.1,24.5,159637,12_3,13.2,19.2,"Tulus, Tullus, Southern Darfur, Sudan"
5783,27.5,-99.6,159633,9_40,32.4,256.0,"El Campanario y Oradel, Nuevo Laredo, Mexico"
5784,43.7,-79.7,159632,7_43,45.2,275.2,"Bramalea, Brampton, Ontario, Canada"
5785,13.1,103.2,159603,12_16,13.2,102.4,"Battambang, Cambodia"
5786,49.5,11.1,159570,6_1,51.6,6.4,"Buchenbühl, Nuremberg, Bavaria, Germany"
5787,51.2,7.1,159563,6_1,51.6,6.4,"Gräfrath, Wuppertal, North Rhine-Westphalia, Germany"
5788,34.9,72.4,159557,8_11,38.8,70.4,"Dursh Khela, Pakistan"
5789,48.8,44.5,159547,6_6,51.6,38.4,"Gorodishche, Volgograd, Russia"
5790,42.3,-83.0,159545,7_43,45.2,275.2,"Detroit, United States"
5791,33.3,44.2,159500,8_6,38.8,38.4,"Al-Mansour Municipality, Abū Ghurayb, Baghdad, Iraq"
5792,51.5,7.3,159480,6_1,51.6,6.4,"Gerthe, Bochum, North Rhine-Westphalia, Germany"
5793,43.2,77.0,159474,7_12,45.2,76.8,"Tau-Samal, Almaty, Kazakhstan"
5794,31.7,35.8,159473,9_5,32.4,32.0,"Mādabā, Jordan"
5795,48.7,2.5,159465,6_0,51.6,0.0,"Villeneuve-Saint-Georges, France"
5796,32.2,-110.9,159414,9_38,32.4,243.2,"Pima County, Tucson, Arizona, United States"
5797,36.2,5.7,159356,8_0,38.8,0.0,"El Eulma, Algeria"
5798,52.6,13.5,159287,5_2,58.0,12.8,"Pankow, Germany"
5799,34.7,72.0,159269,8_11,38.8,70.4,"Osakai, Bat Khela, Khyber Pakhtunkhwa, Pakistan"
5800,33.0,73.6,159227,8_11,38.8,70.4,"Rehana, Jhelum, Punjab, Pakistan"
5801,11.5,105.0,159211,12_16,13.2,102.4,"Ta Khmau, Phnom Penh, Cambodia"
5802,50.4,30.7,159201,6_4,51.6,25.6,"Darnytsya, Ukraine"
5803,29.6,-95.6,159120,9_41,32.4,262.4,"Sugar Land, United States"
5804,13.9,121.4,159104,11_18,19.6,115.2,"Candelaria, Philippines"
5805,36.3,139.4,159050,8_21,38.8,134.4,"Ōta, Japan"
5806,8.1,5.1,159033,12_0,13.2,0.0,"Omu-Aran, Nigeria"
5807,7.6,37.9,158922,12_5,13.2,32.0,"Belessa, Hosa’ina, Ethiopia"
5808,36.8,54.4,158906,8_8,38.8,51.2,"Gorgān, Iran"
5809,-8.1,112.7,158906,15_17,-6.0,108.8,"Kidangbang, Indonesia"
5810,6.7,38.7,158893,13_6,6.8,38.4,"Arbe Gona, Sidama, Ethiopia"
5811,35.4,136.6,158889,8_21,38.8,134.4,"Ōgaki, Japan"
5812,48.0,0.2,158884,6_0,51.6,0.0,"Le Mans, France"
5813,35.9,128.7,158858,8_20,38.8,128.0,"Gyeongsan-si, Daegu, South Korea"
5814,52.6,-1.2,158847,5_56,58.0,358.4,"Lubbesthorpe, Leicester, England, United Kingdom"
5815,30.0,70.7,158812,9_11,32.4,70.4,"Dera Ghazi Khan, Punjab, Pakistan (S)"
5816,40.1,65.4,158787,7_10,45.2,64.0,"Navoiy, Uzbekistan"
5817,8.9,-12.0,158778,12_54,13.2,345.6,"Makeni, Sierra Leone"
5818,5.8,7.3,158776,13_1,6.8,6.4,"Okigwe, Nigeria"
5819,24.4,90.6,158695,10_14,26.0,89.6,"Usthe, Gafargaon, Mymensingh Division, Bangladesh"
5820,32.3,73.8,158693,9_11,32.4,70.4,"Rasulnagar, Pakistan"
5821,38.3,140.8,158687,8_22,38.8,140.8,"Nakayamadai-nishi, Sendai, Miyagi, Japan"
5822,15.9,120.6,158677,11_18,19.6,115.2,"Rosales, Philippines"
5823,24.1,90.1,158647,10_14,26.0,89.6,"Bhatgram, Mirzāpur, Dhaka Division, Bangladesh"
5824,-25.6,-54.6,158630,18_47,-25.2,300.8,"Foz do Iguaçu, Brazil"
5825,13.9,109.1,158616,11_17,19.6,108.8,"An Nhơn, Vietnam"
5826,14.9,-91.6,158565,11_41,19.6,262.4,"Ostuncalco, Guatemala"
5827,-22.8,-42.9,158554,17_49,-18.8,313.6,"Itaboraí, Brazil"
5828,7.4,4.2,158535,12_0,13.2,0.0,"Irewole, Ikire, Osun State, Nigeria"
5829,26.0,89.7,158526,10_14,26.0,89.6,"Rayganj, Nageswari, Rangpur Division, Bangladesh"
5830,31.6,47.2,158523,9_7,32.4,44.8,"Al Kaḩlā’, Qal‘at Şāliḩ, Iraq"
5831,13.8,8.0,158502,11_1,19.6,6.4,"Tessaoua, Niger"
5832,52.1,4.5,158495,5_0,58.0,0.0,"Zuidbuurt, Leiden, South Holland, The Netherlands"
5833,9.6,6.6,158444,12_1,13.2,6.4,"Shaluko, Minna, Niger State, Nigeria"
5834,15.9,108.3,158421,11_16,19.6,102.4,"Điện Bàn, Vietnam"
5835,6.0,7.8,158361,13_1,6.8,6.4,"Obiozara, Nigeria"
5836,25.1,68.5,158360,10_10,26.0,64.0,"Tando Muhammad Khan, Pakistan"
5837,-6.9,112.1,158355,15_17,-6.0,108.8,"Tuban, Indonesia"
5838,13.4,-6.2,158353,11_55,19.6,352.0,"Serebougoufie, Ségou, Mali"
5839,27.2,31.0,158349,9_4,32.4,25.6,"Manfalūţ, Asyut, Egypt"
5840,24.4,88.8,158348,10_13,26.0,83.2,"Tarapur, Puthia, Rajshahi Division, Bangladesh"
5841,20.7,-105.2,158327,10_39,26.0,249.6,"Ixtapa, Puerto Vallarta, Mexico"
5842,4.9,-74.0,158313,13_44,6.8,281.6,"Yerbabuena Bajo, Chía, Cundinamarca, Colombia"
5843,45.5,-122.7,158278,6_37,51.6,236.8,"Southwest Hills, Portland, Oregon, United States"
5844,38.9,-77.4,158266,7_44,45.2,281.6,"Centreville, United States"
5845,-6.1,107.1,158235,15_16,-6.0,102.4,"Sukaringin, Cikarang, West Java, Indonesia"
5846,42.8,-1.7,158209,7_55,45.2,352.0,"Eultza, Pamplona, Navarre, Spain"
5847,-8.2,26.9,158132,15_4,-6.0,25.6,"Ilunga, Malemba-Nkulu, Haut-Lomami, Democratic Republic of the Congo"
5848,34.7,137.4,158118,8_21,38.8,134.4,"Toyohashi, Aichi, Japan (S)"
5849,-6.3,106.3,158082,15_16,-6.0,102.4,"Kebon Cau, Rangkasbitung, Banten, Indonesia"
5850,19.1,-72.5,158076,11_44,19.6,281.6,"Verrettes, Haiti"
5851,42.9,74.5,158076,7_11,45.2,70.4,"Nizhnyaya Ala-Archa, Bishkek, Kyrgyzstan"
5852,8.3,5.8,157998,12_0,13.2,0.0,"Isanlu-Itedoijowa, Nigeria"
5853,24.5,90.7,157959,10_14,26.0,89.6,"Govindapur, Kishorganj, Dhaka Division, Bangladesh"
5854,8.8,38.9,157919,12_6,13.2,38.4,"Dukem, Bishoftu, Oromiya, Ethiopia"
5855,33.6,72.9,157898,8_11,38.8,70.4,"Zone 1, Rawalpindi, Punjab, Pakistan"
5856,17.6,-99.5,157806,11_40,19.6,256.0,"Chilpancingo, Mexico"
5857,10.4,45.0,157780,12_7,13.2,44.8,"Berbera, Somalia"
5858,13.3,44.1,157715,11_6,19.6,38.4,"Al ‘Ayn, Yemen"
5859,13.0,3.2,157711,12_0,13.2,0.0,"Dosso, Niger"
5860,27.8,67.9,157711,9_10,32.4,64.0,"Shahdad Kot, Pakistan"
5861,20.8,-103.4,157699,10_40,26.0,256.0,"Nuevo México, Zapopan, Mexico"
5862,43.6,39.7,157680,7_6,45.2,38.4,"Sochi, Russia"
5863,49.0,12.1,157635,6_1,51.6,6.4,"Regensburg, Germany"
5864,33.7,35.4,157623,8_5,38.8,32.0,"Maqsabeh, Sidon, South Governorate, Lebanon"
5865,33.6,35.4,157623,8_5,38.8,32.0,"Sidon, Lebanon"
5866,5.4,-3.9,157595,13_55,6.8,352.0,"Bingerville, Ivory Coast"
5867,0.4,101.4,157522,14_15,0.4,96.0,"Dusun Satu, Pekanbaru, Riau, Indonesia"
5868,10.6,106.5,157466,12_16,13.2,102.4,"Tân Trụ, Tân An, Vietnam"
5869,-45.9,-67.5,157463,21_45,-44.4,288.0,"Comodoro Rivadavia, Argentina"
5870,19.2,-98.2,157453,11_40,19.6,256.0,"Zacatelco, Mexico"
5871,45.7,9.6,157423,6_1,51.6,6.4,"Ponte San Pietro, Italy"
5872,18.3,-70.3,157420,11_45,19.6,288.0,"Baní, Dominican Republic"
5873,18.6,-72.2,157409,11_44,19.6,281.6,"Croix-des-Bouquets, Haiti"
5874,51.5,46.1,157395,6_7,51.6,44.8,"Engels, Saratov, Russia"
5875,10.4,5.5,157377,12_0,13.2,0.0,"Kontagora, Nigeria"
5876,-25.6,27.3,157359,18_4,-25.2,25.6,"Rustenburg Ward 19, Rustenburg, North West, South Africa"
5877,24.7,90.5,157355,10_14,26.0,89.6,"Bhangamari, Mymensingh, Mymensingh Division, Bangladesh"
5878,26.3,68.4,157322,9_10,32.4,64.0,"Nawabshah Taluka, Nawabshah, Sindh, Pakistan"
5879,2.4,45.4,157275,13_7,6.8,44.8,"Balad District, Somalia"
5880,35.9,36.6,157246,8_5,38.8,32.0,"Idlib, Syria"
5881,34.6,135.8,157221,8_21,38.8,134.4,"Yamatokōriyama, Nara, Japan"
5882,8.8,39.0,157214,12_6,13.2,38.4,"Bishoftu, Oromiya, Ethiopia (N)"
5883,-29.7,30.3,157107,18_4,-25.2,25.6,"Msunduzi Ward 11, Pietermaritzburg, KwaZulu-Natal, South Africa"
5884,33.6,-112.3,157097,8_38,38.8,243.2,"Peoria, United States"
5885,-36.8,-73.0,157084,19_44,-31.6,281.6,"Provincia de Concepción, Concepción, Biobio, Chile"
5886,24.5,89.5,157026,10_13,26.0,83.2,"Bhuiyangati, Sirajganj, Rajshahi Division, Bangladesh"
5887,52.7,41.4,157019,5_6,58.0,38.4,"Tambov, Russia"
5888,3.3,101.6,157011,13_15,6.8,96.0,"Rawang, Malaysia"
5889,16.9,-89.9,156993,11_42,19.6,268.8,"San Benito, Guatemala"
5890,33.6,46.4,156980,8_7,38.8,44.8,"Īlām, Iran"
5891,13.8,5.3,156976,11_0,19.6,0.0,"Birni N Konni, Niger"
5892,31.0,31.0,156949,9_4,32.4,25.6,"Ezbet al Ninal, Quţūr, Gharbia, Egypt"
5893,12.6,9.4,156917,12_1,13.2,6.4,"Gumel, Nigeria"
5894,35.7,64.3,156910,8_10,38.8,64.0,"Qaīşār, Afghanistan"
5895,25.7,89.4,156908,10_13,26.0,83.2,"Itakumari, Paotana Hat, Rangpur Division, Bangladesh"
5896,4.7,101.1,156832,13_15,6.8,96.0,"Bercham, Malaysia"
5897,30.9,30.3,156827,9_4,32.4,25.6,"Ḩawsh ‘Īsá, Egypt"
5898,0.6,34.6,156819,13_5,6.8,32.0,"Bungoma, Kenya"
5899,60.2,25.0,156799,4_3,64.4,19.2,"Kallio, Finland"
5900,34.4,73.4,156797,8_11,38.8,70.4,"Muzaffarabad District, Muzaffarābād, Azad Kashmir, Pakistan"
5901,24.0,89.9,156796,10_14,26.0,89.6,"Mamudnagar, Nāgarpur, Dhaka Division, Bangladesh"
5902,-6.9,110.2,156790,15_17,-6.0,108.8,"Kendal, Indonesia"
5903,-2.1,-79.6,156787,14_43,0.4,275.2,"Milagro, Ecuador"
5904,14.1,121.4,156756,11_18,19.6,115.2,"Nagcarlan, San Pablo, Philippines"
5905,48.8,2.0,156750,6_0,51.6,0.0,"Saint-Quentin-en-Yvelines, France"
5906,-23.8,29.4,156743,17_4,-18.8,25.6,"Polokwane Ward 36, Polokwane, Limpopo, South Africa"
5907,-26.3,-48.9,156729,18_48,-25.2,307.2,"Vila Nova, Joinville, Santa Catarina, Brazil"
5908,0.1,34.8,156705,14_5,0.4,32.0,"Chavakali, Mbale, Kenya"
5909,36.1,36.0,156683,8_5,38.8,32.0,"Samandağ, Turkey"
5910,3.3,101.7,156639,13_15,6.8,96.0,"Selayang Baru Utara, Malaysia"
5911,32.6,44.1,156638,8_6,38.8,38.4,"Qaryat al Maamil, Karbala, Iraq"
5912,32.1,35.0,156636,9_5,32.4,32.0,"Rosh Ha‘Ayin, Israel"
5913,-8.0,112.1,156634,15_17,-6.0,108.8,"Tawangrejo, Indonesia"
5914,-6.7,23.9,156633,15_3,-6.0,19.2,"Kabinda, Gandajika, Lomami, Democratic Republic of the Congo"
5915,9.3,-70.6,156617,12_45,13.2,288.0,"Valera, Venezuela"
5916,-11.2,13.9,156594,15_2,-6.0,12.8,"Chingo, Sumbe, Angola"
5917,-29.9,-51.0,156580,18_48,-25.2,307.2,"Gravataí, Brazil"
5918,44.9,34.1,156499,7_5,45.2,32.0,"Simferopol District, Simferopol, Crimea, Ukraine"
5919,5.0,-74.0,156483,13_44,6.8,281.6,"Zipaquirá, Colombia"
5920,49.6,34.5,156430,6_5,51.6,32.0,"Poltava, Ukraine"
5921,51.6,-1.8,156423,6_55,51.6,352.0,"Swindon, United Kingdom"
5922,24.5,90.0,156390,10_14,26.0,89.6,"Ghatail Cantonment Board High School Building, Bangladesh"
5923,32.5,74.0,156359,8_11,38.8,70.4,"Kunjah, Gujrat, Pakistan"
5924,6.0,8.7,156308,13_1,6.8,6.4,"Ikom, Nigeria"
5925,31.2,31.7,156294,9_4,32.4,25.6,"Kafr al Kurdī, Egypt"
5926,36.5,7.4,156286,8_1,38.8,6.4,"Guelma, Algeria"
5927,44.0,20.9,156282,7_3,45.2,19.2,"Kragujevac, Serbia"
5928,35.0,137.2,156246,8_21,38.8,134.4,"Okazaki, Aichi, Japan (N)"
5929,26.9,89.4,156241,9_13,32.4,83.2,"Jaigaon, India"
5930,13.7,123.5,156177,11_19,19.6,121.6,"Goa, Philippines"
5931,30.0,72.3,156169,9_11,32.4,70.4,"Pir Murad, Vihari, Punjab, Pakistan"
5932,24.0,121.6,156128,10_19,26.0,121.6,"Hualien City, Taiwan"
5933,-25.4,28.2,156057,18_4,-25.2,25.6,"Tshwane Ward 13, Hammanskraal, North West, South Africa"
5934,33.0,-97.0,156030,8_41,38.8,262.4,"Lewisville, United States"
5935,40.7,14.8,156017,7_2,45.2,12.8,"Salerno, Italy"
5936,24.0,90.0,155979,10_14,26.0,89.6,"Dighalia, Nāgarpur, Dhaka Division, Bangladesh"
5937,6.5,3.0,155962,13_0,6.8,0.0,"Ado-Odo, Nigeria"
5938,30.4,56.0,155961,9_8,32.4,51.2,"Rafsanjān, Iran"
5939,51.4,-2.6,155947,6_55,51.6,352.0,"Dundry, Bristol, England, United Kingdom"
5940,-6.5,-76.4,155896,15_44,-6.0,281.6,"La Banda, Peru"
5941,-21.8,-43.4,155876,17_49,-18.8,313.6,"Nova Califórnia, Juiz de Fora, Minas Gerais, Brazil"
5942,22.2,90.1,155864,10_14,26.0,89.6,"Phuljhuri, Bangladesh"
5943,36.6,2.7,155856,8_0,38.8,0.0,"Kolea, Algeria"
5944,33.9,70.1,155853,8_10,38.8,64.0,"Parachinar, Pakistan"
5945,53.5,-2.4,155842,5_55,58.0,352.0,"Salford, United Kingdom"
5946,-18.9,-42.0,155807,17_49,-18.8,313.6,"Governador Valadares, Brazil"
5947,23.9,90.9,155785,10_14,26.0,89.6,"Banshgari, Nabīnagar, Chittagong, Bangladesh"
5948,33.6,44.4,155748,8_6,38.8,38.4,"Qaryat al Qatar al Arabi, Aţ Ţārmīyah, Baghdad, Iraq"
5949,-5.7,-35.3,155741,14_50,0.4,320.0,"Extremoz, Brazil"
5950,27.1,31.2,155741,9_4,32.4,25.6,"Assiut, Asyut, Egypt"
5951,-2.7,118.9,155725,14_18,0.4,115.2,"Mamuju, Indonesia"
5952,14.1,98.2,155723,11_15,19.6,96.0,"Dawei, Myanmar"
5953,-7.3,19.0,155652,15_2,-6.0,12.8,"Kwango, Democratic Republic of the Congo"
5954,31.4,48.7,155612,9_7,32.4,44.8,"Zargān-e Karāneh, Ahvaz, Iran"
5955,51.1,13.7,155608,6_2,51.6,12.8,"Trachau, Dresden, Saxony, Germany"
5956,32.5,74.3,155600,8_11,38.8,70.4,"Sarankey, Sambrial, Punjab, Pakistan"
5957,-8.6,116.3,155539,15_18,-6.0,115.2,"Kembangkerang Satu, Indonesia"
5958,15.4,-87.8,155532,11_42,19.6,268.8,"El Progreso, Honduras"
5959,24.5,90.8,155526,10_14,26.0,89.6,"Kishoreganj Sadar, Kishorganj, Dhaka Division, Bangladesh (N)"
5960,51.7,39.3,155505,5_6,58.0,38.4,"Somovo, Voronezh, Russia"
5961,23.0,90.7,155444,10_14,26.0,89.6,"Raypur, Rāipur, Chittagong, Bangladesh"
5962,9.9,-83.9,155411,12_43,13.2,275.2,"Paraíso, Costa Rica"
5963,40.7,72.3,155398,7_11,45.2,70.4,"Asaka, Andijon, Uzbekistan"
5964,30.8,32.0,155393,9_5,32.4,32.0,"Al Ḩusaynīyah, Sharqia, Egypt"
5965,25.2,89.9,155393,10_14,26.0,89.6,"Kakilakura, Sherpur, Mymensingh Division, Bangladesh"
5966,5.5,5.9,155374,13_0,6.8,0.0,"Otor-Udu, Ughelli, Nigeria"
5967,50.1,8.5,155317,6_1,51.6,6.4,"Hofheim am Taunus, Germany"
5968,14.5,121.3,155312,11_18,19.6,115.2,"Tanay, Philippines"
5969,33.4,-112.1,155312,8_38,38.8,243.2,"South Mountain, Phoenix, Arizona, United States"
5970,29.5,31.3,155249,9_4,32.4,25.6,"Al Saff, Aş Şaff, Giza, Egypt"
5971,-33.8,18.5,155229,19_2,-31.6,12.8,"Sunset Beach, Melkbosstrand, South Africa"
5972,35.1,73.0,155192,8_11,38.8,70.4,"Patan, Pakistan"
5973,32.9,72.8,155184,8_11,38.8,70.4,"Chakora, Chakwal, Punjab, Pakistan"
5974,35.1,137.2,155161,8_21,38.8,134.4,"Toyota, Aichi, Japan (E)"
5975,7.2,37.8,155149,12_5,13.2,32.0,"Shinshicho, Ethiopia"
5976,41.6,2.1,155138,7_0,45.2,0.0,"Castellar del Vallès, Terrassa, Catalonia, Spain"
5977,10.5,-61.4,155109,12_46,13.2,294.4,"Chaguanas, Trinidad and Tobago"
5978,42.7,2.9,155098,7_0,45.2,0.0,"Perpignan, France"
5979,-16.0,-48.1,155060,16_48,-12.4,307.2,"Gama, Brazil"
5980,-19.8,-44.1,155059,17_49,-18.8,313.6,"Bairro Alterosa, Ribeirão das Neves, Minas Gerais, Brazil"
5981,4.2,9.3,155046,13_1,6.8,6.4,"Lissoka, Buea, Cameroon"
5982,47.5,7.6,155012,6_1,51.6,6.4,"Reinach, Basel, Basel-City, Switzerland"
5983,38.9,-104.8,154986,7_39,45.2,249.6,"El Paso County, Colorado Springs, Colorado, United States"
5984,15.9,5.8,154964,11_0,19.6,0.0,"Tchin Tabaradèn, Niger"
5985,20.9,106.4,154948,10_16,26.0,102.4,"Thanh Hà, Hải Dương, Vietnam"
5986,25.0,67.2,154946,10_10,26.0,64.0,"Saadi Garden, Malir Cantonment, Sindh, Pakistan"
5987,38.8,-77.0,154933,8_44,38.8,281.6,"Glassmanor, Alexandria, Virginia, United States"
5988,8.1,-63.5,154916,12_46,13.2,294.4,"Fuerte Cayaurima, Ciudad Bolívar, Bolívar, Venezuela"
5989,-27.6,153.0,154912,18_23,-25.2,147.2,"Willawong, Sunnybank Hills, Queensland, Australia"
5990,23.8,90.0,154906,10_14,26.0,89.6,"Putail, Mānikganj, Dhaka Division, Bangladesh"
5991,7.5,5.4,154885,12_0,13.2,0.0,"Ise-Ekiti, Nigeria"
5992,-6.4,106.2,154815,15_16,-6.0,102.4,"Karya Jaya, Rangkasbitung, Banten, Indonesia"
5993,13.5,33.6,154815,11_5,19.6,32.0,"Sennar, Sudan"
5994,31.3,74.4,154806,9_11,32.4,70.4,"Atuasal, Kahna Nau, Punjab, Pakistan"
5995,19.1,-104.3,154799,11_39,19.6,249.6,"Manzanillo, Mexico"
5996,6.2,10.7,154776,13_1,6.8,6.4,"Kumbo, Cameroon"
5997,35.2,-3.0,154728,8_55,38.8,352.0,"Nador, Morocco"
5998,29.6,-98.5,154718,9_40,32.4,256.0,"Shavano Park, United States"
5999,41.3,-96.0,154702,7_41,45.2,262.4,"Omaha, United States"
6000,29.6,-95.2,154684,9_41,32.4,262.4,"Friendswood, United States"
6001,45.0,34.1,154642,7_5,45.2,32.0,"Simferopol District, Simferopol, Crimea, Ukraine (N)"
6002,14.5,-4.1,154639,11_55,19.6,352.0,"Fentàla, Mopti, Mali"
6003,23.4,90.7,154614,10_14,26.0,89.6,"Gorairkandi, Chāndpur, Chittagong, Bangladesh"
6004,-2.9,25.9,154604,14_4,0.4,25.6,"Kindu, Democratic Republic of the Congo"
6005,56.0,93.0,154580,5_14,58.0,89.6,"Krasnoyarsk Urban Okrug, Krasnoyarsk, Krasnoyarsk Krai, Russia (E)"
6006,35.5,51.1,154548,8_7,38.8,44.8,"Golestān, Iran"
6007,17.1,96.2,154543,11_15,19.6,96.0,"Hlegu, Myanmar"
6008,53.4,-2.1,154524,5_55,58.0,352.0,"Romiley, Stockport, England, United Kingdom"
6009,35.2,4.2,154514,8_0,38.8,0.0,"Bou Saâda, Algeria"
6010,36.3,139.0,154468,8_21,38.8,134.4,"Takasaki, Gunma, Japan (S)"
6011,12.9,11.9,154395,12_1,13.2,6.4,"Geidam, Nigeria"
6012,6.9,3.0,154387,12_0,13.2,0.0,"Ilaro, Nigeria"
6013,41.8,140.7,154342,7_21,45.2,134.4,"Hakodate, Japan"
6014,34.6,133.8,154331,8_20,38.8,128.0,"Kurashiki, Japan"
6015,53.3,69.4,154313,5_10,58.0,64.0,"Kokshetau, Kazakhstan"
6016,39.7,141.1,154297,7_22,45.2,140.8,"Kamiota-Yatsukuchi, Morioka, Japan"
6017,51.1,17.1,154238,6_2,51.6,12.8,"Śródmieście, Poland"
6018,47.3,5.0,154201,6_0,51.6,0.0,"Dijon, France"
6019,52.0,4.4,154197,5_0,58.0,0.0,"Delft, The Netherlands"
6020,43.9,18.4,154181,7_2,45.2,12.8,"Poljine, Sarajevo, Bosnia and Herzegovina"
6021,7.1,4.9,154170,12_0,13.2,0.0,"Ondo East, Ondo, Ondo State, Nigeria"
6022,36.8,7.7,154161,8_1,38.8,6.4,"Sidi Amar, Algeria"
6023,24.0,89.6,154146,10_14,26.0,89.6,"Sathiya, Bera, Rajshahi Division, Bangladesh"
6024,30.9,31.9,154145,9_4,32.4,25.6,"Al Ḩusaynīyah, Sharqia, Egypt (NW)"
6025,33.9,-117.2,154110,8_37,38.8,236.8,"Moreno Valley, United States"
6026,51.5,12.0,154067,6_1,51.6,6.4,"Halle (Saale), Germany"
6027,5.8,7.2,154058,13_1,6.8,6.4,"Okwe, Nkwerre, Nigeria"
6028,24.7,90.2,154030,10_14,26.0,89.6,"Kashimpur, Muktāgācha, Mymensingh Division, Bangladesh"
6029,-26.7,27.8,154030,18_4,-25.2,25.6,"Vanderbijlpark, South Africa"
6030,42.5,-83.1,153993,7_43,45.2,275.2,"Madison Heights, Warren, Michigan, United States"
6031,23.9,88.9,153949,10_13,26.0,83.2,"Sardapur, Bherāmāra, Khulna Division, Bangladesh"
6032,31.1,30.4,153916,9_4,32.4,25.6,"Abū Ḩummuş, Damanhur, Egypt"
6033,6.8,38.5,153915,13_6,6.8,38.4,"Woncho, Leku, Sidama Region, Ethiopia"
6034,31.6,-106.3,153908,9_39,32.4,249.6,"Riveras del Bravo, Socorro, Texas, United States"
6035,7.2,125.6,153840,12_19,13.2,121.6,"Mahayag, Biao, Philippines"
6036,52.4,-2.0,153745,5_55,58.0,352.0,"Halesowen, Birmingham, United Kingdom"
6037,34.1,134.5,153708,8_21,38.8,134.4,"Kokufucho-Hanazono, Tokushima, Japan"
6038,34.9,-2.3,153706,8_55,38.8,352.0,"Berkane, Morocco"
6039,-35.4,-71.7,153689,19_45,-31.6,288.0,"Pencahue, Talca, Chile"
6040,18.2,120.6,153680,11_18,19.6,115.2,"Laoag, Philippines"
6041,14.7,-16.2,153672,11_53,19.6,339.2,"Teugue Serere, Diourbel, Senegal"
6042,-3.4,114.8,153656,14_17,0.4,108.8,"Martapura, Indonesia"
6043,23.1,90.2,153643,10_14,26.0,89.6,"Kalkini Upazila, Madaripur, Dhaka Division, Bangladesh"
6044,41.6,41.7,153627,7_6,45.2,38.4,"Kheghru, Batumi, Georgia"
6045,41.6,41.6,153627,7_6,45.2,38.4,"Airport, Batumi, Georgia"
6046,12.9,-85.9,153522,12_42,13.2,268.8,"Matagalpa, Nicaragua"
6047,33.1,6.1,153521,8_0,38.8,0.0,"Touggourt, Algeria"
6048,27.8,30.9,153477,9_4,32.4,25.6,"Dayr Abu Hinnis, Mallawī, Minya, Egypt"
6049,36.1,139.5,153459,8_21,38.8,134.4,"Kōnosu, Japan"
6050,51.8,4.7,153443,5_0,58.0,0.0,"Dordrecht, The Netherlands"
6051,39.3,-76.5,153443,7_44,45.2,281.6,"Essex, United States"
6052,53.2,6.6,153432,5_1,58.0,6.4,"Groningen, The Netherlands"
6053,51.6,39.2,153429,6_6,51.6,38.4,"Voronezh, Voronezh Oblast, Russia"
6054,32.1,72.6,153409,9_11,32.4,70.4,"Chak 84 NB, Sargodha, Punjab, Pakistan"
6055,24.1,89.5,153396,10_13,26.0,83.2,"Dulauri, Shāhzādpur, Rajshahi Division, Bangladesh"
6056,23.4,90.1,153392,10_14,26.0,89.6,"Sadarpur Upazila, Bhanga, Dhaka Division, Bangladesh"
6057,41.7,-87.8,153341,7_42,45.2,268.8,"Palos Hills, Oak Lawn, Illinois, United States"
6058,-33.8,150.9,153341,19_23,-31.6,147.2,"Greystanes, Australia"
6059,-11.0,-77.6,153333,15_44,-6.0,281.6,"Huaura, Peru"
6060,-11.1,-77.6,153333,15_44,-6.0,281.6,"Huacho, Peru"
6061,53.2,63.6,153324,5_9,58.0,57.6,"Kostanay, Kazakhstan"
6062,-7.9,112.0,153323,15_17,-6.0,108.8,"Purwokerto, Kediri, East Java, Indonesia"
6063,37.3,-5.9,153299,8_55,38.8,352.0,"Dos Hermanas, Sevilla, Spain"
6064,7.0,7.5,153292,12_1,13.2,6.4,"Igbo-Eze-North, Enugu-Ezike, Enugu State, Nigeria"
6065,36.1,-95.9,153260,8_41,38.8,262.4,"Tulsa, United States"
6066,32.5,-116.8,153245,8_38,38.8,243.2,"Terrazas del Valle, Mexico"
6067,21.4,-158.0,153221,10_31,26.0,198.4,"Pearl City, United States"
6068,9.1,7.2,153147,12_1,13.2,6.4,"Madala, Suleja, Nigeria"
6069,52.1,4.4,153144,5_0,58.0,0.0,"Leidschendam, The Hague, South Holland, The Netherlands"
6070,-16.7,-49.4,153140,16_48,-12.4,307.2,"Abadia de Goiás, Trindade, Brazil"
6071,38.6,-9.1,153138,8_54,38.8,345.6,"Amora, Portugal"
6072,-25.2,-57.5,153101,18_47,-25.2,300.8,"Limpio, Paraguay"
6073,45.6,-73.5,153092,6_44,51.6,281.6,"Boucherville, Mercier–Hochelaga-Maisonneuve, Quebec, Canada"
6074,14.1,120.9,153090,11_18,19.6,115.2,"Tagaytay, Philippines"
6075,52.0,113.5,153075,5_17,58.0,108.8,"Chita, Russia"
6076,-3.3,102.9,153072,14_16,0.4,102.4,"Lubuklinggau, Indonesia"
6077,23.9,90.5,153070,10_14,26.0,89.6,"Tungi, Bangladesh"
6078,13.7,44.7,153068,11_6,19.6,38.4,"Aḑ Ḑāli‘, Yemen"
6079,40.6,71.1,153006,7_11,45.2,70.4,"Uchko‘prik, Uzbekistan"
6080,36.8,-76.1,153006,8_44,38.8,281.6,"Virginia Beach, United States"
6081,-21.8,-48.2,152976,17_48,-18.8,307.2,"Araraquara, Brazil"
6082,53.4,83.7,152939,5_13,58.0,83.2,"Barnaul, Russia"
6083,48.4,135.1,152936,6_21,51.6,134.4,"Khabarovsk, Russia (S)"
6084,7.0,125.1,152928,12_19,13.2,121.6,"Kidapawan, Philippines"
6085,55.0,82.8,152914,5_12,58.0,76.8,"Ob’, Novosibirsk, Russia"
6086,-28.7,-49.4,152855,18_48,-25.2,307.2,"Criciúma, Brazil"
6087,18.6,-68.7,152834,11_45,19.6,288.0,"Salvaleón de Higüey, Dominican Republic"
6088,30.0,-95.6,152833,9_41,32.4,262.4,"Oak Cliff Place, Cypress, United States"
6089,-1.2,-78.6,152824,14_43,0.4,275.2,"La Rioja, Ambato, Tungurahua Province, Ecuador"
6090,32.2,35.0,152822,9_5,32.4,32.0,"Qalqīlyah, Palestinian Territory"
6091,39.0,-76.9,152817,7_44,45.2,281.6,"College Park, United States"
6092,34.5,65.3,152797,8_10,38.8,64.0,"Fayrōz Kōh, Afghanistan"
6093,39.7,30.6,152765,7_4,45.2,25.6,"Odunpazarı, Eskişehir, Turkey"
6094,0.1,-51.1,152746,14_48,0.4,307.2,"Brasil Novo, Macapá, Brazil"
6095,32.2,35.3,152702,9_5,32.4,32.0,"Area C, Nablus, West Bank, Palestinian Territory"
6096,17.7,38.4,152678,11_6,19.6,38.4,"Northern Red Sea Region, Eritrea"
6097,32.1,35.8,152639,9_5,32.4,32.0,"‘Allān, Ṣuwayliḥ, Jordan"
6098,31.0,30.6,152614,9_4,32.4,25.6,"Shubrākhīt, Beheira, Egypt (W)"
6099,7.7,81.6,152605,12_12,13.2,76.8,"Eravur Town, Sri Lanka"
6100,37.9,41.9,152589,8_6,38.8,38.4,"Siirt, Turkey"
6101,10.8,105.3,152565,12_16,13.2,102.4,"Xã Long Khánh, Tân Châu, An Giang, Vietnam"
6102,23.2,90.3,152559,10_14,26.0,89.6,"Shariatpur Sadar Upazila, Pālang, Dhaka Division, Bangladesh"
6103,13.3,5.4,152547,11_0,19.6,0.0,"Wurno, Nigeria"
6104,7.0,-73.1,152510,12_44,13.2,281.6,"Floridablanca, Colombia"
6105,10.4,106.7,152504,12_16,13.2,102.4,"Gò Công, Vietnam"
6106,50.0,19.9,152431,6_3,51.6,19.2,"Kliny, Kraków, Lesser Poland"
6107,38.8,-9.4,152421,8_54,38.8,345.6,"Algueirão, Portugal"
6108,45.0,-93.1,152391,7_41,45.2,262.4,"Maplewood, Saint Paul, United States"
6109,51.3,6.6,152365,6_1,51.6,6.4,"Krefeld, Germany"
6110,31.1,31.1,152350,9_4,32.4,25.6,"Sīdī Ghāzī, Egypt"
6111,33.3,73.3,152333,8_11,38.8,70.4,"Gujar Khan, Pakistan"
6112,34.0,-117.4,152282,8_37,38.8,236.8,"Riverside, United States"
6113,4.9,7.8,152274,13_1,6.8,6.4,"Abak, Etinan, Akwa Ibom State, Nigeria"
6114,-23.4,43.8,152254,17_6,-18.8,38.4,"Toliary-II, Toliara, Madagascar"
6115,37.6,45.0,152222,8_7,38.8,44.8,"Valindeh-ye Olya, Orūmīyeh, West Azerbaijan, Iran"
6116,45.5,10.2,152215,6_1,51.6,6.4,"Brescia, Italy"
6117,38.2,-85.8,152213,8_42,38.8,268.8,"Louisville, United States"
6118,37.1,36.2,152202,8_5,38.8,32.0,"Vatan, Osmaniye, Turkey"
6119,45.0,-93.2,152128,7_41,45.2,262.4,"Lauderdale, Minneapolis, Minnesota, United States"
6120,22.4,90.8,152124,10_14,26.0,89.6,"Lālmohan, Bangladesh"
6121,2.5,-76.6,152105,13_44,6.8,281.6,"Popayán, Cauca Department, Colombia"
6122,1.6,110.3,152054,13_17,6.8,108.8,"Petra Jaya, Kuching, Sarawak, Malaysia"
6123,37.1,37.3,152016,8_5,38.8,32.0,"Oyumsöğüt, Gaziantep, Turkey"
6124,23.7,89.6,151996,10_14,26.0,89.6,"Rajbari - Baliakandi Road, Bangladesh"
6125,-41.2,174.8,151991,20_27,-38.0,172.8,"Johnsonville, Lower Hutt, New Zealand"
6126,-41.3,174.8,151991,20_27,-38.0,172.8,"Wellington, New Zealand"
6127,51.4,0.5,151951,6_0,51.6,0.0,"Gillingham, United Kingdom"
6128,41.7,129.7,151917,7_20,45.2,128.0,"Ranam, North Korea"
6129,39.8,-86.1,151912,7_42,45.2,268.8,"Marion County, Indianapolis, United States"
6130,20.4,106.5,151896,10_16,26.0,102.4,"Tiền Hải, Vietnam"
6131,7.7,5.2,151875,12_0,13.2,0.0,"Uyin, Ado-Ekiti, Ekiti State, Nigeria"
6132,37.1,36.3,151865,8_5,38.8,32.0,"Dereli, Osmaniye, Turkey"
6133,22.3,-97.8,151825,10_40,26.0,256.0,"Ciudad Madero, Mexico"
6134,-0.3,20.9,151774,14_3,0.4,19.2,"Boende, Democratic Republic of the Congo"
6135,31.6,35.1,151724,9_5,32.4,32.0,"Ḩalḩūl, Palestinian Territory"
6136,24.7,90.7,151714,10_14,26.0,89.6,"Garaduba, Netrakona, Mymensingh Division, Bangladesh"
6137,35.5,45.4,151682,8_7,38.8,44.8,"Sulaymaniyah, Iraq (S)"
6138,20.2,106.0,151677,10_16,26.0,102.4,"Ninh Phúc, Ninh Bình, Ninh Binh, Vietnam"
6139,10.6,106.6,151668,12_16,13.2,102.4,"Cần Giuộc, Vietnam"
6140,-35.0,138.6,151662,19_21,-31.6,134.4,"Belair, Australia"
6141,40.6,72.8,151654,7_11,45.2,70.4,"Kara-Suu District, Osh, Osh Region, Kyrgyzstan"
6142,45.5,-122.9,151627,6_37,51.6,236.8,"Hillsboro, United States"
6143,50.9,-114.0,151594,6_38,51.6,243.2,"Cranston, Canada"
6144,40.1,64.7,151581,7_10,45.2,64.0,"G’ijduvon Shahri, Uzbekistan"
6145,22.0,96.5,151576,10_15,26.0,96.0,"Pyin Oo Lwin, Myanmar"
6146,43.9,-79.4,151568,7_43,45.2,275.2,"Richmond Hill, Canada"
6147,8.0,3.4,151529,12_0,13.2,0.0,"Okeho, Nigeria"
6148,35.3,25.1,151527,8_3,38.8,19.2,"Irákleion, Greece"
6149,48.9,9.2,151526,6_1,51.6,6.4,"Ludwigsburg, Germany"
6150,27.9,30.7,151501,9_4,32.4,25.6,"Banī ‘Ubayd, Egypt"
6151,5.5,-4.1,151489,13_55,6.8,352.0,"Anyama, Ivory Coast"
6152,39.5,-119.8,151474,7_37,45.2,236.8,"Reno, United States"
6153,26.9,85.2,151464,9_13,32.4,83.2,"Maulapur-06, Gaur, Madhesh, Nepal"
6154,36.3,68.0,151432,8_10,38.8,64.0,"Aībak, Afghanistan"
6155,35.3,139.3,151367,8_21,38.8,134.4,"Oiso, Hiratsuka, Kanagawa, Japan"
6156,43.6,16.5,151348,7_2,45.2,12.8,"Solin, Split, Croatia"
6157,24.9,92.0,151338,10_14,26.0,89.6,"Golapganj, Sylhet, Sylhet Division, Bangladesh (N)"
6158,40.1,-75.2,151337,7_44,45.2,281.6,"West Oak Lane, United States"
6159,-21.8,-43.3,151336,17_49,-18.8,313.6,"Graminha, Juiz de Fora, Minas Gerais, Brazil"
6160,34.9,135.6,151322,8_21,38.8,134.4,"Takatsuki, Japan"
6161,52.0,7.6,151280,5_1,58.0,6.4,"Münster, Germany"
6162,-7.0,110.1,151250,15_17,-6.0,108.8,"Weleri, Indonesia"
6163,41.9,-88.1,151198,7_42,45.2,268.8,"Wheaton, United States"
6164,41.6,-87.5,151193,7_42,45.2,268.8,"Hammond, United States"
6165,32.4,-117.0,151171,9_37,32.4,236.8,"Pórticos de San Antonio, Mexico"
6166,-9.1,124.9,151131,15_19,-6.0,121.6,"Atambua, Indonesia"
6167,49.3,-122.8,151117,6_37,51.6,236.8,"Coquitlam, Canada"
6168,22.3,91.1,151116,10_14,26.0,89.6,"quary, Bangladesh"
6169,56.1,-3.2,151115,5_55,58.0,352.0,"Kirkcaldy, United Kingdom"
6170,56.0,-3.2,151115,5_55,58.0,352.0,"Newhaven, Edinburgh, United Kingdom"
6171,30.0,71.8,151099,9_11,32.4,70.4,"Jahanian, Pakistan"
6172,-23.3,-46.0,151093,17_49,-18.8,313.6,"Vila Itá, Jacareí, São Paulo, Brazil"
6173,9.7,39.5,151081,12_6,13.2,38.4,"Debre Birhan, Ethiopia"
6174,26.6,87.2,151065,9_13,32.4,83.2,"Inaruwa-07, Inaruwa, Koshi, Nepal"
6175,26.2,-98.3,151053,9_40,32.4,256.0,"Valley View Estates Colonia, McAllen, Texas, United States"
6176,30.4,71.9,151047,9_11,32.4,70.4,"Kabirwala, Pakistan"
6177,14.4,100.6,151033,11_15,19.6,96.0,"Phra Nakhon Si Ayutthaya, Thailand"
6178,23.0,89.2,151021,10_13,26.0,83.2,"Shyamkur, Kesabpur, Khulna Division, Bangladesh"
6179,49.8,18.3,150991,6_2,51.6,12.8,"Ostrava, Czechia"
6180,6.7,8.8,150978,13_1,6.8,6.4,"Ogoja, Nigeria"
6181,50.4,18.9,150956,6_2,51.6,12.8,"Nowy Radzionków, Bytom, Silesia, Poland"
6182,21.8,92.0,150940,10_14,26.0,89.6,"Chakaria Upazila, Cox's Bazar District, Bangladesh"
6183,54.8,32.0,150935,5_5,58.0,32.0,"Smolensk, Smolensk Oblast, Russia"
6184,41.8,-72.7,150920,7_44,45.2,281.6,"Hartford, United States"
6185,24.0,120.5,150917,10_18,26.0,115.2,"Xihu, Changhua, Taiwan"
6186,35.7,51.8,150907,8_8,38.8,51.2,"Būmahen, Iran"
6187,-26.0,32.6,150893,18_5,-25.2,32.0,"Maputo, Maputo City, Mozambique"
6188,40.8,-73.7,150883,7_44,45.2,281.6,"Port Washington, United States"
6189,31.8,64.6,150870,9_10,32.4,64.0,"Gereshk, Afghanistan"
6190,15.8,121.0,150836,11_18,19.6,115.2,"Santo Tomas, Philippines"
6191,24.4,90.9,150831,10_14,26.0,89.6,"Karimganj Upazila, Kishorganj, Dhaka Division, Bangladesh"
6192,41.9,-71.4,150826,7_45,45.2,288.0,"Pawtucket, United States"
6193,47.9,-122.2,150822,6_37,51.6,236.8,"Silver Firs, United States"
6194,39.1,66.9,150820,7_10,45.2,64.0,"Kalmak, Shahrisabz, Qashqadaryo, Uzbekistan"
6195,43.2,-79.9,150810,7_43,45.2,275.2,"Kennedy East, Hamilton, Ontario, Canada"
6196,55.5,37.6,150793,5_5,58.0,32.0,"Drozhzhino, Podolsk, Russia"
6197,-28.5,-65.8,150734,18_45,-25.2,288.0,"Catamarca, Argentina"
6198,-6.5,22.9,150725,15_3,-6.0,19.2,"Lulua, Democratic Republic of the Congo"
6199,31.5,73.0,150718,9_11,32.4,70.4,"Sajjad Wala, Faisalabad, Punjab, Pakistan"
6200,29.2,31.1,150702,9_4,32.4,25.6,"Būsh, Beni Suweif, Egypt"
6201,38.8,-104.8,150689,8_39,38.8,249.6,"Stratton Meadows, Colorado Springs, Colorado, United States"
6202,14.3,120.8,150672,11_18,19.6,115.2,"Naic, Philippines"
6203,-6.9,112.0,150667,15_17,-6.0,108.8,"Taraan, Indonesia"
6204,10.2,-67.3,150643,12_45,13.2,288.0,"La Victoria, Venezuela"
6205,35.5,51.7,150636,8_8,38.8,51.2,"Pākdasht, Iran"
6206,50.3,19.2,150626,6_3,51.6,19.2,"Sosnowiec, Poland"
6207,25.9,89.5,150625,10_13,26.0,83.2,"Kulaghat, Lalmonirhat, Rangpur Division, Bangladesh"
6208,10.4,107.2,150612,12_16,13.2,102.4,"Xã Long Hải, Thành Phố Bà Rịa, Vietnam"
6209,33.9,-84.5,150606,8_43,38.8,275.2,"Marietta, United States"
6210,-25.4,31.2,150605,18_4,-25.2,25.6,"Luphisi, Tekwane, South Africa"
6211,24.9,67.3,150594,10_10,26.0,64.0,"Sheedi Goth, Malir Cantonment, Sindh, Pakistan"
6212,-28.3,-52.4,150585,18_48,-25.2,307.2,"Passo Fundo, Brazil"
6213,56.9,35.9,150520,5_5,58.0,32.0,"Tver, Russia"
6214,30.6,32.2,150519,9_5,32.4,32.0,"Ezbet al Hasaima, Ismailia, Egypt"
6215,14.8,-91.2,150508,11_42,19.6,268.8,"Sololá, Guatemala"
6216,42.5,-70.9,150476,7_45,45.2,288.0,"South Salem, Lynn, Massachusetts, United States"
6217,14.1,-16.1,150462,11_53,19.6,339.2,"Boul Soutoura, Kaolack, Senegal"
6218,26.1,32.1,150461,9_5,32.4,32.0,"abutisht, Abū Ţisht, Qena, Egypt"
6219,42.3,-71.8,150456,7_45,45.2,288.0,"Worcester, United States"
6220,6.8,4.9,150451,13_0,6.8,0.0,"Ore, Nigeria"
6221,-6.2,35.7,150261,15_5,-6.0,32.0,"Dodoma, Tanzania"
6222,51.4,12.4,150260,6_1,51.6,6.4,"Seehausen, Leipzig, Saxony, Germany"
6223,-8.2,113.4,150249,15_17,-6.0,108.8,"Tanggul, Indonesia"
6224,24.7,91.9,150226,10_14,26.0,89.6,"Balaganj, Sylhet, Sylhet Division, Bangladesh"
6225,7.2,80.1,150222,12_12,13.2,76.8,"Welavilamulla, Minuwangoda, Western Province, Sri Lanka"
6226,54.6,-6.0,150216,5_55,58.0,352.0,"Turf Lodge, Belfast, Northern Ireland, United Kingdom"
6227,26.3,44.0,150167,9_6,32.4,38.4,"Buraydah, Saudi Arabia"
6228,54.7,55.9,150141,5_8,58.0,51.2,"Dyoma, Ufa, Bashkortostan Republic, Russia"
6229,28.2,68.8,150140,9_10,32.4,64.0,"Thul, Pakistan"
6230,52.3,10.5,150103,5_1,58.0,6.4,"Petritor - Ost, Germany"
6231,38.4,68.0,150098,8_10,38.8,64.0,"Sariosiyo District, Denov, Surxondaryo Region, Uzbekistan"
6232,-0.3,103.2,150020,14_16,0.4,102.4,"Tembilahan, Indonesia"
6233,18.9,-96.9,149999,11_41,19.6,262.4,"Córdoba, Mexico"
6234,37.3,42.2,149990,8_6,38.8,38.4,"Cizre, Turkey"
6235,45.9,6.1,149982,6_0,51.6,0.0,"Annecy, France"
6236,-4.1,29.1,149977,14_4,0.4,25.6,"Église de Jésus christe, République démocratique du Congo"
6237,16.7,-92.6,149944,11_41,19.6,262.4,"San Cristóbal de las Casas, Mexico"
6238,30.8,30.5,149921,9_4,32.4,25.6,"Ezbet an Naher, Ad Dilinjāt, Beheira, Egypt"
6239,-5.5,14.7,149891,14_2,0.4,12.8,"Camp Béton, République démocratique du Congo"
6240,24.1,90.8,149770,10_14,26.0,89.6,"Bir Baghber, Nagar Naluākot, Dhaka Division, Bangladesh"
6241,21.6,39.3,149754,10_6,26.0,38.4,"Al Asla, Jeddah, Mecca Region, Saudi Arabia"
6242,7.6,36.7,149720,12_5,13.2,32.0,"Seka, Jimma, Oromiya, Ethiopia"
6243,5.7,100.5,149683,13_15,6.8,96.0,"Sebelas Village, Sungai Petani, Kedah, Malaysia"
6244,13.7,102.6,149658,11_16,19.6,102.4,"Paoy Paet, Cambodia"
6245,14.8,-91.5,149614,11_41,19.6,262.4,"Zona 4, Quetzaltenango, Guatemala"
6246,31.6,31.1,149603,9_4,32.4,25.6,"Balţīm, Egypt"
6247,9.7,1.7,149566,12_0,13.2,0.0,"Djougou, Benin"
6248,-17.9,30.9,149556,16_4,-12.4,25.6,"Zvimba, Harare Western Suburbs, Mashonaland West, Zimbabwe"
6249,-9.7,-35.7,149548,15_50,-6.0,320.0,"Maceió, Brazil"
6250,-6.7,147.0,149535,15_22,-6.0,140.8,"Lae, Papua New Guinea"
6251,-8.9,13.5,149448,15_2,-6.0,12.8,"Funda, Angola"
6252,19.9,99.8,149429,10_15,26.0,96.0,"Chiang Rai, Thailand"
6253,-6.1,23.7,149422,15_3,-6.0,19.2,"Lupatapata, Mbuji-Mayi, East Kasai, Democratic Republic of the Congo (E)"
6254,29.6,-98.4,149373,9_40,32.4,256.0,"Live Oak, United States"
6255,48.8,9.3,149367,6_1,51.6,6.4,"Esslingen, Stuttgart, Germany"
6256,32.8,-96.6,149350,8_41,38.8,262.4,"Mesquite, United States"
6257,-26.2,27.7,149344,18_4,-25.2,25.6,"Randfontein, South Africa"
6258,24.1,89.9,149308,10_14,26.0,89.6,"Sahabatpur, Nāgarpur, Dhaka Division, Bangladesh"
6259,11.8,8.4,149280,12_1,13.2,6.4,"Kura, Nigeria"
6260,1.1,34.3,149215,13_5,6.8,32.0,"Budadiri, Uganda"
6261,29.5,31.0,149190,9_4,32.4,25.6,"Ţāmiyah, Faiyum, Egypt"
6262,20.6,-103.5,149181,10_40,26.0,256.0,"San Agustín, Mexico"
6263,51.7,36.2,149142,5_5,58.0,32.0,"Kursk, Russia"
6264,41.2,32.6,149140,7_5,45.2,32.0,"Karabük, Turkey"
6265,18.9,-97.0,149115,11_41,19.6,262.4,"Fortín de las Flores, Mexico"
6266,51.2,6.4,149104,6_1,51.6,6.4,"Mönchengladbach, Germany"
6267,38.4,-121.4,149091,8_37,38.8,236.8,"Elk Grove, United States"
6268,10.2,-70.1,149090,12_45,13.2,288.0,"Carora, Venezuela"
6269,15.3,120.6,149057,11_18,19.6,115.2,"Concepcion, Philippines"
6270,31.0,31.5,149048,9_4,32.4,25.6,"Al Zammar, Timayy al Imdīd, Dakahlia, Egypt"
6271,8.5,124.8,149041,12_19,13.2,121.6,"Bugo, Philippines"
6272,37.0,46.1,148982,8_7,38.8,44.8,"Mīāndoāb, Iran"
6273,16.7,95.9,148978,11_14,19.6,89.6,"Twante, Myanmar"
6274,-1.6,29.4,148935,14_4,0.4,25.6,"Kora, Rwanda"
6275,-6.1,106.4,148905,15_16,-6.0,102.4,"Kosambi Dalam, Kresek, West Java, Indonesia"
6276,14.1,38.3,148873,11_5,19.6,32.0,"Inda Silasē, Ethiopia"
6277,31.9,35.8,148852,9_5,32.4,32.0,"Wādī as Sīr, Jordan"
6278,40.5,71.0,148851,7_11,45.2,70.4,"Almurat, Qo‘qon, Fergana, Uzbekistan"
6279,-33.0,-71.4,148823,19_45,-31.6,288.0,"Parcelas Quebraditos, Quilpué, Valparaiso, Chile"
6280,-6.8,108.0,148796,15_16,-6.0,102.4,"Sumedang Utara, Indonesia"
6281,29.6,53.3,148789,9_8,32.4,51.2,"Kharameh County, Kherāmeh, Fars, Iran (NW)"
6282,31.8,71.1,148783,9_11,32.4,70.4,"Darya Khan, Pakistan"
6283,38.5,68.6,148758,8_10,38.8,64.0,"Hisor, Tajikistan"
6284,-8.4,22.6,148753,15_3,-6.0,19.2,"Musumba, Democratic Republic of the Congo"
6285,26.1,-80.3,148738,9_43,32.4,275.2,"Davie, United States"
6286,32.5,35.7,148665,8_5,38.8,32.0,"Kafr al Ma, Aţ Ţayyibah, Irbid, Jordan"
6287,15.4,39.1,148662,11_6,19.6,38.4,"Embatkalla, Asmara, Maekel, Eritrea"
6288,11.3,10.5,148662,12_1,13.2,6.4,"Misau, Nigeria"
6289,14.0,100.5,148646,11_15,19.6,96.0,"Ban Bang Kadi, Pak Kret, Thailand"
6290,12.5,-8.0,148637,12_55,13.2,352.0,"Kabala, Kalaban Koro, Mali"
6291,10.3,105.8,148610,12_16,13.2,102.4,"Sa Dec, Vietnam"
6292,32.3,74.2,148545,9_11,32.4,70.4,"Babuchak, Dhaunkal, Punjab, Pakistan"
6293,-2.9,120.2,148518,14_18,0.4,115.2,"Batuputih, Palopo, Indonesia"
6294,19.3,-98.4,148506,11_40,19.6,256.0,"San Martin Texmelucan de Labastida, Mexico"
6295,37.5,45.0,148472,8_7,38.8,44.8,"Band, Orūmīyeh, Iran"
6296,43.4,-5.8,148472,7_55,45.2,352.0,"Oviedo, Spain"
6297,25.3,89.3,148398,10_13,26.0,83.2,"Kishoregari, Gaibandha, Rangpur Division, Bangladesh"
6298,54.8,32.1,148397,5_5,58.0,32.0,"Sheynovka, Smolensk, Smolensk Oblast, Russia"
6299,32.2,-111.0,148384,9_38,32.4,243.2,"Pima County, Tucson, Arizona, United States (W)"
6300,53.7,-1.6,148332,5_56,58.0,358.4,"Wakefield, United Kingdom"
6301,6.4,5.7,148317,13_0,6.8,0.0,"Uselu, Benin City, Nigeria"
6302,7.8,6.1,148309,12_0,13.2,0.0,"Kabba, Nigeria"
6303,15.9,120.3,148304,11_18,19.6,115.2,"Aguilar, Philippines"
6304,25.0,89.0,148302,10_13,26.0,83.2,"Paharpur, Joypur Hāt, Bangladesh"
6305,-3.3,37.3,148288,14_5,0.4,32.0,"Boro, Moshi, Kilimanjaro, Tanzania"
6306,-27.0,-48.6,148284,18_48,-25.2,307.2,"Balneário Camboriú, Brazil"
6307,49.6,6.1,148262,6_0,51.6,0.0,Luxembourg
6308,-6.6,106.9,148221,15_16,-6.0,102.4,"Bojong Koneng, Bogor, West Java, Indonesia"
6309,28.0,-82.4,148219,9_43,32.4,275.2,"Temple Terrace, Tampa, United States"
6310,-7.1,107.6,148205,15_16,-6.0,102.4,"Banjaran, Indonesia"
6311,47.3,11.4,148195,6_1,51.6,6.4,"Innsbruck, Austria"
6312,42.0,12.5,148143,7_1,45.2,6.4,"Monte Caminetto, Monterotondo, Italy"
6313,5.1,40.7,148132,13_6,6.8,38.4,"Liben, Ethiopia"
6314,23.1,89.1,148112,10_13,26.0,83.2,"Jhingergācha, Bangladesh"
6315,-6.2,106.2,148087,15_16,-6.0,102.4,"Pasagipasir, Serang, Indonesia"
6316,26.5,87.2,148071,9_13,32.4,83.2,"Phaudarsthan, Biratnagar, Koshi, Nepal"
6317,-33.6,-70.5,148055,19_45,-31.6,288.0,"Las Vizcachas, Puente Alto, Santiago Metropolitan, Chile"
6318,9.6,8.4,148040,12_1,13.2,6.4,"Kagoro, Nigeria"
6319,-34.8,-56.1,148039,19_47,-31.6,300.8,"Paso de Carrasco, Uruguay"
6320,38.1,23.7,148036,8_3,38.8,19.2,"Ano Liosia, Acharnés, Attica, Greece"
6321,38.6,-121.3,148025,8_37,38.8,236.8,"Arden-Arcade, United States"
6322,30.6,30.8,148013,9_4,32.4,25.6,"Badr, Egypt"
6323,53.5,-3.0,148010,5_55,58.0,352.0,"Bootle, Liverpool, United Kingdom"
6324,-8.6,115.1,148007,15_17,-6.0,108.8,"Banjar Batanbuah, Indonesia"
6325,47.7,-117.4,147976,6_37,51.6,236.8,"Spokane, United States"
6326,6.8,-1.6,147973,13_56,6.8,358.4,"Adwumakase-Kese, Tafo, Ashanti, Ghana"
6327,21.9,91.9,147959,10_14,26.0,89.6,"Banshkhali, Sātkania, Chittagong, Bangladesh"
6328,32.8,-97.1,147936,8_41,38.8,262.4,"Tarrant County, Arlington, Texas, United States (N)"
6329,4.3,18.5,147919,13_2,6.8,12.8,"Zila, Bangui, Central African Republic"
6330,23.2,90.5,147894,10_14,26.0,89.6,"Bhedarganj, Pālang, Dhaka Division, Bangladesh (E)"
6331,45.1,42.0,147864,7_6,45.2,38.4,"Shpakovsky District, Stavropol, Russia"
6332,39.0,-94.6,147845,7_41,45.2,262.4,"Jackson County, Overland Park, Kansas, United States"
6333,-2.8,30.3,147844,14_4,0.4,25.6,"Muyinga, Burundi"
6334,32.6,-97.1,147841,8_41,38.8,262.4,"Mansfield, United States"
6335,-7.0,112.4,147817,15_17,-6.0,108.8,"Kalitengah, Indonesia"
6336,30.5,73.7,147803,9_11,32.4,70.4,"Haveli Lakha, Pakistan"
6337,52.1,11.6,147778,5_1,58.0,6.4,"Magdeburg, Germany"
6338,11.0,-63.8,147760,12_46,13.2,294.4,"Pampatar, Venezuela"
6339,24.9,89.3,147759,10_13,26.0,83.2,"Mahasthangarh, Shibganj, Bangladesh"
6340,32.6,74.0,147721,8_11,38.8,70.4,"Poor, Gujrat, Punjab, Pakistan"
6341,10.5,-66.5,147708,12_45,13.2,288.0,"Guatire, Venezuela"
6342,13.9,44.1,147701,11_6,19.6,38.4,"Dhī as Sufāl, Ibb, Yemen"
6343,31.8,49.9,147682,9_7,32.4,44.8,"Īz̄eh, Iran"
6344,23.2,90.6,147651,10_14,26.0,89.6,"Narahardi, Chāndpur, Chittagong, Bangladesh"
6345,7.5,4.5,147624,12_0,13.2,0.0,"Odan Asun, Ile-Ife, Osun State, Nigeria"
6346,23.8,88.6,147607,10_13,26.0,83.2,"Ujalpur, Bangladesh"
6347,40.1,67.9,147578,7_10,45.2,64.0,"Sulakli, Jizzax, Jizzakh Region, Uzbekistan"
6348,8.1,38.4,147575,12_6,13.2,38.4,"Butajira, Butajīra, Central Ethiopia Regional State, Ethiopia"
6349,-6.3,107.4,147555,15_16,-6.0,102.4,"Cariumulya, Karawang, West Java, Indonesia"
6350,11.5,7.1,147536,12_1,13.2,6.4,"Dandume, Nigeria"
6351,21.9,-102.2,147519,10_40,26.0,256.0,"Las Norias de Ojocaliente, Aguascalientes, Mexico"
6352,6.4,2.6,147519,13_0,6.8,0.0,"Ekpé, Benin"
6353,55.9,37.9,147517,5_5,58.0,32.0,"Korolev, Russia"
6354,-21.3,55.5,147501,17_8,-18.8,51.2,"Saint-Pierre, Reunion"
6355,-26.0,32.5,147463,18_5,-25.2,32.0,"Incassane, Matola, Maputo Province, Mozambique"
6356,-0.7,34.7,147455,14_5,0.4,32.0,"Suneka, Kisii, Kisii County, Kenya"
6357,5.3,37.4,147455,13_5,6.8,32.0,"Konso, Ethiopia"
6358,10.7,105.1,147441,12_16,13.2,102.4,"Châu Đốc, Vietnam"
6359,7.2,2.0,147417,12_0,13.2,0.0,"Abomey, Benin"
6360,-6.6,39.1,147388,15_6,-6.0,38.4,"Mapinga, Tanzania"
6361,-25.4,28.1,147370,18_4,-25.2,25.6,"Tshwane Ward 13, Soshanguve, Gauteng, South Africa"
6362,52.5,4.6,147357,5_0,58.0,0.0,"Velsen-Zuid, The Netherlands"
6363,52.4,4.6,147357,5_0,58.0,0.0,"Haarlem, The Netherlands"
6364,19.9,-72.7,147331,10_44,26.0,281.6,"Saint-Louis du Nord, Haiti"
6365,0.5,32.5,147329,13_5,6.8,32.0,"Gombe, Wakiso, Uganda"
6366,-33.7,151.1,147311,19_23,-31.6,147.2,"Hornsby, Australia"
6367,36.9,7.8,147278,8_1,38.8,6.4,"Annaba, Algeria"
6368,51.7,39.1,147273,5_6,58.0,38.4,"Voronezh, Voronezh Oblast, Russia (NW)"
6369,5.4,7.3,147256,13_1,6.8,6.4,"Itu, Nigeria"
6370,10.8,105.2,147248,12_16,13.2,102.4,"Xã Tân An, Tân Châu, An Giang, Vietnam"
6371,55.6,38.1,147244,5_5,58.0,32.0,"Zhukovsky, Russia"
6372,7.2,124.5,147242,12_19,13.2,121.6,"Budta, Philippines"
6373,28.6,-81.4,147236,9_43,32.4,275.2,"Orange County, Orlando, Florida, United States"
6374,-12.8,-38.4,147223,16_50,-12.4,320.0,"Simões Filho, Brazil"
6375,26.2,31.9,147214,9_4,32.4,25.6,"Bani Mansour, Al Balyanā, Sohag, Egypt"
6376,-11.2,13.8,147203,15_2,-6.0,12.8,"Sumbe, Angola"
6377,22.8,89.2,147202,10_13,26.0,83.2,"Patkelghata, Kesabpur, Khulna Division, Bangladesh"
6378,45.8,21.2,147196,6_3,51.6,19.2,"Aradului Vest, Timişoara, Timiș County, Romania"
6379,37.6,61.8,147195,8_9,38.8,57.6,"Gurtzäkir, Mary, Turkmenistan"
6380,6.6,4.0,147109,13_0,6.8,0.0,"Epe, Nigeria"
6381,47.2,-122.5,147105,6_37,51.6,236.8,"Lakewood, Washington, United States"
6382,-11.8,27.2,147090,15_4,-6.0,25.6,"Kipushi, Democratic Republic of the Congo"
6383,33.1,-117.1,147078,8_37,38.8,236.8,"Escondido, United States"
6384,44.6,40.1,147050,7_6,45.2,38.4,"Maykop, Russia"
6385,34.4,72.0,147018,8_11,38.8,70.4,"Alam Khan Kalay, Noorabad, Khyber Pakhtunkhwa, Pakistan"
6386,26.9,85.3,146987,9_13,32.4,83.2,"Madhav Narayan-03, Gaur, Madhesh, Nepal"
6387,51.5,6.7,146962,6_1,51.6,6.4,"Moers, Duisburg, Germany"
6388,40.5,68.8,146953,7_10,45.2,64.0,"Guliston, Uzbekistan"
6389,6.2,125.1,146926,13_19,6.8,121.6,"Polomolok, Philippines"
6390,24.7,88.1,146923,10_13,26.0,83.2,"Shibganj Upazila, Chapai Nawabganj, Shibganj, Rajshahi Division, Bangladesh (W)"
6391,2.8,27.6,146908,13_4,6.8,25.6,"Isiro, Democratic Republic of the Congo"
6392,49.4,32.1,146883,6_5,51.6,32.0,"Cherkasy, Ukraine"
6393,29.8,-95.2,146868,9_41,32.4,262.4,"Cloverleaf, United States"
6394,47.5,-122.3,146809,6_37,51.6,236.8,"Renton, United States"
6395,-3.3,-80.0,146806,14_43,0.4,275.2,"Machala, Ecuador"
6396,36.3,-115.2,146795,8_38,38.8,243.2,"North Las Vegas, United States"
6397,41.8,12.6,146757,7_1,45.2,6.4,"Marino, Italy"
6398,0.0,34.6,146739,14_5,0.4,32.0,"Luanda, Kenya"
6399,35.9,43.3,146727,8_6,38.8,38.4,"Arfaylah, Al Qayyārah, Nineveh, Iraq"
6400,52.0,8.5,146719,5_1,58.0,6.4,"Bielefeld, Germany"
6401,17.4,104.8,146692,11_16,19.6,102.4,"Thakhèk, Laos"
6402,2.0,103.3,146607,13_16,6.8,102.4,"Kluang, Malaysia"
6403,-16.1,35.8,146598,16_5,-12.4,32.0,"Milange, Mozambique"
6404,4.6,7.6,146589,13_1,6.8,6.4,"Ikot Abasi, Nigeria"
6405,28.6,-81.2,146578,9_43,32.4,275.2,"Alafaya, United States"
6406,24.2,91.0,146574,10_14,26.0,89.6,"Dighirpar, Bājitpur, Dhaka Division, Bangladesh"
6407,29.2,31.0,146542,9_4,32.4,25.6,"Lahun, Ihnāsīyah, Beni Suweif, Egypt"
6408,8.0,124.3,146477,12_19,13.2,121.6,"Marawi City, Philippines"
6409,-25.6,27.2,146454,18_4,-25.2,25.6,"Rustenburg Ward 7, Rustenburg, North West, South Africa"
6410,9.3,15.8,146444,12_2,13.2,12.8,"Kelo, Chad"
6411,7.9,5.1,146417,12_0,13.2,0.0,"Ipoti, Nigeria"
6412,-33.7,151.0,146404,19_23,-31.6,147.2,"Castle Hill, Australia"
6413,43.4,-79.8,146354,7_43,45.2,275.2,"Burlington, Canada"
6414,13.3,43.5,146352,11_6,19.6,38.4,"Mawza‘, Yemen"
6415,17.1,96.1,146350,11_15,19.6,96.0,"San Chaung, Myanmar"
6416,-20.3,-70.1,146342,17_45,-18.8,288.0,"Alto Hospicio, Chile"
6417,39.9,41.3,146339,7_6,45.2,38.4,"Erzurum, Turkey"
6418,0.5,117.5,146305,13_18,6.8,115.2,"Sangatta, Indonesia"
6419,9.0,37.9,146282,12_5,13.2,32.0,"Ambo Zuria, Hāgere Hiywet, Oromiya, Ethiopia"
6420,7.0,7.4,146273,12_1,13.2,6.4,"Mkpor-Agwu, Enugu-Ezike, Enugu State, Nigeria"
6421,42.5,-83.2,146233,7_43,45.2,275.2,"Southfield, United States"
6422,39.8,124.9,146215,7_19,45.2,121.6,"Kwaksan, North Korea"
6423,11.0,106.4,146200,12_16,13.2,102.4,"Trảng Bàng, Vietnam"
6424,17.1,-96.8,146176,11_41,19.6,262.4,"Santa María Atzompa, Oaxaca, Mexico"
6425,10.4,105.5,146175,12_16,13.2,102.4,"Hội An, Long Xuyên, An Giang, Vietnam"
6426,32.9,59.2,146169,8_9,38.8,57.6,"Bīrjand, Iran"
6427,5.5,-73.4,146164,13_44,6.8,281.6,"Tunja, Colombia"
6428,56.1,40.4,146133,5_6,58.0,38.4,"Vladimir, Russia"
6429,32.6,36.1,146107,8_5,38.8,32.0,"Dar‘ā, Syria"
6430,-6.5,107.7,146053,15_16,-6.0,102.4,"Ciruluk, Subang, West Java, Indonesia"
6431,32.0,74.1,146039,9_11,32.4,70.4,"Bhrain, Kamoke, Punjab, Pakistan"
6432,52.4,13.1,146022,5_2,58.0,12.8,"Potsdam, Germany"
6433,5.7,6.9,146013,13_1,6.8,6.4,"Mgbidi, Oguta, Nigeria"
6434,-3.9,119.6,146011,14_18,0.4,115.2,"Majennang, Indonesia"
6435,37.7,-121.0,146008,8_37,38.8,236.8,"Modesto, United States"
6436,30.0,72.4,146007,9_11,32.4,70.4,"Vihari, Punjab, Pakistan"
6437,32.9,73.8,145994,8_11,38.8,70.4,"Faiz Pur, Jhelum, Punjab, Pakistan"
6438,39.7,33.6,145934,7_5,45.2,32.0,"Keskin, Turkey"
6439,17.4,102.8,145907,11_16,19.6,102.4,"Udon Thani, Thailand"
6440,-10.3,-48.3,145805,15_48,-6.0,307.2,"Palmas, Tocantins, Brazil (S)"
6441,24.9,121.1,145765,10_18,26.0,115.2,"Shenzhen, Zhubei, Taiwan"
6442,25.0,90.3,145712,10_14,26.0,89.6,"Phulpur Upazila, Bangladesh"
6443,-16.8,37.0,145691,16_5,-12.4,32.0,"Mocuba, Mozambique"
6444,51.6,7.2,145686,6_1,51.6,6.4,"Herne, Germany"
6445,-25.4,-51.5,145650,18_48,-25.2,307.2,"Guarapuava, Brazil"
6446,20.3,106.2,145649,10_16,26.0,102.4,"Cổ Lễ, Vietnam"
6447,0.3,34.7,145631,14_5,0.4,32.0,"Eshisiru, Kakamega, Kakamega County, Kenya"
6448,33.8,-84.2,145590,8_43,38.8,275.2,"Redan, Tucker, Georgia, United States"
6449,30.2,71.6,145544,9_11,32.4,70.4,"Chah Makhni, Multan, Punjab, Pakistan"
6450,31.9,47.1,145510,9_7,32.4,44.8,"Ash Shakhah, Al ‘Amārah, Maysan, Iraq"
6451,51.9,4.3,145496,5_0,58.0,0.0,"Schiedam, The Netherlands"
6452,34.1,71.8,145490,8_11,38.8,70.4,"Tarlandi, Charsadda, Khyber Pakhtunkhwa, Pakistan"
6453,9.4,14.9,145473,12_2,13.2,12.8,"Pala, Chad"
6454,24.4,54.5,145472,10_8,26.0,51.2,"Musaffah, Abu Dhabi, United Arab Emirates"
6455,32.4,73.6,145448,9_11,32.4,70.4,"Phalia, Pakistan"
6456,5.8,7.9,145441,13_1,6.8,6.4,"Ogbu, Amaigbo, Abia State, Nigeria"
6457,51.6,4.8,145441,6_0,51.6,0.0,"Breda, The Netherlands"
6458,7.5,4.4,145438,12_0,13.2,0.0,"Gbongan, Nigeria"
6459,20.8,105.8,145383,10_16,26.0,102.4,"Vân Đình, Vietnam"
6460,6.5,2.4,145381,13_0,6.8,0.0,"So-Chanhoue, Abomey-Calavi, Atlantique, Benin"
6461,42.0,-88.1,145363,7_42,45.2,268.8,"Schaumburg, United States"
6462,17.0,-96.7,145360,11_41,19.6,262.4,"San Agustín de las Juntas, Oaxaca, Mexico"
6463,-7.1,108.2,145355,15_16,-6.0,102.4,"Guranteng, Indonesia"
6464,37.7,-97.3,145336,8_41,38.8,262.4,"Wichita, United States"
6465,14.7,120.5,145256,11_18,19.6,115.2,"Balanga, Philippines"
6466,24.6,46.9,145253,10_7,26.0,44.8,"Al Mashael District, Riyadh, Riyadh Region, Saudi Arabia"
6467,6.9,38.5,145234,12_6,13.2,38.4,"Leku, Sidama Region, Ethiopia"
6468,33.5,73.0,145213,8_11,38.8,70.4,"Misriot, Rawalpindi, Punjab, Pakistan"
6469,-1.8,136.2,145209,14_21,0.4,134.4,"Serui, Indonesia"
6470,12.5,4.2,145200,12_0,13.2,0.0,"Marafa, Birnin Kebbi, Kebbi, Nigeria"
6471,40.5,-74.4,145171,7_44,45.2,281.6,"Edison, United States"
6472,25.3,55.6,145136,10_8,26.0,51.2,"Al Sajaah, United Arab Emirates"
6473,53.4,-6.4,145135,5_55,58.0,352.0,"Blanchardstown-Coolmine DED 1986, Finglas, Leinster, Ireland"
6474,6.7,-3.5,145120,13_55,6.8,352.0,"Abengourou, Ivory Coast"
6475,28.6,-106.0,145085,9_39,32.4,249.6,"Ninguno [CERESO], Chihuahua, Mexico"
6476,20.9,105.6,145057,10_16,26.0,102.4,"Xuân Mai, Vietnam"
6477,42.3,-71.2,145054,7_45,45.2,288.0,"Newton, United States"
6478,32.8,-97.2,145016,8_41,38.8,262.4,"North Richland Hills, Arlington, United States"
6479,6.9,38.3,144996,12_5,13.2,32.0,"Gado, Leku, Sidama Region, Ethiopia"
6480,18.7,99.0,144979,11_15,19.6,96.0,"Saraphi, Chiang Mai, Thailand"
6481,25.1,90.3,144962,10_14,26.0,89.6,"Haluaghat Upazila, Bangladesh"
6482,6.2,6.5,144923,13_1,6.8,6.4,"Ogwashi-Uku, Nigeria"
6483,33.4,36.4,144910,8_5,38.8,32.0,"Dayr al ‘Aşāfīr, Jaramānā, Syria"
6484,42.1,-72.6,144895,7_44,45.2,281.6,"Springfield, Massachusetts, United States"
6485,7.8,-72.5,144893,12_44,13.2,281.6,"San Antonio del Táchira, Cúcuta, Venezuela"
6486,20.6,106.4,144860,10_16,26.0,102.4,"Đông Hưng, Vietnam"
6487,7.7,28.0,144825,12_4,13.2,25.6,"Wau, South Sudan"
6488,41.7,26.6,144752,7_4,45.2,25.6,"Edirne, Turkey"
6489,21.5,92.0,144750,10_14,26.0,89.6,"Bharuakhali, Cox’s Bāzār, Chittagong, Bangladesh"
6490,51.7,5.3,144743,5_0,58.0,0.0,"'s-Hertogenbosch, The Netherlands"
6491,-7.0,39.2,144737,15_6,-6.0,38.4,"Mwandege, Tanzania"
6492,40.6,49.6,144735,7_7,45.2,44.8,"Sumqayıt, Sumqayit, Azerbaijan (W)"
6493,6.9,37.9,144723,12_5,13.2,32.0,"Badessa, Ethiopia"
6494,10.2,105.6,144705,12_16,13.2,102.4,"Lai Vung, Vietnam"
6495,51.2,4.5,144692,6_0,51.6,0.0,"Wommelgem, Antwerpen, Flanders, Belgium"
6496,36.9,35.8,144686,8_5,38.8,32.0,"Hamzalı, Turkey"
6497,21.4,-157.9,144675,10_31,26.0,198.4,"Kalihi Valley, United States"
6498,21.3,-157.9,144675,10_31,26.0,198.4,"Honolulu, United States"
6499,-7.0,109.0,144639,15_17,-6.0,108.8,"Margasari, Indonesia"
6500,-7.7,112.1,144635,15_17,-6.0,108.8,"Sitimerto, Gampengrejo, Indonesia"
6501,45.7,21.2,144626,6_3,51.6,19.2,"Chișoda, Timişoara, Timiș County, Romania"
6502,24.6,90.5,144557,10_14,26.0,89.6,"Trishal Upazila, Gafargaon, Mymensingh Division, Bangladesh"
6503,51.8,107.6,144540,5_16,58.0,102.4,"Ulan-Ude, Russia"
6504,21.3,39.2,144536,10_6,26.0,38.4,"Ad Dahiah, Jeddah, Mecca Region, Saudi Arabia"
6505,50.0,8.2,144525,6_1,51.6,6.4,"Villenviertel, Mainz, Rheinland-Pfalz, Germany"
6506,-3.3,37.4,144467,14_5,0.4,32.0,"Tella, Moshi, Kilimanjaro, Tanzania"
6507,32.9,-97.2,144453,8_41,38.8,262.4,"North Richland Hills, United States"
6508,34.9,71.7,144396,8_11,38.8,70.4,"Charmangi, Timargara, Khyber Pakhtunkhwa, Pakistan"
6509,5.8,-5.4,144382,13_55,6.8,352.0,"Divo, Ivory Coast"
6510,23.8,89.3,144380,10_13,26.0,83.2,"Khoksha, Kushtia, Khulna Division, Bangladesh"
6511,52.1,21.0,144355,5_3,58.0,19.2,"Ursynów, Poland"
6512,25.9,88.7,144326,10_13,26.0,83.2,"Nijpara, Nilphamari, Rangpur Division, Bangladesh"
6513,39.0,-94.7,144311,7_41,45.2,262.4,"Merriam, Overland Park, Kansas, United States"
6514,52.3,104.2,144287,5_16,58.0,102.4,"Irkutsk, Irkutsk Oblast, Russia"
6515,15.4,-88.0,144271,11_42,19.6,268.8,"Pueblo Nuevo, La Lima, Honduras"
6516,21.2,105.5,144263,10_16,26.0,102.4,"Vinh Tuong, Sơn Tây, Hanoi, Vietnam"
6517,24.7,90.3,144216,10_14,26.0,89.6,"Sharutia, Muktāgācha, Mymensingh Division, Bangladesh"
6518,31.6,73.2,144214,9_11,32.4,70.4,"Butiwala, Chak Jhumra, Punjab, Pakistan"
6519,24.7,90.8,144203,10_14,26.0,89.6,"Balijura Bazar, Netrakona, Mymensingh Division, Bangladesh"
6520,45.0,78.4,144182,7_12,45.2,76.8,"Taldykorgan, Kazakhstan"
6521,-19.8,-47.9,144162,17_48,-18.8,307.2,"Uberaba, Brazil"
6522,40.7,31.6,144155,7_4,45.2,25.6,"Bolu, Turkey"
6523,16.0,43.5,144129,11_6,19.6,38.4,"Al Miftāḩ, Yemen"
6524,4.7,7.8,144093,13_1,6.8,6.4,"Mkpat Enin, Nigeria"
6525,14.2,38.9,144038,11_6,19.6,38.4,"Adwa, Ethiopia"
6526,-8.7,116.2,144030,15_18,-6.0,115.2,"Bun Mudrak, Praya, West Nusa Tenggara, Indonesia"
6527,25.4,89.5,144026,10_13,26.0,83.2,"Kuptala, Gaibandha, Rangpur Division, Bangladesh"
6528,53.6,-113.4,144026,5_38,58.0,243.2,"Kilkenny, Canada"
6529,-20.0,-44.2,143993,17_49,-18.8,313.6,"Regional Citrolândia, Betim, Minas Gerais, Brazil"
6530,8.4,-82.4,143977,12_43,13.2,275.2,"David, Panama"
6531,1.8,44.5,143905,13_6,6.8,38.4,"Qoryooley, Somalia"
6532,51.3,12.3,143886,6_1,51.6,6.4,"Südwest, Leipzig, Saxony, Germany"
6533,-7.8,110.9,143863,15_17,-6.0,108.8,"Selogiri, Indonesia"
6534,29.7,72.6,143838,9_11,32.4,70.4,"Chak 60 Fateh, Hasilpur, Punjab, Pakistan"
6535,-7.8,110.5,143834,15_17,-6.0,108.8,"Rumah Dome New Nglepen, Candi Prambanan, Central Java, Indonesia"
6536,53.9,10.7,143828,5_1,58.0,6.4,"Lübeck, Germany"
6537,7.6,5.8,143793,12_0,13.2,0.0,"Oke-Agbe, Ikare, Nigeria"
6538,54.3,18.6,143792,5_2,58.0,12.8,"Gdańsk, Poland"
6539,34.3,48.8,143791,8_7,38.8,44.8,"Malāyer, Iran"
6540,6.5,38.7,143786,13_6,6.8,38.4,"Bona Qabelanka, Hāgere Selam, Sidama Region, Ethiopia"
6541,15.5,32.7,143767,11_5,19.6,32.0,"Al Giref Gharb, Sudan"
6542,14.1,123.0,143757,11_19,19.6,121.6,"Daet, Philippines"
6543,-1.9,30.5,143756,14_4,0.4,25.6,"Kayonza, Rwanda"
6544,4.6,7.8,143754,13_1,6.8,6.4,"Abat, Nigeria"
6545,56.9,53.3,143746,5_8,58.0,51.2,"Khokhryaki, Izhevsk, Russia"
6546,21.8,39.2,143744,10_6,26.0,38.4,"وادي مريخ, السعودية"
6547,34.0,71.9,143743,8_11,38.8,70.4,"Nowshera Tehsil, Nowshera Kalan, Khyber Pakhtunkhwa, Pakistan"
6548,51.7,-0.4,143731,5_56,58.0,358.4,"Watford, United Kingdom"
6549,20.6,-103.2,143689,10_40,26.0,256.0,"Tonalá, Mexico"
6550,53.8,87.1,143679,5_13,58.0,83.2,"Novokuznetsk, Russia"
6551,23.4,89.1,143667,10_13,26.0,83.2,"Kaliganj, Kālīganj, Khulna Division, Bangladesh"
6552,11.1,-0.0,143626,12_0,13.2,0.0,"Sinkassé, Togo"
6553,-23.4,-46.3,143622,17_49,-18.8,313.6,"Bairro da Penha, Brazil"
6554,50.3,57.1,143598,6_8,51.6,51.2,"Astana District, Aktobe, Kazakhstan"
6555,33.0,-117.1,143561,8_37,38.8,236.8,"Rancho Penasquitos, United States"
6556,44.7,10.6,143532,7_1,45.2,6.4,"Reggio nell'Emilia, Italy"
6557,33.9,-84.1,143530,8_43,38.8,275.2,"Lilburn, United States"
6558,-6.9,110.6,143528,15_17,-6.0,108.8,"Demak, Indonesia"
6559,36.0,126.7,143519,8_19,38.8,121.6,"Gunsan, South Korea"
6560,5.2,-1.2,143483,13_56,6.8,358.4,"Egyirfa, Cape Coast, Central, Ghana"
6561,5.1,-1.2,143483,13_56,6.8,358.4,"Cape Coast, Ghana"
6562,32.0,74.0,143439,9_11,32.4,70.4,"Naushahra Virkan, Pakistan"
6563,34.3,-118.5,143437,8_37,38.8,236.8,"Granada Hills North Neighborhood Council District, Sylmar, California, United States"
6564,52.1,26.1,143433,5_4,58.0,25.6,"Pinsk, Belarus"
6565,53.7,91.4,143408,5_14,58.0,89.6,"Abakan, Russia"
6566,51.4,6.9,143370,6_1,51.6,6.4,"Mülheim, Germany"
6567,7.3,4.2,143349,12_0,13.2,0.0,"Isokan, Ikire, Osun State, Nigeria"
6568,53.6,-2.2,143324,5_55,58.0,352.0,"Rochdale, United Kingdom"
6569,51.0,13.7,143313,6_2,51.6,12.8,"Cunnersdorf, Dresden, Saxony, Germany"
6570,24.5,90.2,143308,10_14,26.0,89.6,"Sagordighi, Sakhipur, Dhaka Division, Bangladesh"
6571,-16.3,-48.9,143304,16_48,-12.4,307.2,"Residencial Vida Nova, Anápolis, Goiás, Brazil"
6572,34.2,3.5,143302,8_0,38.8,0.0,"Messaad, Algeria"
6573,55.7,52.3,143301,5_8,58.0,51.2,"Naberezhnyye Chelny, Tatarstan Republic, Russia (W)"
6574,11.5,106.9,143290,12_16,13.2,102.4,"Đồng Xoài, Vietnam"
6575,39.6,125.6,143274,7_19,45.2,121.6,"Anju, North Korea"
6576,-4.9,29.6,143244,14_4,0.4,25.6,"Kigoma, Tanzania"
6577,-27.9,153.3,143204,18_23,-25.2,147.2,"Upper Coomera, Australia"
6578,32.8,-97.0,143203,8_41,38.8,262.4,"Irving, United States"
6579,-28.0,153.4,143199,18_23,-25.2,147.2,"Gold Coast, Australia"
6580,37.2,40.6,143196,8_6,38.8,38.4,"Kızıltepe, Turkey"
6581,47.8,13.0,143195,6_2,51.6,12.8,"Salzburg, Austria"
6582,11.7,92.7,143191,12_14,13.2,89.6,"Port Blair, India"
6583,44.6,10.9,143179,7_1,45.2,6.4,"Modena, Italy"
6584,40.5,141.5,143171,7_22,45.2,140.8,"Hachinohe, Japan"
6585,14.5,100.1,143127,11_15,19.6,96.0,"Suphan Buri, Thailand"
6586,41.6,-93.7,143101,7_41,45.2,262.4,"Polk County, Des Moines, United States"
6587,44.8,10.3,143050,7_1,45.2,6.4,"Parma, Italy"
6588,23.6,58.1,143047,10_9,26.0,57.6,"al Mabelah al Janubiyah, Seeb, Muscat, Oman"
6589,-6.8,111.0,143039,15_17,-6.0,108.8,"Pati, Indonesia"
6590,-33.3,-70.7,143034,19_45,-31.6,288.0,"Quilicura, Chile"
6591,30.9,30.6,143025,9_4,32.4,25.6,"Saft al Muluk, Ītāy al Bārūd, Beheira, Egypt"
6592,14.3,104.3,142998,11_16,19.6,102.4,"Ou Svay, Cambodia"
6593,36.5,52.7,142927,8_8,38.8,51.2,"Rushan Abad, Bābol, Māzandarān, Iran"
6594,14.2,44.2,142921,11_6,19.6,38.4,"Riḩāb, Yemen"
6595,13.8,100.1,142912,11_15,19.6,96.0,"Thammasala, Nakhon Pathom, Thailand"
6596,7.3,37.5,142903,12_5,13.2,32.0,"Bombe, Ethiopia"
6597,33.7,-116.2,142876,8_38,38.8,243.2,"Indio, United States"
6598,-2.6,140.5,142831,14_21,0.4,134.4,"Sentani, Indonesia"
6599,22.5,90.3,142820,10_14,26.0,89.6,"Nalua, Bangladesh"
6600,40.0,-75.0,142788,7_44,45.2,281.6,"Holmesburg, United States"
6601,50.7,-1.9,142787,6_55,51.6,352.0,"Bournemouth, United Kingdom"
6602,35.3,129.0,142786,8_20,38.8,128.0,"Yangsan, South Korea"
6603,24.9,89.7,142775,10_14,26.0,89.6,"Balijuri, Sarishābāri, Mymensingh Division, Bangladesh"
6604,24.8,91.8,142771,10_14,26.0,89.6,"Sylhet Sadar Upazila, Sylhet, Sylhet Division, Bangladesh"
6605,-7.1,112.5,142767,15_17,-6.0,108.8,"Plosobuden, Indonesia"
6606,-32.9,151.7,142734,19_23,-31.6,147.2,"Wallsend, Australia"
6607,8.9,-75.4,142711,12_44,13.2,281.6,"Sahagún, Colombia"
6608,-15.5,37.0,142682,16_5,-12.4,32.0,"Gurúè, Mozambique"
6609,5.6,-0.4,142669,13_56,6.8,358.4,"Tomefa, Amanfrom, Greater Accra, Ghana"
6610,25.9,89.0,142645,10_13,26.0,83.2,"Bahagili, Nilphamari, Rangpur Division, Bangladesh"
6611,20.6,-100.5,142643,10_40,26.0,256.0,"San Pedro Mártir, El Pueblito, Mexico"
6612,7.4,37.8,142638,12_5,13.2,32.0,"Damboya, Ethiopia"
6613,8.3,-62.6,142600,12_46,13.2,294.4,"Municipio Caroní, Ciudad Guayana, Bolívar, Venezuela (E)"
6614,26.1,68.3,142592,9_10,32.4,64.0,"Sakrand, Pakistan"
6615,13.3,12.6,142579,11_1,19.6,6.4,"Diffa, Niger"
6616,-13.9,33.7,142570,16_5,-12.4,32.0,"Lilongwe, Central Region, Malawi (NW)"
6617,15.5,-90.3,142557,11_42,19.6,268.8,"San Pedro Carchá, Cobán, Guatemala"
6618,50.9,-114.1,142555,6_38,51.6,243.2,"Evergreen, Canada"
6619,32.4,15.1,142511,9_2,32.4,12.8,"Misratah, Libya"
6620,24.7,46.9,142507,10_7,26.0,44.8,"Khashm Al Aan, Riyadh, Riyadh Region, Saudi Arabia"
6621,40.7,72.4,142498,7_11,45.2,70.4,"Qurama, Andijon, Andijan Region, Uzbekistan"
6622,22.6,90.0,142487,10_14,26.0,89.6,"Pirojpur, Bangladesh"
6623,30.9,30.9,142461,9_4,32.4,25.6,"Ibyar, Basyūn, Gharbia, Egypt"
6624,2.2,102.2,142413,13_15,6.8,96.0,"Kampung Klebang Besar, Malacca, Malaysia"
6625,19.2,-99.5,142411,11_40,19.6,256.0,"Capulhuac de Mirafuentes, Mexico"
6626,59.1,37.9,142409,4_5,64.4,32.0,"Cherepovets, Russia"
6627,2.3,42.3,142406,13_6,6.8,38.4,"Baardheere, Somalia"
6628,22.8,90.3,142393,10_14,26.0,89.6,"Babuganj Subdistrict, Barishal, Barisal Division, Bangladesh"
6629,-7.0,108.4,142383,15_16,-6.0,102.4,"Darma, Indonesia"
6630,25.5,89.6,142380,10_14,26.0,89.6,"Kanchibari, Chilmāri, Rangpur Division, Bangladesh"
6631,7.9,36.6,142369,12_5,13.2,32.0,"Āgaro, Ethiopia"
6632,32.6,73.0,142321,8_11,38.8,70.4,"Khewra, Pakistan"
6633,-5.4,105.1,142311,14_16,0.4,102.4,"Gedong Tataan, Indonesia"
6634,48.5,9.2,142288,6_1,51.6,6.4,"Reutlingen, Germany"
6635,-1.2,29.4,142271,14_4,0.4,25.6,"Rutshuru, Democratic Republic of the Congo"
6636,37.8,126.8,142261,8_19,38.8,121.6,"Munsan, South Korea"
6637,50.9,20.6,142242,6_3,51.6,19.2,"Kielce, Poland"
6638,30.0,32.6,142233,9_5,32.4,32.0,"Suez, Egypt (E)"
6639,6.9,0.6,142217,12_0,13.2,0.0,"Kpalimé, Togo"
6640,33.7,-84.4,142154,8_43,38.8,275.2,"Fulton County, Atlanta, Georgia, United States"
6641,26.2,-80.3,142154,9_43,32.4,275.2,"Tamarac, United States"
6642,56.2,10.2,142111,5_1,58.0,6.4,"Århus, Denmark"
6643,53.0,18.6,142110,5_2,58.0,12.8,"Toruń, Poland"
6644,8.2,5.5,142101,12_0,13.2,0.0,"Egbe, Nigeria"
6645,26.2,-80.1,142098,9_43,32.4,275.2,"Sea Ranch Lakes, Pompano Beach, Florida, United States"
6646,24.1,91.2,142093,10_14,26.0,89.6,"Sarail Upazila, Shāhbāzpur Town, Chittagong, Bangladesh"
6647,40.5,-3.5,142090,7_55,45.2,352.0,"El Avalón, Torrejón de Ardoz, Madrid, Spain"
6648,26.0,89.6,142030,10_14,26.0,89.6,"Kashipur, Nageswari, Rangpur Division, Bangladesh"
6649,7.9,123.8,142015,12_19,13.2,121.6,"Maranding, Philippines"
6650,38.0,126.3,141999,8_19,38.8,121.6,"Paech’ŏn-ŭp, North Korea"
6651,10.5,-73.2,141988,12_44,13.2,281.6,"El Javo, Valledupar, Cesar Department, Colombia"
6652,49.4,8.7,141986,6_1,51.6,6.4,"Heidelberg, Germany"
6653,36.8,127.2,141973,8_19,38.8,121.6,"Jisan-ri, Cheonan, Chungcheongnam-do, South Korea"
6654,40.4,-111.8,141918,7_38,45.2,243.2,"Lehi, United States"
6655,-33.8,18.7,141906,19_2,-31.6,12.8,"Cape Town Ward 105, Kraaifontein, Western Cape, South Africa"
6656,42.1,24.8,141876,7_3,45.2,19.2,"Krumovo, Plovdiv, Bulgaria"
6657,44.8,65.5,141870,7_10,45.2,64.0,"Kyzylorda City, Kyzylorda, Kazakhstan"
6658,35.9,140.1,141867,8_21,38.8,134.4,"Toride, Kashiwa, Japan"
6659,42.4,-83.0,141862,7_43,45.2,275.2,"Hamtramck, Warren, United States"
6660,11.1,37.9,141858,12_5,13.2,32.0,"Mot’a, Ethiopia"
6661,23.4,89.9,141851,10_14,26.0,89.6,"Nagarkanda, Bhanga, Dhaka Division, Bangladesh"
6662,53.5,9.9,141813,5_1,58.0,6.4,"Altona, Germany"
6663,25.5,-101.0,141783,10_40,26.0,256.0,"Ramos Arizpe, Saltillo, Mexico"
6664,34.3,71.8,141767,8_11,38.8,70.4,"Utmanzai, Pakistan"
6665,32.7,-97.2,141765,8_41,38.8,262.4,"Forest Hill, Fort Worth, United States"
6666,6.4,4.9,141733,13_0,6.8,0.0,"Igbekebo, Nigeria"
6667,33.4,-111.6,141724,8_38,38.8,243.2,"Apache Junction, United States"
6668,38.8,-77.3,141719,8_44,38.8,281.6,"Burke Centre, Burke, Virginia, United States"
6669,24.3,88.8,141708,10_13,26.0,83.2,"Khordogobindopur, Puthia, Rajshahi Division, Bangladesh"
6670,53.8,-3.0,141675,5_55,58.0,352.0,"Blackpool, United Kingdom"
6671,11.4,5.2,141636,12_0,13.2,0.0,"Zuru, Nigeria"
6672,-0.2,-78.4,141597,14_44,0.4,281.6,"Oyambarillo, Ecuador"
6673,11.4,10.2,141583,12_1,13.2,6.4,"Giade, Nigeria"
6674,23.3,89.0,141572,10_13,26.0,83.2,"Chaugacha, Kālīganj, Khulna Division, Bangladesh"
6675,6.2,-75.5,141520,13_44,6.8,281.6,"El Llano, Medellín, Antioquia, Colombia"
6676,45.6,9.0,141477,6_1,51.6,6.4,"Legnano, Italy"
6677,24.3,91.3,141437,10_14,26.0,89.6,"Lakhai, Habiganj, Sylhet Division, Bangladesh"
6678,36.7,4.0,141423,8_0,38.8,0.0,"Tizi Ouzou, Algeria"
6679,22.3,90.0,141396,10_14,26.0,89.6,"Mathba, Bangladesh"
6680,1.9,30.0,141377,13_4,6.8,25.6,"Mangbwalu, Democratic Republic of the Congo"
6681,35.3,-119.0,141346,8_37,38.8,236.8,"Greenfield, Bakersfield, United States"
6682,33.6,73.4,141337,8_11,38.8,70.4,"Kahuta, Pakistan"
6683,41.6,0.6,141317,7_0,45.2,0.0,"Lleida, Spain"
6684,38.4,125.5,141314,8_19,38.8,121.6,"Sinch’ŏn-ŭp, North Korea"
6685,8.3,-62.8,141305,12_46,13.2,294.4,"Municipio Caroní, Ciudad Guayana, Bolívar, Venezuela (W)"
6686,11.0,107.0,141288,12_16,13.2,102.4,"Sông Mây, Trảng Bom, Dong Nai, Vietnam"
6687,36.4,42.4,141269,8_6,38.8,38.4,"Tall ‘Afar, Iraq"
6688,36.1,-79.8,141252,8_43,38.8,275.2,"Greensboro, United States"
6689,24.5,39.5,141252,10_6,26.0,38.4,"Taibah, Sulţānah, Medina Region, Saudi Arabia"
6690,0.7,124.3,141233,13_19,6.8,121.6,"Lolayan, Indonesia"
6691,-25.4,28.3,141226,18_4,-25.2,25.6,"Tshwane Ward 73, Hammanskraal, North West, South Africa"
6692,-7.6,111.4,141210,15_17,-6.0,108.8,"Magetan, Indonesia"
6693,37.2,126.7,141187,8_19,38.8,121.6,"Chilgok-ri, Hwaseong-si, Gyeonggi-do, South Korea"
6694,38.8,35.5,141159,8_5,38.8,32.0,"Elagöz Mahallesi, Kayseri, Turkey"
6695,53.1,26.0,141158,5_4,58.0,25.6,"Baranovichi, Belarus"
6696,43.9,-79.3,141149,7_43,45.2,275.2,"Markham, Canada"
6697,-18.6,-46.5,141127,16_48,-12.4,307.2,"Patos de Minas, Brazil"
6698,0.9,-79.7,141112,13_43,6.8,275.2,"Esmeraldas, Ecuador"
6699,1.0,-79.7,141112,13_43,6.8,275.2,"Esmeraldas, Ecuador (N)"
6700,53.8,-0.4,141109,5_56,58.0,358.4,"Kingston upon Hull, United Kingdom"
6701,7.6,5.1,141085,12_0,13.2,0.0,"Ilawe-Ekiti, Igede-Ekiti, Nigeria"
6702,23.1,90.4,141064,10_14,26.0,89.6,"Goshairhat, Pālang, Dhaka Division, Bangladesh"
6703,16.1,120.5,141064,11_18,19.6,115.2,"Nantangalan, Manaoag, Ilocos, Philippines"
6704,10.8,106.5,141053,12_16,13.2,102.4,"Hóc Môn, Vietnam"
6705,7.8,5.2,141049,12_0,13.2,0.0,"Ifaki, Nigeria"
6706,43.9,42.7,141031,7_6,45.2,38.4,"Kislovodsk, Russia"
6707,9.3,42.8,141026,12_6,13.2,38.4,"Jijiga, Somali, Ethiopia (S)"
6708,34.5,135.7,141025,8_21,38.8,134.4,"Kashiba, Japan"
6709,19.7,-72.7,141008,10_44,26.0,281.6,"Gros Morne, Haiti"
6710,34.4,135.4,140994,8_21,38.8,134.4,"Izumisano, Japan"
6711,22.8,90.1,140993,10_14,26.0,89.6,"Banaripara, Tungipara, Dhaka Division, Bangladesh"
6712,6.5,38.5,140988,13_6,6.8,38.4,"Agre Salam, Hāgere Selam, Sidama Region, Ethiopia"
6713,19.4,-98.1,140929,11_40,19.6,256.0,"Apizaco, Mexico"
6714,34.1,71.2,140868,8_11,38.8,70.4,"Landi Kotal, Pakistan"
6715,6.7,124.7,140796,13_19,6.8,121.6,"Tacurong, Philippines"
6716,-8.5,116.1,140794,15_18,-6.0,115.2,"Senggigi, Mataram, Indonesia"
6717,25.3,51.6,140786,10_8,26.0,51.2,"Doha, Baladiyat ad Dawhah, Qatar"
6718,25.2,51.6,140786,10_8,26.0,51.2,"Al Wakrah, Qatar"
6719,26.0,89.2,140784,10_13,26.0,83.2,"Dalagram Union, Bangladesh"
6720,19.1,105.6,140766,11_16,19.6,102.4,"Cầu Giát, Vietnam"
6721,9.7,125.5,140723,12_19,13.2,121.6,"Luna, Surigao, Philippines"
6722,54.3,48.4,140718,5_7,58.0,44.8,"Ulyanovsk, Russia (E)"
6723,7.6,8.2,140703,12_1,13.2,6.4,"Naka, Nigeria"
6724,24.9,91.7,140694,10_14,26.0,89.6,"Bishwanath Upazila, Jahedpur, Sylhet Division, Bangladesh"
6725,22.3,91.9,140688,10_14,26.0,89.6,"Patiya, Chattogram, Bangladesh"
6726,32.9,-96.9,140664,8_41,38.8,262.4,"Gribble, Carrollton, Texas, United States"
6727,-15.7,-48.3,140599,16_48,-12.4,307.2,"Águas Lindas de Goiás, Brazil"
6728,6.4,7.4,140584,13_1,6.8,6.4,"Udi, Enugu, Nigeria"
6729,25.0,90.4,140575,10_14,26.0,89.6,"Sakual, Purbadhala, Mymensingh Division, Bangladesh"
6730,-27.3,153.0,140565,18_23,-25.2,147.2,"Bracken Ridge, Australia"
6731,-8.0,111.9,140562,15_17,-6.0,108.8,"Pakel, Indonesia"
6732,53.1,8.9,140543,5_1,58.0,6.4,"Oberneuland, Bremen, Germany"
6733,21.5,40.0,140504,10_6,26.0,38.4,"Al Thania, Makkah, Mecca Region, Saudi Arabia"
6734,-39.8,-73.2,140492,20_44,-38.0,281.6,"Valdivia, Chile"
6735,36.3,7.9,140461,8_1,38.8,6.4,"Mechroha, Souk Ahras, Algeria"
6736,49.4,11.0,140449,6_1,51.6,6.4,"Schwabach, Nuremberg, Germany"
6737,10.2,106.4,140447,12_16,13.2,102.4,"Bến Tre, Vietnam"
6738,10.3,15.4,140446,12_2,13.2,12.8,"Bongor, Chad"
6739,9.1,36.6,140436,12_5,13.2,32.0,"Nek’emtē, Ethiopia"
6740,8.2,4.7,140419,12_0,13.2,0.0,"Offa, Nigeria"
6741,23.9,120.5,140406,10_18,26.0,115.2,"Xihu, Taiwan"
6742,39.0,-1.9,140379,7_55,45.2,352.0,"Albacete, Spain"
6743,20.7,106.3,140373,10_16,26.0,102.4,"Phù Cưu, Quỳnh Côi, Hưng Yên Province, Vietnam"
6744,-6.7,107.1,140364,15_16,-6.0,102.4,"Kubang, Cianjur, West Java, Indonesia"
6745,40.2,-74.7,140296,7_44,45.2,281.6,"Trenton Gardens, Trenton, New Jersey, United States"
6746,20.6,106.0,140293,10_16,26.0,102.4,"Lý Nhân Commune, Hưng Yên, Hưng Yên Province, Vietnam"
6747,36.4,139.3,140292,8_21,38.8,134.4,"Kiryū, Japan"
6748,53.1,23.1,140288,5_3,58.0,19.2,"Turczyn, Białystok, Poland"
6749,-4.5,120.3,140270,14_18,0.4,115.2,"Watampone, Indonesia"
6750,23.3,90.3,140264,10_14,26.0,89.6,"Shariatpur Sadar Upazila, Char Bhadrāsan, Dhaka Division, Bangladesh"
6751,32.5,-6.7,140257,8_55,38.8,352.0,"Al Fqih Ben Çalah, Morocco"
6752,6.4,7.3,140208,13_1,6.8,6.4,"Aguobu-Owa, Nigeria"
6753,5.1,7.8,140166,13_1,6.8,6.4,"Ibong, Ikot Ekpene, Akwa Ibom State, Nigeria"
6754,-7.0,108.3,140148,15_16,-6.0,102.4,"Cikeusal, Indonesia"
6755,-2.7,29.0,140146,14_4,0.4,25.6,"Bugarama, Rwanda"
6756,34.1,-117.2,140138,8_37,38.8,236.8,"Redlands, United States"
6757,55.9,-4.4,140135,5_55,58.0,352.0,"Paisley, Glasgow, United Kingdom"
6758,43.6,-116.3,140130,7_38,45.2,243.2,"Ada County, Boise, United States"
6759,25.9,89.3,140118,10_13,26.0,83.2,"Palashi, Lalmonirhat, Rangpur Division, Bangladesh"
6760,41.6,2.3,140102,7_0,45.2,0.0,"Granollers, Spain"
6761,35.8,-78.7,140054,8_43,38.8,275.2,"Method, Raleigh, North Carolina, United States"
6762,25.9,89.1,140007,10_13,26.0,83.2,"Garagram, Rangpur, Rangpur Division, Bangladesh"
6763,-8.0,31.6,139981,15_4,-6.0,25.6,"Sumbawanga, Tanzania"
6764,45.4,-73.6,139980,6_44,51.6,281.6,"Verdun, Canada"
6765,32.7,36.6,139931,8_5,38.8,32.0,"As-Suwayda, Syria"
6766,28.6,-81.5,139908,9_43,32.4,275.2,"Pine Hills, United States"
6767,35.1,-89.9,139868,8_42,38.8,268.8,"Germantown, United States"
6768,20.5,106.2,139868,10_16,26.0,102.4,"Vạn Xuân Commune, Nam Định, Ninh Binh, Vietnam"
6769,11.1,106.3,139867,12_16,13.2,102.4,"Gò Dầu, Trảng Bàng, Vietnam"
6770,9.0,1.1,139830,12_0,13.2,0.0,"Sokodé, Togo"
6771,38.5,-0.4,139808,8_56,38.8,358.4,"El Campello, Spain"
6772,-31.5,-68.6,139789,18_45,-25.2,288.0,"Chimbas, Argentina"
6773,-7.6,15.1,139768,15_2,-6.0,12.8,"Uíge, Angola"
6774,-8.1,112.3,139765,15_17,-6.0,108.8,"Gogosuket, Indonesia"
6775,20.8,105.7,139702,10_16,26.0,102.4,"Kim Bài, Vietnam"
6776,5.8,7.8,139694,13_1,6.8,6.4,"Amaiyi, Amaigbo, Abia State, Nigeria"
6777,24.4,54.7,139660,10_8,26.0,51.2,"Al Shamkhah City, United Arab Emirates"
6778,24.6,90.9,139609,10_14,26.0,89.6,"Muzaffarpur, Kishorganj, Dhaka Division, Bangladesh"
6779,7.1,5.1,139567,12_0,13.2,0.0,"Idanre, Nigeria"
6780,27.3,-82.5,139563,9_43,32.4,275.2,"Sarasota, United States"
6781,6.0,10.1,139563,13_1,6.8,6.4,"Mankon, Bamenda, North-West, Cameroon"
6782,27.8,66.6,139561,9_10,32.4,64.0,"Khuzdar, Pakistan"
6783,40.5,-74.3,139557,7_44,45.2,281.6,"Perth Amboy, United States"
6784,33.8,130.9,139538,8_20,38.8,128.0,"Horikoshi, Kitakyushu, Fukuoka, Japan"
6785,24.0,90.5,139510,10_14,26.0,89.6,"Kaliganj Upazila, Gazipur, Dhaka Division, Bangladesh"
6786,13.4,123.6,139505,11_19,19.6,121.6,"San Jose, Philippines"
6787,32.3,-111.0,139498,9_38,32.4,243.2,"Casas Adobes, Tucson, United States"
6788,9.8,-63.2,139480,12_46,13.2,294.4,"Tipuro II, Maturín, Monagas, Venezuela"
6789,-37.8,144.8,139456,19_22,-31.6,140.8,"Sunshine West, Australia"
6790,12.0,13.9,139447,12_2,13.2,12.8,"Dikwa, Nigeria"
6791,34.5,72.4,139404,8_11,38.8,70.4,"Anghapur, Daggar, Khyber Pakhtunkhwa, Pakistan"
6792,35.9,127.1,139403,8_19,38.8,121.6,"Wanju, Jeonju, South Korea"
6793,3.4,31.0,139386,13_4,6.8,25.6,"Koboko, Uganda"
6794,49.8,24.1,139339,6_3,51.6,19.2,"Sykhivskyi District, Lviv, Ukraine"
6795,38.7,125.4,139320,8_19,38.8,121.6,"Namp’o, North Korea"
6796,35.2,128.8,139317,8_20,38.8,128.0,"Kimhae, South Korea"
6797,35.5,-97.6,139305,8_41,38.8,262.4,"Bethany, Oklahoma City, United States"
6798,-14.8,36.6,139288,16_5,-12.4,32.0,"Cuamba, Mozambique"
6799,29.8,71.1,139261,9_11,32.4,70.4,"Khangarh, Pakistan"
6800,-5.3,105.3,139258,14_16,0.4,102.4,"Kedaton, Indonesia"
6801,-8.6,120.5,139252,15_18,-6.0,115.2,"Ruteng, Indonesia"
6802,54.8,56.0,139245,5_8,58.0,51.2,"Ufimsky District, Ufa, Bashkortostan Republic, Russia"
6803,20.9,106.2,139218,10_16,26.0,102.4,"Lai Cách, Vietnam"
6804,24.8,91.4,139213,10_14,26.0,89.6,"Rajani Gonj High School, Bangladesh"
6805,14.2,121.4,139202,11_18,19.6,115.2,"Pila, Philippines"
6806,16.3,95.7,139194,11_14,19.6,89.6,"Pyapon, Myanmar"
6807,10.9,107.0,139171,12_16,13.2,102.4,"Ấp 6, Trảng Bom, Dong Nai, Vietnam"
6808,49.1,6.2,139131,6_0,51.6,0.0,"Metz, France"
6809,7.1,39.2,139072,12_6,13.2,38.4,"Āsasa, Ethiopia"
6810,-7.5,111.0,139046,15_17,-6.0,108.8,"Celep, Sragen, Central Java, Indonesia"
6811,34.6,69.3,139045,8_10,38.8,64.0,"Pul-e Sangī, Afghanistan"
6812,37.6,61.9,139041,8_9,38.8,57.6,"Mary, Turkmenistan"
6813,45.4,4.4,139037,6_0,51.6,0.0,"Saint-Étienne, France"
6814,20.5,106.4,139020,10_16,26.0,102.4,"Đông Hưng, Thái Bình, Vietnam"
6815,22.1,95.2,138997,10_14,26.0,89.6,"Aung Thar Ywar Thit, Monywa, Sagaing Region, Myanmar"
6816,5.3,6.7,138934,13_1,6.8,6.4,"Omoku, Nigeria"
6817,4.7,7.0,138926,13_1,6.8,6.4,"Ogbomkiri, Port Harcourt, Rivers State, Nigeria"
6818,45.5,9.0,138914,6_1,51.6,6.4,"Rho, Italy"
6819,27.8,68.3,138904,9_10,32.4,64.0,"Ratodero, Pakistan"
6820,41.2,-8.5,138890,7_54,45.2,345.6,"Susão, Rio Tinto, Porto, Portugal"
6821,6.1,7.8,138868,13_1,6.8,6.4,"Isu, Nigeria"
6822,36.6,52.7,138867,8_8,38.8,51.2,"Bisheh Sar Bala, Bābol, Māzandarān, Iran"
6823,50.9,-0.1,138814,6_56,51.6,358.4,"Burgess Hill, Brighton, United Kingdom"
6824,-6.4,108.4,138789,15_16,-6.0,102.4,"Majakerta, Karangampel, West Java, Indonesia"
6825,35.1,3.0,138784,8_0,38.8,0.0,"Hassi Bahbah, Algeria"
6826,37.8,68.9,138713,8_10,38.8,64.0,"Kirov, Bokhtar, Tajikistan"
6827,20.9,95.9,138708,10_14,26.0,89.6,"Meiktila, Myanmar"
6828,53.6,-2.3,138706,5_55,58.0,352.0,"Bury, United Kingdom"
6829,24.7,91.8,138705,10_14,26.0,89.6,"Balaganj, Jahedpur, Sylhet Division, Bangladesh"
6830,40.9,71.5,138692,7_11,45.2,70.4,"Toshbuloq, Uzbekistan"
6831,-6.7,107.7,138685,15_16,-6.0,102.4,"Cimanglid, Lembang, West Java, Indonesia"
6832,28.1,82.3,138677,9_12,32.4,76.8,"Tulsi̇̄pur, Nepal"
6833,31.4,73.7,138661,9_11,32.4,70.4,"Nankana Sahib, Pakistan"
6834,-26.0,28.1,138659,18_4,-25.2,25.6,"Johannesburg Ward 112, Midrand, Diepsloot, Gauteng, South Africa"
6835,16.8,96.5,138656,11_15,19.6,96.0,"Thongwa, Myanmar"
6836,43.3,68.3,138646,7_10,45.2,64.0,"Turkistan, Kazakhstan"
6837,25.3,89.0,138619,10_13,26.0,83.2,"Khatta Madhabpara, Joypur Hāt, Rajshahi Division, Bangladesh"
6838,25.8,68.4,138616,10_10,26.0,64.0,"Hala, Pakistan"
6839,23.2,-102.9,138614,10_40,26.0,256.0,"Fresnillo, Mexico"
6840,-7.4,109.6,138553,15_17,-6.0,108.8,"Joho, Banjarnegara, Central Java, Indonesia"
6841,0.3,37.9,138551,14_5,0.4,32.0,"Lare, Maua, Kenya"
6842,-7.6,112.0,138539,15_17,-6.0,108.8,"Sambirejo, Nganjuk, East Java, Indonesia"
6843,15.6,-87.9,138533,11_42,19.6,268.8,"Choloma, Honduras"
6844,49.9,2.3,138515,6_0,51.6,0.0,"Amiens, France"
6845,43.6,-79.5,138487,7_43,45.2,275.2,"New Toronto, Etobicoke, Ontario, Canada"
6846,2.3,102.2,138470,13_15,6.8,96.0,"Kampung Kerubong, Malaysia"
6847,30.1,72.4,138449,9_11,32.4,70.4,"Vihari, Punjab, Pakistan (N)"
6848,45.6,13.8,138427,6_2,51.6,12.8,"Trieste, Italy"
6849,24.3,54.5,138396,10_8,26.0,51.2,"Musaffah, United Arab Emirates"
6850,-6.1,107.3,138364,15_16,-6.0,102.4,"Jayakerta, Rengasdengklok, West Java, Indonesia"
6851,24.7,89.5,138348,10_13,26.0,83.2,"Dhunat, Bogra, Rajshahi Division, Bangladesh"
6852,29.7,-95.7,138323,9_41,32.4,262.4,"Mission Bend, United States"
6853,21.0,-101.3,138301,10_40,26.0,256.0,"Guanajuato, Mexico"
6854,37.8,127.0,138298,8_19,38.8,121.6,"Bangseong-ri, Uijeongbu-si, Gyeonggi-do, South Korea"
6855,25.0,90.2,138297,10_14,26.0,89.6,"Urpha, Sherpur, Mymensingh Division, Bangladesh"
6856,-23.0,-45.5,138282,17_49,-18.8,313.6,"Una, Taubaté, São Paulo, Brazil"
6857,3.1,98.5,138271,13_15,6.8,96.0,"Kabanjahe, Indonesia"
6858,19.4,-72.7,138229,11_44,19.6,281.6,"Gonaïves, Artibonite, Haiti"
6859,12.9,11.0,138220,12_1,13.2,6.4,"Gashua, Nigeria"
6860,-38.0,145.2,138218,20_22,-38.0,140.8,"Noble Park, Australia"
6861,52.3,4.8,138197,5_0,58.0,0.0,"Hoofddorp, Amsterdam, The Netherlands"
6862,-25.0,-53.5,138179,17_47,-18.8,300.8,"Cascavel, Brazil"
6863,10.6,-61.3,138151,12_46,13.2,294.4,"Arima, Trinidad and Tobago"
6864,27.9,-82.3,138148,9_43,32.4,275.2,"Brandon, United States"
6865,12.4,-86.9,138132,12_42,13.2,268.8,"León, Nicaragua"
6866,-4.5,15.2,138096,14_2,0.4,12.8,"Mitendi, Kasangulu, Bas-Congo, Democratic Republic of the Congo"
6867,-29.7,-51.2,138062,18_48,-25.2,307.2,"Portão Velho, Novo Hamburgo, Rio Grande do Sul, Brazil"
6868,14.4,108.0,138061,11_16,19.6,102.4,"Kon Tum, Vietnam"
6869,18.5,37.6,138052,11_5,19.6,32.0,"Tokār, Sudan"
6870,40.7,30.4,138031,7_4,45.2,25.6,"Arifiye, Adapazarı, Turkey"
6871,20.6,106.3,138029,10_16,26.0,102.4,"Thần Khê Commune, Quỳnh Côi, Hưng Yên Province, Vietnam"
6872,-6.4,105.9,138029,15_16,-6.0,102.4,"Tegal, Banten, Indonesia"
6873,-11.7,27.6,138022,15_4,-6.0,25.6,"Kipushi, Lubumbashi, Haut-Katanga, Democratic Republic of the Congo"
6874,33.5,35.4,138010,8_5,38.8,32.0,"Zayta, Sidon, South Governorate, Lebanon"
6875,32.7,-97.0,138002,8_41,38.8,262.4,"Grand Prairie, United States"
6876,7.7,36.9,138000,12_5,13.2,32.0,"Jimma, Oromiya, Ethiopia (E)"
6877,30.4,-97.8,137998,9_40,32.4,256.0,"Jollyville, Cedar Park, United States"
6878,20.1,106.1,137987,10_16,26.0,102.4,"Phát Diệm, Vietnam"
6879,8.8,40.5,137984,12_6,13.2,38.4,"Gelemso, Ethiopia"
6880,10.4,106.1,137950,12_16,13.2,102.4,"Cai Lậy, Vietnam"
6881,37.0,41.2,137937,8_6,38.8,38.4,"Damkhiya Kabira, Al Qāmishlī, Al-Hasakah, Syria"
6882,29.4,-98.7,137933,9_40,32.4,256.0,"Lackland Air Force Base, United States"
6883,15.6,32.3,137893,11_5,19.6,32.0,"Omdurman, Khartoum, Sudan (SW)"
6884,35.4,44.3,137857,8_6,38.8,38.4,"Tāzah Khūrmātū, Kirkuk, Iraq"
6885,43.0,141.3,137855,7_22,45.2,140.8,"Nakanosawa, Sapporo, Hokkaido, Japan"
6886,11.6,104.8,137847,12_16,13.2,102.4,"Ovlaok, Boeng Kak Pir, Cambodia"
6887,11.0,107.2,137809,12_16,13.2,102.4,"Thống Nhất, Xuân Lộc, Vietnam"
6888,51.3,-0.1,137806,6_56,51.6,358.4,"Purley, United Kingdom"
6889,-8.2,26.4,137804,15_4,-6.0,25.6,"Kipamba, Democratic Republic of the Congo"
6890,27.1,68.2,137778,9_10,32.4,64.0,"Kandiaro, Pakistan"
6891,41.1,1.2,137764,7_0,45.2,0.0,"Tarragona, Spain"
6892,2.8,44.1,137751,13_6,6.8,38.4,"Buurhakaba, Somalia"
6893,24.4,32.9,137712,10_5,26.0,32.0,"Darāw, Kom Ombo, Egypt"
6894,38.8,-121.3,137694,8_37,38.8,236.8,"Placer County, Roseville, California, United States"
6895,36.3,139.2,137649,8_21,38.8,134.4,"Isesaki, Japan"
6896,25.8,56.0,137591,10_8,26.0,51.2,"Seih Al Ghubb, Ras Al Khaimah, United Arab Emirates"
6897,28.0,69.6,137588,9_10,32.4,64.0,"Mirpur Mathelo, Pakistan"
6898,42.5,14.2,137558,7_2,45.2,12.8,"Pescara, Italy"
6899,45.4,-75.8,137554,6_44,51.6,281.6,"Hull, Ottawa, Canada"
6900,51.6,-3.0,137546,6_55,51.6,352.0,"Newport, United Kingdom"
6901,24.5,88.8,137539,10_13,26.0,83.2,"Durgapur Upazila, Rajshahi, Puthia, Rajshahi Division, Bangladesh"
6902,34.7,72.3,137484,8_11,38.8,70.4,"Saidu Sharif, Mingora, Pakistan"
6903,9.1,7.3,137475,12_1,13.2,6.4,"Madala, Nigeria"
6904,26.3,-98.2,137445,9_40,32.4,256.0,"Edinburg, United States"
6905,32.0,44.6,137418,9_6,32.4,38.4,"Ash Shāmīyah, Iraq"
6906,22.8,89.9,137407,10_14,26.0,89.6,"Hizla, Tungipara, Dhaka Division, Bangladesh"
6907,40.5,71.2,137390,7_11,45.2,70.4,"Bag‘dod, Uzbekistan"
6908,24.3,54.6,137390,10_8,26.0,51.2,"Mohammed Bin Zayed City, United Arab Emirates"
6909,40.5,128.9,137387,7_20,45.2,128.0,"Changam-ch’on, North Korea"
6910,22.5,90.1,137363,10_14,26.0,89.6,"Bhāndāria, Bangladesh"
6911,15.5,43.6,137352,11_6,19.6,38.4,"Al Maḩwīt, Yemen"
6912,-12.3,27.8,137348,15_4,-6.0,25.6,"Konkola, Chililabombwe, Copperbelt, Zambia"
6913,36.0,39.0,137346,8_6,38.8,38.4,"Ar Raqqah, Syria"
6914,16.8,100.3,137328,11_15,19.6,96.0,"Phitsanulok, Thailand"
6915,-28.0,26.8,137316,18_4,-25.2,25.6,"Welkom, South Africa"
6916,14.1,43.4,137277,11_6,19.6,38.4,"Al Jarrāḩī, Yemen"
6917,14.2,120.9,137230,11_18,19.6,115.2,"Limbon, Silang, Calabarzon, Philippines"
6918,34.7,136.5,137159,8_21,38.8,134.4,"Tsu, Japan"
6919,31.7,-106.3,137149,9_39,32.4,249.6,"El Paso County, Socorro, Texas, United States"
6920,-7.6,109.1,137143,15_17,-6.0,108.8,"Bantarsari Kulon, Indonesia"
6921,31.3,72.8,137101,9_11,32.4,70.4,"Usmankot, Gojra, Punjab, Pakistan"
6922,25.4,89.4,137075,10_13,26.0,83.2,"Faridpur, Gaibandha, Rangpur Division, Bangladesh"
6923,-0.9,134.0,137056,14_20,0.4,128.0,"Sowi, Manokwari, Indonesia"
6924,-0.9,134.1,137056,14_20,0.4,128.0,"Mansinam, Manokwari, Indonesia"
6925,48.6,22.3,137046,6_3,51.6,19.2,"Uzhhorod, Ukraine"
6926,48.5,38.8,137044,6_6,51.6,38.4,"Alchevsk, Ukraine"
6927,39.5,126.2,137022,7_19,45.2,121.6,"Sunch’ŏn, North Korea"
6928,31.9,44.5,137006,9_6,32.4,38.4,"Al Manādhirah, Ash Shāmīyah, Iraq"
6929,52.0,47.8,136975,5_7,58.0,44.8,"Balakovo, Russia"
6930,25.7,89.1,136956,10_13,26.0,83.2,"Madhupur, Badarganj, Rangpur Division, Bangladesh"
6931,6.5,7.0,136922,13_1,6.8,6.4,"Anaku, Nigeria"
6932,29.9,52.8,136905,9_8,32.4,51.2,"Marvdasht, Iran"
6933,40.6,22.9,136901,7_3,45.2,19.2,"Thessaloníki, Greece"
6934,-17.8,36.9,136896,16_5,-12.4,32.0,"Namacata, Quelimane, Zambezia Province, Mozambique"
6935,-33.5,-70.5,136872,19_45,-31.6,288.0,"La Florida, Peñalolén, Santiago Metropolitan, Chile"
6936,-1.3,29.7,136863,14_4,0.4,25.6,"Kisoro, Uganda"
6937,5.2,7.6,136862,13_1,6.8,6.4,"Nto Edino, Nigeria"
6938,32.7,73.9,136856,8_11,38.8,70.4,"Shah Sarmast, Lala Musa, Punjab, Pakistan"
6939,-25.1,33.7,136830,17_5,-18.8,32.0,"Xai-Xai, Mozambique"
6940,-7.1,112.2,136786,15_17,-6.0,108.8,"Babat, Indonesia"
6941,1.2,19.8,136771,13_3,6.8,19.2,"Basankusu, Democratic Republic of the Congo"
6942,24.2,91.4,136751,10_14,26.0,89.6,"Chunarughat Upazila, Habiganj, Sylhet Division, Bangladesh"
6943,7.7,4.5,136735,12_0,13.2,0.0,"Ede, Osogbo, Nigeria"
6944,-25.4,-57.6,136729,18_47,-25.2,300.8,"Lambaré, Paraguay"
6945,24.3,89.0,136716,10_13,26.0,83.2,"Bagatipara, Natore, Rajshahi Division, Bangladesh"
6946,32.6,51.5,136716,8_8,38.8,51.2,"Falāvarjān, Khomeynī Shahr, Iran"
6947,21.2,105.6,136672,10_16,26.0,102.4,"Tú Trưng, Sơn Tây, Vietnam"
6948,35.4,0.1,136669,8_0,38.8,0.0,"Mascara, Algeria"
6949,25.8,89.7,136662,10_14,26.0,89.6,"Kurigram Sadar Upazila, Nageswari, Rangpur Division, Bangladesh"
6950,19.8,96.2,136642,10_15,26.0,96.0,"Ywar Taw (South), Pyinmana, Nay Pyi Taw, Myanmar"
6951,20.6,106.2,136624,10_16,26.0,102.4,"Hưng Hà, Vietnam"
6952,18.9,-103.9,136615,11_40,19.6,256.0,"Tecomán, Mexico"
6953,23.9,89.9,136614,10_14,26.0,89.6,"Singjuri, Mānikganj, Dhaka Division, Bangladesh"
6954,22.6,90.3,136600,10_14,26.0,89.6,"Nalchity, Nālchiti, Barisal Division, Bangladesh"
6955,51.2,51.4,136569,6_8,51.6,51.2,"Oral, Kazakhstan"
6956,35.0,138.4,136519,8_21,38.8,134.4,"Shizuoka, Japan"
6957,31.3,34.8,136518,9_5,32.4,32.0,"Ramot B, Beersheba, Southern District, Israel"
6958,37.6,-122.0,136473,8_37,38.8,236.8,"Fremont, United States"
6959,4.8,31.6,136427,13_4,6.8,25.6,"Lologo, Juba, South Sudan"
6960,35.1,36.7,136385,8_5,38.8,32.0,"Maqta al-Hajar, Ḩamāh, Hama, Syria"
6961,27.3,68.5,136377,9_10,32.4,64.0,"Gambat, Pakistan"
6962,-41.4,-73.0,136356,20_44,-38.0,281.6,"Puerto Varas, Puerto Montt, Chile"
6963,0.1,34.6,136347,14_5,0.4,32.0,"Khwisero, Kenya"
6964,41.2,27.8,136343,7_4,45.2,25.6,"Çorlu, Turkey"
6965,15.7,120.6,136333,11_18,19.6,115.2,"Paniqui, Philippines"
6966,8.1,123.8,136306,12_19,13.2,121.6,"Ozamiz City, Philippines"
6967,13.8,-89.4,136301,11_42,19.6,268.8,"Ciudad Arce, El Salvador"
6968,-3.3,119.3,136291,14_18,0.4,115.2,"Tapango Barat, Polewali, West Sulawesi, Indonesia"
6969,31.0,70.9,136282,9_11,32.4,70.4,"Layyah, Pakistan"
6970,-34.8,138.7,136211,19_21,-31.6,134.4,"Salisbury East, Australia"
6971,23.7,89.3,136192,10_13,26.0,83.2,"Hakimpur, Bangladesh"
6972,7.6,-1.9,136178,12_55,13.2,352.0,"Techiman, Ghana"
6973,35.4,139.2,136152,8_21,38.8,134.4,"Hadano, Japan"
6974,40.8,-96.7,136127,7_41,45.2,262.4,"Lincoln, United States"
6975,24.2,89.3,136115,10_13,26.0,83.2,"Mulgram, Pābna, Rajshahi Division, Bangladesh"
6976,-0.3,36.0,136101,14_5,0.4,32.0,"Njoro, Nakuru, Kenya"
6977,-22.8,-42.0,136096,17_49,-18.8,313.6,"Cabo Frio, Brazil"
6978,23.3,89.9,136077,10_14,26.0,89.6,"Muksudpur, Bhanga, Dhaka Division, Bangladesh"
6979,24.7,89.8,136049,10_14,26.0,89.6,"Pogadigha, Sarishābāri, Mymensingh Division, Bangladesh"
6980,8.0,38.3,136037,12_5,13.2,32.0,"Kibet, Butajīra, Central Ethiopia Regional State, Ethiopia"
6981,37.2,-93.3,136030,8_41,38.8,262.4,"Springfield, Missouri, United States"
6982,55.0,-1.7,136008,5_55,58.0,352.0,"Westerhope, Newcastle upon Tyne, England, United Kingdom"
6983,24.6,90.8,135992,10_14,26.0,89.6,"Pechandari, Kishorganj, Dhaka Division, Bangladesh"
6984,34.8,5.7,135982,8_0,38.8,0.0,"Biskra District, Biskra, Algeria"
6985,2.2,100.8,135982,13_15,6.8,96.0,"Parit Aman, Indonesia"
6986,25.7,94.1,135982,10_14,26.0,89.6,"Kohima, India"
6987,4.9,8.3,135959,13_1,6.8,6.4,"Anantigha, Calabar, Cross River State, Nigeria"
6988,-7.4,110.0,135948,15_17,-6.0,108.8,"Pangempon, Wonosobo, Central Java, Indonesia"
6989,7.2,0.5,135932,12_0,13.2,0.0,"Hohoe, Ghana"
6990,31.0,71.2,135919,9_11,32.4,70.4,"Fatehpur, Pakistan"
6991,42.0,2.8,135878,7_0,45.2,0.0,"Girona, Spain"
6992,45.7,8.8,135833,6_1,51.6,6.4,"Gallarate, Italy"
6993,48.4,-4.5,135829,6_55,51.6,352.0,"Brest, France"
6994,6.4,1.2,135824,13_0,6.8,0.0,"Davié, Tsévié, Maritime, Togo"
6995,28.9,30.8,135817,9_4,32.4,25.6,"mazorah, Sumusţā al Waqf, Beni Suweif, Egypt"
6996,53.2,34.4,135797,5_5,58.0,32.0,"Suponevo, Bryansk, Russia"
6997,14.0,121.3,135795,11_18,19.6,115.2,"Lusacan, San Pablo, Philippines"
6998,32.2,-110.8,135781,9_38,32.4,243.2,"Tanque Verde, United States"
6999,8.9,38.6,135765,12_6,13.2,38.4,"Dima, Sebeta, Oromiya, Ethiopia"
7000,42.5,-83.0,135753,7_43,45.2,275.2,"Macomb County, Warren, Michigan, United States"
7001,24.4,89.2,135748,10_13,26.0,83.2,"Gurudaspur Upazila, Natore, Rajshahi Division, Bangladesh"
7002,53.6,-2.1,135736,5_55,58.0,352.0,"Haugh Square, Oldham, England, United Kingdom"
7003,9.0,37.8,135721,12_5,13.2,32.0,"Ambo Zuria, Hāgere Hiywet, Oromiya, Ethiopia (W)"
7004,-27.8,-50.3,135702,18_48,-25.2,307.2,"Lages, Brazil"
7005,-7.4,108.5,135699,15_16,-6.0,102.4,"Cilangkap, Indonesia"
7006,36.9,-76.3,135656,8_44,38.8,281.6,"Norfolk, United States"
7007,11.7,-72.3,135643,12_44,13.2,281.6,"Uribia, Colombia"
7008,13.1,-1.1,135630,12_56,13.2,358.4,"Kaya, Burkina Faso"
7009,7.8,5.7,135560,12_0,13.2,0.0,"Ode, Nigeria"
7010,-7.0,29.8,135538,15_4,-6.0,25.6,"Moba, Baudhuinville, Tanganyika, Democratic Republic of the Congo"
7011,19.3,-70.3,135500,11_45,19.6,288.0,"San Francisco de Macorís, Dominican Republic"
7012,19.3,-103.7,135482,11_40,19.6,256.0,"El Chanal, Colima, Mexico"
7013,19.2,-70.5,135457,11_45,19.6,288.0,"La Vega, Dominican Republic"
7014,38.2,37.2,135452,8_5,38.8,32.0,"Elbistan, Turkey"
7015,45.4,-122.8,135434,6_37,51.6,236.8,"Tigard, United States"
7016,-20.1,-44.9,135423,17_49,-18.8,313.6,"Divinópolis, Brazil"
7017,4.9,114.9,135411,13_17,6.8,108.8,"Bandar Seri Begawan, Brunei"
7018,13.7,5.3,135401,11_0,19.6,0.0,"Illela, Birni N Konni, Nigeria"
7019,32.0,5.3,135397,9_0,32.4,0.0,"Ouargla District, Ouargla, Algeria"
7020,-15.7,46.4,135375,16_7,-12.4,44.8,"Betatamo, Mahajanga, Boeny, Madagascar"
7021,-15.7,46.3,135375,16_7,-12.4,44.8,"Mahajanga, Madagascar"
7022,30.4,48.2,135361,9_7,32.4,44.8,"Khorramshahr, Iran"
7023,41.8,-88.3,135361,7_42,45.2,268.8,"Aurora, Illinois, United States"
7024,0.3,34.8,135329,14_5,0.4,32.0,"Shinyalu, Kakamega, Kakamega County, Kenya"
7025,40.2,-74.8,135323,7_44,45.2,281.6,"Fallsington, Trenton, New Jersey, United States"
7026,24.7,68.8,135318,10_10,26.0,64.0,"Badin, Pakistan"
7027,39.7,-75.6,135316,7_44,45.2,281.6,"Wilmington, United States"
7028,24.3,55.8,135298,10_8,26.0,51.2,"Al Buraymī, Oman"
7029,-7.4,110.5,135256,15_17,-6.0,108.8,"Manggung, Salatiga, Central Java, Indonesia"
7030,-6.7,24.0,135240,15_3,-6.0,19.2,"Kabinda, Gandajika, Lomami, Democratic Republic of the Congo (E)"
7031,-29.4,-66.9,135225,18_45,-25.2,288.0,"La Rioja, Argentina"
7032,35.5,46.2,135210,8_7,38.8,44.8,"Marīvān, Iran"
7033,10.4,-68.0,135185,12_45,13.2,288.0,"Puerto Cabello, Venezuela"
7034,7.2,80.0,135182,12_12,13.2,76.8,"Ballapana, Minuwangoda, Western Province, Sri Lanka"
7035,23.6,88.9,135180,10_13,26.0,83.2,"Chuadanga Sadar Upazila, Nowlamary, Khulna Division, Bangladesh"
7036,24.0,90.1,135166,10_14,26.0,89.6,"Jadabpur, Mirzāpur, Dhaka Division, Bangladesh"
7037,-6.5,107.8,135151,15_16,-6.0,102.4,"Gunungsembung, Subang, West Java, Indonesia"
7038,27.7,85.2,135116,9_13,32.4,83.2,"Ki̇̄rtipur, Kathmandu, Nepal"
7039,32.9,-117.2,135114,8_37,38.8,236.8,"Mira Mesa, United States"
7040,-1.7,29.0,135103,14_4,0.4,25.6,"Mutetebwa, Sake, North Kivu, Democratic Republic of the Congo"
7041,24.5,90.3,135101,10_14,26.0,89.6,"Bhabanipur, Sakhipur, Dhaka Division, Bangladesh"
7042,40.1,-83.1,135066,7_43,45.2,275.2,"Dublin, United States"
7043,13.4,44.3,135063,11_6,19.6,38.4,"Al Kadd al `Ulya, Ḩayfān, Ta‘izz, Yemen"
7044,39.9,-83.1,135032,7_43,45.2,275.2,"Grove City, Columbus, United States"
7045,64.1,-21.9,135000,4_52,64.4,332.8,"Reykjavík, Iceland"
7046,6.5,38.4,134997,13_6,6.8,38.4,"Teferi Kela, Wendo, Sidama Region, Ethiopia"
7047,5.0,7.0,134995,13_1,6.8,6.4,"Igwuruta, Rumuodomaya, Rivers State, Nigeria"
7048,37.6,-1.0,134965,8_56,38.8,358.4,"Cartagena, Spain"
7049,13.0,124.0,134943,12_19,13.2,121.6,"Sorsogon, Philippines"
7050,1.4,124.8,134901,13_19,6.8,121.6,"Pineleng, Manado, Indonesia"
7051,27.5,68.7,134894,9_10,32.4,64.0,"Nizamani, Khairpur Mir’s, Sindh, Pakistan"
7052,6.7,7.4,134889,13_1,6.8,6.4,"Ogbede, Aku, Nigeria"
7053,25.5,89.2,134876,10_13,26.0,83.2,"Bhendabari, Badarganj, Rangpur Division, Bangladesh"
7054,7.7,4.9,134876,12_0,13.2,0.0,"Efon-Alaaye, Nigeria"
7055,37.9,28.3,134856,8_4,38.8,25.6,"Nazilli, Turkey"
7056,51.8,55.2,134850,5_8,58.0,51.2,"Orenburg, Orenburg Oblast, Russia (E)"
7057,-26.7,27.9,134829,18_4,-25.2,25.6,"Vereeniging, South Africa"
7058,34.3,72.2,134824,8_11,38.8,70.4,"Khairabad, Mardan, Khyber Pakhtunkhwa, Pakistan"
7059,-7.9,111.4,134820,15_17,-6.0,108.8,"Tegalombo, Ponorogo, East Java, Indonesia"
7060,-22.8,-45.2,134762,17_49,-18.8,313.6,"Guaratinguetá, Brazil"
7061,60.3,25.0,134750,4_3,64.4,19.2,"Vantaa, Finland"
7062,7.3,79.9,134738,12_12,13.2,76.8,"Metikotuwa, Negombo, Western Province, Sri Lanka"
7063,42.3,-83.2,134714,7_43,45.2,275.2,"Dearborn, United States"
7064,14.8,44.2,134694,11_6,19.6,38.4,"Ḑawrān ad Daydah, Yemen"
7065,-23.2,-47.3,134660,17_48,-18.8,307.2,"Itu, Brazil"
7066,53.8,-2.7,134631,5_55,58.0,352.0,"Preston, United Kingdom"
7067,-8.4,113.6,134614,15_17,-6.0,108.8,"Sumberejo, Indonesia"
7068,24.6,88.7,134612,10_13,26.0,83.2,"Bagmara Upazila, Bangladesh"
7069,42.3,-83.3,134595,7_43,45.2,275.2,"Taylor, United States"
7070,36.6,136.7,134592,8_21,38.8,134.4,"Tsukiuramachi, Kanazawa, Ishikawa, Japan"
7071,53.4,-2.8,134538,5_55,58.0,352.0,"St Helens, United Kingdom"
7072,22.1,92.0,134504,10_14,26.0,89.6,"Eochia, Sātkania, Chittagong, Bangladesh"
7073,51.4,7.5,134493,6_1,51.6,6.4,"Hagen, Germany"
7074,10.0,-12.9,134459,12_54,13.2,345.6,"Kebeyah, Kindia, Guinea"
7075,36.5,52.9,134406,8_8,38.8,51.2,"Qā’em Shahr, Iran"
7076,10.6,122.9,134403,12_19,13.2,121.6,"Taloc, Bacolod City, Philippines"
7077,13.2,123.7,134396,12_19,13.2,121.6,"Tagas, Philippines"
7078,7.1,37.6,134373,12_5,13.2,32.0,"Bombe, Āreka, Ethiopia"
7079,58.6,49.7,134367,4_7,64.4,44.8,"Kirov, Kirov Oblast, Russia (E)"
7080,9.4,41.6,134331,12_6,13.2,38.4,"Chelenko, Ethiopia"
7081,9.9,106.3,134331,12_16,13.2,102.4,"Trà Vinh, Vietnam"
7082,25.6,89.7,134324,10_14,26.0,89.6,"Chilmari Upazila, Chilmāri, Rangpur Division, Bangladesh"
7083,16.8,-3.0,134307,11_55,19.6,352.0,"Timbuktu, Mali"
7084,31.2,30.9,134288,9_4,32.4,25.6,"Ar Riyāḑ, Kafr ash Shaykh, Egypt"
7085,40.9,73.0,134281,7_11,45.2,70.4,"Manas, Kyrgyzstan"
7086,33.2,129.7,134279,8_20,38.8,128.0,"Sasebo, Japan"
7087,-22.7,-47.3,134278,17_48,-18.8,307.2,"Americana, Brazil"
7088,39.6,66.9,134266,7_10,45.2,64.0,"Gulistan, Samarkand, Samarqand Region, Uzbekistan"
7089,3.3,101.5,134249,13_15,6.8,96.0,"Bandar Tasik Puteri, Bukit Rahman Putra, Malaysia"
7090,35.8,140.1,134235,8_21,38.8,134.4,"Inzai, Japan"
7091,8.9,40.8,134211,12_6,13.2,38.4,"Bedēsa, Ethiopia"
7092,50.1,8.2,134198,6_1,51.6,6.4,"Wiesbaden, Germany"
7093,8.1,4.3,134194,12_0,13.2,0.0,"Ogbomosho North, Ogbomoso, Oyo State, Nigeria"
7094,29.5,70.8,134189,9_11,32.4,70.4,"Jatoi Shimali, Pakistan"
7095,-6.3,107.9,134189,15_16,-6.0,102.4,"Pamanukan, Indonesia"
7096,24.5,90.4,134177,10_14,26.0,89.6,"Harirampur, Gafargaon, Mymensingh Division, Bangladesh"
7097,-7.3,109.9,134161,15_17,-6.0,108.8,"Kaliwalang, Wonosobo, Central Java, Indonesia"
7098,32.6,74.5,134152,8_11,38.8,70.4,"Hadali, Pakistan"
7099,21.3,105.9,134140,10_16,26.0,102.4,"Sóc Sơn, Vietnam"
7100,6.1,116.2,134132,13_18,6.8,115.2,"Inanam, Malaysia"
7101,40.8,-111.9,134106,7_38,45.2,243.2,"Capitol Hill, Salt Lake City, Utah, United States"
7102,7.4,-7.6,134087,12_55,13.2,352.0,"Man, Ivory Coast"
7103,-8.5,114.2,134084,15_17,-6.0,108.8,"Purwoharjo, Indonesia"
7104,40.6,140.5,134066,7_21,45.2,134.4,"Hirosaki, Japan"
7105,53.4,-2.6,134060,5_55,58.0,352.0,"Warrington, United Kingdom"
7106,-16.8,27.0,134057,16_4,-12.4,25.6,"Choma, Zambia"
7107,14.7,121.2,134045,11_18,19.6,115.2,"Rodriguez, Antipolo, Philippines"
7108,39.8,127.4,134018,7_19,45.2,121.6,"Sinsang-ni, North Korea"
7109,47.1,21.9,134013,6_3,51.6,19.2,"Episcopia Bihor, Oradea, Romania"
7110,12.6,6.1,133995,12_0,13.2,0.0,"Talata Mafara, Nigeria"
7111,39.5,-0.5,133987,7_56,45.2,358.4,"el Collado, Torrent, Valencia, Spain"
7112,32.3,35.8,133985,9_5,32.4,32.0,"Jerash Sub-District, ‘Ajlūn, Ajloun, Jordan"
7113,-15.9,-47.8,133976,16_48,-12.4,307.2,"São Sebastião, Brazil"
7114,7.9,4.0,133964,12_0,13.2,0.0,"Oke Omo, Oyo, Oyo State, Nigeria"
7115,42.9,143.2,133962,7_22,45.2,140.8,"Obihiro, Japan"
7116,50.9,7.1,133945,6_1,51.6,6.4,"Porz am Rhein, Germany"
7117,24.2,120.5,133942,10_18,26.0,115.2,"Buzi, Taiwan"
7118,7.0,37.8,133935,12_5,13.2,32.0,"Shanto, Bodītī, Ethiopia"
7119,8.6,39.1,133928,12_6,13.2,38.4,"Mojo, Ethiopia"
7120,47.1,51.9,133907,6_8,51.6,51.2,"Atyrau, Kazakhstan"
7121,52.5,6.1,133901,5_0,58.0,0.0,"Zwolle, The Netherlands"
7122,-19.9,-44.2,133885,17_49,-18.8,313.6,"Regional Norte, Betim, Minas Gerais, Brazil"
7123,12.2,-86.3,133875,12_42,13.2,268.8,"Ciudad Sandino, Managua, Nicaragua"
7124,20.7,105.8,133847,10_16,26.0,102.4,"Đại Nghĩa, Vietnam"
7125,4.3,-74.8,133807,13_44,6.8,281.6,"Girardot City, Colombia"
7126,18.1,-94.4,133798,11_41,19.6,262.4,"Mundo Nuevo, Coatzacoalcos, Veracruz, Mexico"
7127,3.6,98.9,133692,13_15,6.8,96.0,"Tani, Percut, North Sumatra, Indonesia"
7128,40.3,69.6,133679,7_10,45.2,64.0,"Khujand, Tajikistan"
7129,2.2,32.9,133664,13_5,6.8,32.0,"Lira, Uganda"
7130,29.8,-95.3,133628,9_41,32.4,262.4,"Kashmere Gardens, Houston, Texas, United States"
7131,6.0,6.7,133624,13_1,6.8,6.4,"Osimili, Atani, Anambra, Nigeria"
7132,-12.0,-75.2,133621,15_44,-6.0,281.6,"Cullpa Alta, Huancayo, Junin, Peru"
7133,50.3,18.7,133588,6_2,51.6,12.8,"Gliwice, Poland"
7134,41.1,-81.5,133581,7_43,45.2,275.2,"Akron, United States"
7135,51.9,15.5,133565,5_2,58.0,12.8,"Zielona Góra, Poland"
7136,10.6,-61.4,133532,12_46,13.2,294.4,"Tunapuna, Trinidad and Tobago"
7137,33.7,72.9,133524,8_11,38.8,70.4,"Zone III, Islamabad, Pakistan (W)"
7138,-7.1,111.9,133521,15_17,-6.0,108.8,"Mojomalang, Bojonegoro, East Java, Indonesia"
7139,31.1,72.9,133515,9_11,32.4,70.4,"Rampur, Dijkot, Punjab, Pakistan"
7140,26.0,89.4,133487,10_13,26.0,83.2,"Aditmari Upazila, Lalmonirhat, Rangpur Division, Bangladesh"
7141,14.5,-17.0,133481,11_53,19.6,339.2,"Nguékhokh, Mbour, Senegal"
7142,7.3,5.1,133467,12_0,13.2,0.0,"Ilare, Akure, Nigeria"
7143,2.3,111.8,133459,13_17,6.8,108.8,"Sibu, Malaysia"
7144,26.5,85.9,133457,9_13,32.4,83.2,"Benipatti, Jaleshwar, Madhesh, Nepal"
7145,24.7,91.7,133454,10_14,26.0,89.6,"Balaganj Upazila, Jahedpur, Sylhet Division, Bangladesh"
7146,-7.1,107.8,133399,15_16,-6.0,102.4,"Mekarwangi, Paseh, West Java, Indonesia"
7147,-17.8,30.9,133399,16_4,-12.4,25.6,"Dzivarasekwa, Harare Western Suburbs, Mashonaland West, Zimbabwe"
7148,-1.8,110.0,133383,14_17,0.4,108.8,"Ketapang, Indonesia"
7149,44.5,26.0,133374,7_4,45.2,25.6,"Sector 6, Romania"
7150,-3.4,114.6,133367,14_17,0.4,108.8,"Gambut, Banjarmasin, Indonesia"
7151,36.7,3.7,133353,8_0,38.8,0.0,"Bordj Menaïel, Algeria"
7152,37.1,126.9,133332,8_19,38.8,121.6,"Sangsin-ri, Hwaseong-si, Gyeonggi-do, South Korea"
7153,32.4,44.7,133310,9_6,32.4,38.4,"Al Hāshimīyah, Al-Qāsim, Iraq"
7154,44.0,43.1,133310,7_6,45.2,38.4,"Pyatigorsk, Russia"
7155,43.4,-3.8,133299,7_55,45.2,352.0,"San Salvador, Santander, Spain"
7156,43.5,-3.8,133299,7_55,45.2,352.0,"Cueto, Santander, Spain"
7157,50.6,26.3,133293,6_4,51.6,25.6,"Velyka Omeliana Rural Hromada, Rivne, Ukraine"
7158,31.6,73.8,133287,9_11,32.4,70.4,"Chak Five Hundred Seventy-five, Pakistan"
7159,-8.0,27.1,133268,15_4,-6.0,25.6,"Kyolo, Mulongo, Haut-Lomami, Democratic Republic of the Congo"
7160,-38.9,-68.1,133254,20_45,-38.0,288.0,"Parque Industrial Oeste, Neuquén, Argentina"
7161,32.7,-117.2,133198,8_37,38.8,236.8,"San Diego County, San Diego, California, United States"
7162,24.4,54.6,133197,10_8,26.0,51.2,"Khalifah A City, United Arab Emirates"
7163,41.3,69.4,133194,7_10,45.2,64.0,"Salor, Uzbekistan"
7164,-7.9,112.5,133138,15_17,-6.0,108.8,"Batu, Indonesia"
7165,-37.8,145.3,133112,19_22,-31.6,140.8,"Croydon, Australia"
7166,52.2,6.9,133104,5_1,58.0,6.4,"Enschede, The Netherlands"
7167,37.1,127.0,133098,8_19,38.8,121.6,"Madu-ri, Osan, Gyeonggi-do, South Korea"
7168,39.0,43.4,133055,7_6,45.2,38.4,"Erciş, Turkey"
7169,24.4,89.9,133054,10_14,26.0,89.6,"Elenga, Tangail, Dhaka Division, Bangladesh"
7170,37.7,-121.9,133045,8_37,38.8,236.8,"Pleasanton, United States"
7171,28.0,81.6,133007,9_12,32.4,76.8,"Nepalgunj, Nepal"
7172,38.9,27.8,132992,7_4,45.2,25.6,"Akhisar, Turkey"
7173,55.4,10.4,132984,5_1,58.0,6.4,"Odense, Denmark"
7174,51.7,-0.0,132966,5_0,58.0,0.0,"Enfield Town, United Kingdom"
7175,50.5,30.8,132966,6_4,51.6,25.6,"Brovary, Ukraine"
7176,26.7,67.6,132929,9_10,32.4,64.0,"Johi, Pakistan"
7177,39.4,125.6,132897,7_19,45.2,121.6,"Paek'ak, North Korea"
7178,24.0,89.8,132891,10_14,26.0,89.6,"Duptair, Nāgarpur, Dhaka Division, Bangladesh"
7179,23.7,89.2,132853,10_13,26.0,83.2,"Dignagar, Nowlamary, Khulna Division, Bangladesh"
7180,48.6,2.4,132848,6_0,51.6,0.0,"Évry, France"
7181,-6.0,145.0,132848,15_22,-6.0,140.8,"Kundiawa, Papua New Guinea"
7182,9.1,38.9,132816,12_6,13.2,38.4,"Sendafa, Ethiopia"
7183,-19.8,47.1,132815,17_7,-18.8,44.8,"Andranomanelatra, Antsirabe, Madagascar"
7184,20.1,-75.2,132810,10_44,26.0,281.6,"Guantánamo, Cuba"
7185,42.9,-2.7,132778,7_55,45.2,352.0,"Mendiguren, Gasteiz / Vitoria, Spain"
7186,31.8,72.5,132755,9_11,32.4,70.4,"Sillanwali, Pakistan"
7187,37.6,-77.5,132591,8_44,38.8,281.6,"Richmond, United States"
7188,19.8,-70.7,132562,10_45,26.0,288.0,"Puerto Plata, Dominican Republic"
7189,-1.1,34.5,132532,14_5,0.4,32.0,"Migori, Kenya"
7190,34.4,8.8,132469,8_1,38.8,6.4,"Gafsa, Tunisia"
7191,59.4,24.8,132455,4_3,64.4,19.2,"Peetri alevik, Tallinn, Estonia"
7192,50.4,80.3,131789,6_12,51.6,76.8,"Semey, Kazakhstan (E)"
7193,-11.7,43.3,131741,15_6,-6.0,38.4,"Moroni, Comoros"
7194,32.5,3.7,131722,8_0,38.8,0.0,"Ghardaïa, Algeria"
7195,15.7,100.1,131681,11_15,19.6,96.0,"Nakhon Sawan, Thailand"
7196,53.8,20.5,131601,5_3,58.0,19.2,"Olsztyn, Poland"
7197,-9.5,-77.5,131592,15_44,-6.0,281.6,"Huaraz, Peru"
7198,45.0,42.0,131415,7_6,45.2,38.4,"Stavropol, Russia"
7199,4.9,31.6,131387,13_4,6.8,25.6,"Juba, South Sudan"
7200,-3.7,33.4,131365,14_5,0.4,32.0,"Shinyanga, Tanzania"
7201,39.2,125.9,131297,7_19,45.2,121.6,"Samsŏk District, P’yŏngsŏng, North Korea"
7202,37.8,30.6,131253,8_4,38.8,25.6,"Isparta, Turkey"
7203,33.4,6.9,131080,8_1,38.8,6.4,"El Oued, Algeria"
7204,13.4,101.0,131070,11_15,19.6,96.0,"Chon Buri, Thailand"
7205,19.2,-103.7,130974,11_40,19.6,256.0,"Altamira, Colima, Mexico"
7206,41.8,60.0,130871,7_9,45.2,57.6,"Daşoguz, Turkmenistan"
7207,-14.8,-64.9,130763,16_46,-12.4,294.4,"Trinidad, Bolivia"
7208,41.0,27.5,130470,7_4,45.2,25.6,"Tekirdağ, Turkey"
7209,22.8,5.5,130380,10_0,26.0,0.0,"Tamanghasset, Algeria"
7210,18.2,42.5,130171,11_6,19.6,38.4,"Abha, Saudi Arabia"
7211,-31.7,-60.5,130065,19_46,-31.6,294.4,"Paraná, Argentina"
7212,52.0,5.9,129894,5_0,58.0,0.0,"Arnhem, The Netherlands"
7213,36.2,65.9,129724,8_10,38.8,64.0,"Sar-e Pul, Afghanistan"
7214,8.4,100.0,129470,12_15,13.2,96.0,"Nakhon Si Thammarat, Thailand"
7215,46.2,21.3,129256,6_3,51.6,19.2,"Arad, Romania"
7216,11.0,20.3,129200,12_3,13.2,19.2,"Am Timan, Chad"
7217,-12.2,26.4,129159,15_4,-6.0,25.6,"Solwezi, Zambia"
7218,-35.4,-71.6,129115,19_45,-31.6,288.0,"Alto Lircay, Talca, Chile"
7219,22.8,-102.6,128726,10_40,26.0,256.0,"Zacatecas, Mexico"
7220,13.1,-59.6,128592,12_46,13.2,294.4,"Bridgetown, Barbados"
7221,31.1,33.8,128544,9_5,32.4,32.0,"Arīsh, Egypt"
7222,48.1,17.1,128513,6_2,51.6,12.8,"Bratislava, Slovakia"
7223,13.8,100.0,128395,11_15,19.6,96.0,"Ban Nong Din Daeng, Nakhon Pathom, Thailand"
7224,49.2,7.0,128244,6_1,51.6,6.4,"Saarbrücken, Germany"
7225,15.6,39.5,128177,11_6,19.6,38.4,"Massawa, Eritrea (E)"
7226,-27.3,-55.9,128093,18_47,-25.2,300.8,"Encarnación, Paraguay"
7227,-10.3,40.2,127880,15_6,-6.0,38.4,"Mtwara, Tanzania"
7228,61.8,34.3,127721,4_5,64.4,32.0,"Petrozavodsk, Russia"
7229,35.5,134.2,127602,8_20,38.8,128.0,"Tottori-shi, Japan"
7230,-23.9,29.5,127310,17_4,-18.8,25.6,"Polokwane, South Africa"
7231,-36.6,-64.3,127253,19_46,-31.6,294.4,"Santa Rosa, Argentina"
7232,42.7,-73.8,127088,7_44,45.2,281.6,"Albany, United States"
7233,31.2,34.8,127076,9_5,32.4,32.0,"Beersheba, Southern District, Israel"
7234,11.8,-0.4,126988,12_56,13.2,358.4,"Tenkodogo, Burkina Faso"
7235,42.7,21.2,126884,7_3,45.2,19.2,"Pristina, Kosovo"
7236,30.7,51.6,126732,9_8,32.4,51.2,"Yasuj, Iran"
7237,14.5,100.9,126541,11_15,19.6,96.0,"Saraburi, Thailand"
7238,-20.1,30.8,126536,17_4,-18.8,25.6,"Masvingo, Zimbabwe"
7239,40.8,31.2,126525,7_4,45.2,25.6,"Düzce, Turkey"
7240,39.6,22.4,126483,7_3,45.2,19.2,"Lárisa, Greece"
7241,49.6,25.6,126405,6_4,51.6,25.6,"Ternopil, Ukraine"
7242,37.2,33.2,126195,8_5,38.8,32.0,"Karaman, Turkey"
7243,39.2,9.1,126102,7_1,45.2,6.4,"Cagliari, Italy"
7244,-5.9,144.2,125970,14_22,0.4,140.8,"Mount Hagen, Papua New Guinea"
7245,21.8,105.2,125770,10_16,26.0,102.4,"Tuyên Quang, Vietnam"
7246,36.5,40.7,125462,8_6,38.8,38.4,"Al Ḩasakah, Syria"
7247,36.3,2.8,125230,8_0,38.8,0.0,"Médéa, Algeria"
7248,38.9,40.5,124570,7_6,45.2,38.4,"Bingöl, Turkey"
7249,35.9,14.4,124507,8_2,38.8,12.8,"Mosta, Malta"
7250,36.4,3.9,124328,8_0,38.8,0.0,"Bouïra, Algeria"
7251,53.1,23.2,124270,5_3,58.0,19.2,"Dojlidy, Białystok, Poland"
7252,6.7,80.4,123849,13_12,6.8,76.8,"Ratnapura, Sri Lanka"
7253,-13.6,32.6,123657,16_5,-12.4,32.0,"Chipata, Zambia"
7254,13.3,-87.2,123515,11_42,19.6,268.8,"Ciudad Choluteca, Honduras"
7255,15.0,-91.1,123378,11_42,19.6,268.8,"Santa Cruz del Quiché, Guatemala"
7256,-0.6,34.9,123057,14_5,0.4,32.0,"Nyamira, Kenya"
7257,39.8,-86.2,123041,7_42,45.2,268.8,"Marion County, Indianapolis, United States (W)"
7258,7.3,-2.3,123021,12_55,13.2,352.0,"Sunyani, Ghana"
7259,7.5,1.1,122956,12_0,13.2,0.0,"Atakpamé, Togo"
7260,15.0,103.1,122871,11_16,19.6,102.4,"Buri Ram, Thailand"
7261,13.7,-88.9,122804,11_42,19.6,268.8,"Cojutepeque, El Salvador"
7262,15.0,-91.8,122683,11_41,19.6,262.4,"San Marcos, Guatemala"
7263,34.0,-81.0,122522,8_43,38.8,275.2,"Columbia, United States"
7264,44.8,17.2,122290,7_2,45.2,12.8,"Banja Luka, Bosnia and Herzegovina"
7265,43.6,-116.2,121970,7_38,45.2,243.2,"East End, Boise, United States"
7266,4.9,-52.3,121921,13_48,6.8,307.2,"Cayenne, French Guiana"
7267,43.3,45.7,121649,7_7,45.2,44.8,"Grozny, Russia"
7268,34.9,5.7,121630,8_0,38.8,0.0,"Biskra District, Biskra, Algeria (N)"
7269,11.1,2.9,121539,12_0,13.2,0.0,"Kandi, Benin"
7270,18.5,-77.9,121515,11_44,19.6,281.6,"Montego Bay, Jamaica"
7271,42.2,20.7,121317,7_3,45.2,19.2,"Prizren, Kosovo"
7272,37.8,140.5,121040,8_21,38.8,134.4,"Fukushima, Japan"
7273,50.3,28.7,120928,6_4,51.6,25.6,"Zhytomyr, Ukraine"
7274,15.1,105.8,120847,11_16,19.6,102.4,"Pakse, Laos"
7275,32.0,35.7,120661,9_5,32.4,32.0,"Al-Salt Sub-District, As Salţ, Balqa, Jordan"
7276,31.7,34.6,120596,9_5,32.4,32.0,"Ashkelon, Israel"
7277,46.6,32.6,120590,6_5,51.6,32.0,"Kherson, Ukraine"
7278,10.6,47.4,120564,12_7,13.2,44.8,"Ceerigaabo, Somalia"
7279,46.6,26.9,120559,6_4,51.6,25.6,"Bacău, Romania"
7280,11.0,-63.9,120455,12_46,13.2,294.4,"La Asunción, Venezuela"
7281,27.9,-0.3,120379,9_56,32.4,358.4,"Adrar, Algeria"
7282,34.8,67.8,120141,8_10,38.8,64.0,"Bāmyān, Afghanistan"
7283,41.5,31.8,119760,7_4,45.2,25.6,"Zonguldak, Turkey"
7284,31.9,5.3,119741,9_0,32.4,0.0,"Ouargla District, Ouargla, Algeria (S)"
7285,-21.2,27.5,119671,17_4,-18.8,25.6,"Francistown, Botswana"
7286,12.6,-87.1,119623,12_42,13.2,268.8,"Chinandega, Nicaragua"
7287,50.6,26.2,119537,6_4,51.6,25.6,"Velyka Omeliana Rural Hromada, Rivne, Ukraine (W)"
7288,34.9,35.9,119363,8_5,38.8,32.0,"Ţarţūs, Syria"
7289,61.7,50.8,119305,4_7,64.4,44.8,"Syktyvkar, Russia"
7290,-1.8,-79.5,119120,14_43,0.4,275.2,"Babahoyo, Ecuador"
7291,3.8,8.8,119100,13_1,6.8,6.4,"Malabo II, Malabo, Equatorial Guinea"
7292,4.6,28.4,119086,13_4,6.8,25.6,"Yambio, South Sudan"
7293,37.3,9.9,118610,8_1,38.8,6.4,"Bizerte, Tunisia"
7294,-12.3,49.3,118496,15_7,-6.0,44.8,"Antsiranana, Madagascar"
7295,55.4,86.1,118332,5_13,58.0,83.2,"Kemerovsky Urban Okrug, Kemerovo, Russia (N)"
7296,40.9,38.4,118261,7_6,45.2,38.4,"Giresun, Turkey"
7297,42.3,42.7,118041,7_6,45.2,38.4,"Kutaisi, Georgia"
7298,-2.2,113.9,118037,14_17,0.4,108.8,"Palangkaraya, Indonesia"
7299,14.4,-11.4,117973,11_54,19.6,345.6,"Kayes, Mali"
7300,56.9,24.1,117719,5_3,58.0,19.2,"Ziepniekkalns, Riga, Latvia"
7301,47.9,35.1,117660,6_5,51.6,32.0,"Zaporizhzhya, Ukraine"
7302,10.3,106.0,117493,12_16,13.2,102.4,"Xã An Bình, Vĩnh Long, Vietnam"
7303,-37.8,175.3,117484,19_27,-31.6,172.8,"Hamilton, New Zealand"
7304,6.1,-6.0,117347,13_55,6.8,352.0,"Gagnoa, Ivory Coast"
7305,57.8,28.3,117310,5_4,58.0,25.6,"Pskov, Russia"
7306,42.8,-2.7,117013,7_55,45.2,352.0,"Lasarte, Gasteiz / Vitoria, Spain"
7307,13.2,18.3,116896,12_2,13.2,12.8,"Ati, Chad"
7308,6.6,1.7,116854,13_0,6.8,0.0,"Lokossa, Benin"
7309,-6.1,143.7,116774,15_22,-6.0,140.8,"Mendi, Papua New Guinea"
7310,7.5,80.4,116761,12_12,13.2,76.8,"Kurunegala, Sri Lanka"
7311,22.5,104.0,116357,10_16,26.0,102.4,"Lào Cai, Vietnam"
7312,53.3,34.3,116303,5_5,58.0,32.0,"Bryansk, Russia"
7313,41.0,40.5,115927,7_6,45.2,38.4,"Rize, Turkey"
7314,41.6,-93.6,115912,7_41,45.2,262.4,"Polk County, Des Moines, United States (E)"
7315,13.6,16.5,115896,11_2,19.6,12.8,"Moussoro, Chad"
7316,31.7,35.1,115533,9_5,32.4,32.0,"Battir, Palestinian Territory"
7317,36.7,37.1,114955,8_5,38.8,32.0,"Kilis, Turkey"
7318,18.2,-72.5,114934,11_44,19.6,281.6,"Jacmel, Haiti"
7319,9.6,1.2,114919,12_0,13.2,0.0,"Kara, Togo"
7320,48.7,21.3,114863,6_3,51.6,19.2,"Košice, Slovakia"
7321,18.6,99.0,114763,11_15,19.6,96.0,"Lamphun, Thailand"
7322,37.1,70.6,114677,8_11,38.8,70.4,"Fayzabad, Afghanistan"
7323,-18.1,49.4,114506,16_7,-12.4,44.8,"Toamasina, Madagascar"
7324,41.7,-4.7,114453,7_55,45.2,352.0,"Valladolid, Spain (N)"
7325,13.5,-88.9,114442,11_42,19.6,268.8,"Zacatecoluca, El Salvador"
7326,-25.9,25.6,114361,18_4,-25.2,25.6,"Mafikeng, South Africa"
7327,24.0,120.7,114284,10_18,26.0,115.2,"Zhongxing New Village, Taiwan"
7328,23.0,-82.2,113842,10_43,26.0,275.2,"San José de las Lajas, Cuba"
7329,6.5,124.8,113744,13_19,6.8,121.6,"Koronadal, Philippines"
7330,13.4,121.2,113708,11_18,19.6,115.2,"Calapan, Philippines"
7331,-14.4,28.4,113502,16_4,-12.4,25.6,"Kabwe, Zambia"
7332,13.6,-2.4,113458,11_55,19.6,352.0,"Ouahigouya, Burkina Faso"
7333,10.3,-67.0,113448,12_45,13.2,288.0,"Guaremal, Los Teques, Venezuela"
7334,32.2,35.2,113146,9_5,32.4,32.0,"Sarra, Nablus, West Bank, Palestinian Territory"
7335,32.2,34.8,112937,9_5,32.4,32.0,"Herzliya, Israel"
7336,45.3,28.0,112722,6_4,51.6,25.6,"Brăila, Romania"
7337,15.6,108.5,112668,11_16,19.6,102.4,"Tam Kỳ, Vietnam"
7338,-20.1,28.6,112655,17_4,-18.8,25.6,"Queens Park West, Bulawayo, Zimbabwe"
7339,16.5,99.5,112581,11_15,19.6,96.0,"Kamphaeng Phet, Thailand"
7340,32.3,36.2,112578,9_5,32.4,32.0,"Mafraq, Jordan"
7341,33.4,35.5,112532,8_5,38.8,32.0,"Nabatîyé et Tahta, Lebanon"
7342,7.1,-70.8,112455,12_45,13.2,288.0,"Arauca, Colombia"
7343,40.7,29.3,112254,7_4,45.2,25.6,"Yalova, Turkey"
7344,2.9,11.2,112065,13_1,6.8,6.4,"Ébolowa, Cameroon"
7345,18.3,105.9,112034,11_16,19.6,102.4,"Hà Tĩnh, Vietnam"
7346,14.5,20.9,112031,11_3,19.6,19.2,"Biltine, Chad"
7347,35.6,6.2,111901,8_0,38.8,0.0,"Kasro, Batna, Algeria"
7348,41.3,19.5,111860,7_3,45.2,19.2,"Durrës, Albania"
7349,35.6,53.4,111749,8_8,38.8,51.2,"Semnan, Iran"
7350,-12.8,45.2,111507,16_7,-12.4,44.8,"Mamoudzou, Mayotte"
7351,35.4,7.1,111440,8_1,38.8,6.4,"Khenchela, Algeria"
7352,-17.4,30.2,111268,16_4,-12.4,25.6,"Chinhoyi, Zimbabwe"
7353,-6.3,31.1,111036,15_4,-6.0,25.6,"Mpanda, Tanzania"
7354,9.2,105.2,110903,12_16,13.2,102.4,"Cà Mau, Vietnam"
7355,36.3,8.0,110880,8_1,38.8,6.4,"Ouled Driss, Souk Ahras, Algeria"
7356,15.7,-88.6,110835,11_42,19.6,268.8,"Puerto Barrios, Guatemala"
7357,40.8,140.7,110833,7_21,45.2,134.4,"Aomori, Japan"
7358,34.1,134.6,110755,8_21,38.8,134.4,"Tokushima, Japan"
7359,36.7,65.8,110628,8_10,38.8,64.0,"Shibirghān, Afghanistan"
7360,35.9,68.7,110027,8_10,38.8,64.0,"Pul-e Khumri, Pul-e Khumrī, Afghanistan"
7361,-9.3,14.9,109978,15_2,-6.0,12.8,"N'dalatando, Angola"
7362,-23.7,-70.4,109823,17_45,-18.8,288.0,"Provincia de Antofagasta, Antofagasta, Chile"
7363,23.7,-99.1,109440,10_40,26.0,256.0,"Ciudad Victoria, Mexico"
7364,37.3,40.7,109200,8_6,38.8,38.4,"Mardin, Turkey"
7365,-29.9,-71.3,109157,18_45,-25.2,288.0,"Caleta San Pedro, La Serena, Chile"
7366,14.5,49.1,108835,11_7,19.6,44.8,"Mukalla, Yemen"
7367,-5.2,145.8,108692,14_22,0.4,140.8,"Madang, Papua New Guinea"
7368,17.5,101.7,108681,11_15,19.6,96.0,"Loei, Thailand"
7369,-13.3,35.2,108556,16_5,-12.4,32.0,"Lichinga, Mozambique"
7370,4.3,21.0,108538,13_3,6.8,19.2,"Gbadolite, Democratic Republic of the Congo"
7371,43.1,-89.4,108473,7_42,45.2,268.8,"Madison, United States"
7372,47.1,8.3,108377,6_1,51.6,6.4,"Luzern, Switzerland"
7373,20.6,106.1,107972,10_16,26.0,102.4,"Hưng Yên, Vietnam"
7374,-18.0,-70.3,107905,16_45,-12.4,288.0,"Para, Tacna, Peru"
7375,35.3,-1.1,107837,8_56,38.8,358.4,"Aïn Temouchent, Algeria"
7376,7.6,100.1,107808,12_15,13.2,96.0,"Phatthalung, Thailand"
7377,35.2,33.4,107659,8_5,38.8,32.0,"Nicosia, Cyprus"
7378,36.4,140.4,107418,8_21,38.8,134.4,"Hirakuecho, Mito, Japan"
7379,57.8,40.9,107266,5_6,58.0,38.4,"Kostroma, Russia"
7380,32.5,20.8,106855,8_3,38.8,19.2,"Al Marj, Libya"
7381,14.0,-83.4,106394,11_43,19.6,275.2,"Puerto Cabezas, Nicaragua"
7382,9.7,-68.6,106276,12_45,13.2,288.0,"San Carlos, Venezuela"
7383,8.4,48.5,106240,12_7,13.2,44.8,"Garoowe, Somalia"
7384,-22.5,-55.7,106190,17_47,-18.8,300.8,"Pedro Juan Caballero, Paraguay"
7385,8.5,47.4,105982,12_7,13.2,44.8,"Laascaanood, Somalia"
7386,44.9,-123.0,105920,7_37,45.2,236.8,"Salem, United States"
7387,18.9,-70.4,105664,11_45,19.6,288.0,"Bonao, Dominican Republic"
7388,-12.6,-69.2,105564,16_45,-12.4,288.0,"Puerto Maldonado, Peru"
7389,-1.9,30.4,105480,14_4,0.4,25.6,"Rwamagana, Rwanda"
7390,33.8,35.9,105443,8_5,38.8,32.0,"Zahlé, Lebanon"
7391,44.9,-93.1,105440,7_41,45.2,262.4,"West Saint Paul, Saint Paul, United States"
7392,38.0,34.7,105432,8_5,38.8,32.0,"Niğde, Turkey"
7393,16.2,103.3,105356,11_16,19.6,102.4,"Maha Sarakham, Thailand"
7394,43.1,12.4,105045,7_1,45.2,6.4,"Perugia, Italy"
7395,35.7,10.1,104991,8_1,38.8,6.4,"Kairouan, Tunisia"
7396,21.0,107.1,104841,10_16,26.0,102.4,"Hạ Long, Vietnam"
7397,31.6,130.6,104618,9_20,32.4,128.0,"Sakurajima Koike Cho, Kagoshima, Japan"
7398,3.9,41.9,104544,13_6,6.8,38.4,"Mandera, Kenya"
7399,-0.9,-78.6,104284,14_43,0.4,275.2,"Latacunga, Ecuador"
7400,49.6,34.6,104254,6_5,51.6,32.0,"Podilskyi District, Poltava, Ukraine"
7401,0.2,35.1,104058,14_5,0.4,32.0,"Kapsabet, Kenya"
7402,-4.2,-69.9,104001,14_45,0.4,288.0,"Leticia, Colombia"
7403,-41.5,-72.9,103858,20_44,-38.0,281.6,"Puerto Montt, Chile"
7404,35.9,7.1,103796,8_1,38.8,6.4,"Oum el Bouaghi, Algeria"
7405,-1.7,-78.7,103535,14_43,0.4,275.2,"Riobamba, Ecuador"
7406,38.5,-8.9,103532,8_54,38.8,345.6,"Setúbal, Portugal"
7407,16.9,43.8,103437,11_6,19.6,38.4,"Al Mana`, Sa'dah, Yemen"
7408,41.4,33.8,103251,7_5,45.2,32.0,"Kastamonu, Turkey"
7409,8.6,81.2,103173,12_12,13.2,76.8,"Trincomalee, Sri Lanka"
7410,14.3,-90.8,103162,11_42,19.6,268.8,"Escuintla, Guatemala"
7411,-0.5,37.3,103158,14_5,0.4,32.0,"Kerugoya, Kenya"
7412,21.0,-77.0,103030,10_44,26.0,281.6,"Las Tunas, Cuba"
7413,13.7,101.1,102919,11_15,19.6,96.0,"Chachoengsao, Thailand"
7414,35.7,0.6,102903,8_0,38.8,0.0,"Relizane, Algeria"
7415,32.4,34.9,102881,9_5,32.4,32.0,"Hogla, Hadera, Haifa, Israel"
7416,48.1,20.8,102773,6_3,51.6,19.2,"Miskolc, Hungary"
7417,11.9,-86.0,102535,12_42,13.2,268.8,"Granada, Nicaragua"
7418,-39.0,-68.1,102423,20_45,-38.0,288.0,"Municipio de Cipolletti, Neuquén, Argentina"
7419,18.2,-66.0,102329,11_45,19.6,288.0,"Caguas, Puerto Rico"
7420,32.4,35.7,102204,9_5,32.4,32.0,"Judita, ‘Ajlūn, Jordan"
7421,53.2,5.8,102204,5_0,58.0,0.0,"Leeuwarden, The Netherlands"
7422,44.9,65.5,101950,7_10,45.2,64.0,"Kyzylorda City, Kyzylorda, Kazakhstan (N)"
7423,0.0,37.7,101912,14_5,0.4,32.0,"Meru, Kenya"
7424,53.1,158.6,101816,5_24,58.0,153.6,"Petropavlovsk-Kamchatsky, Russia"
7425,7.0,81.1,101645,12_12,13.2,76.8,"Badulla, Sri Lanka"
7426,40.5,35.0,101479,7_5,45.2,32.0,"Çorum, Turkey"
7427,46.1,11.1,101472,6_1,51.6,6.4,"Trento, Italy"
7428,59.3,15.2,101362,4_2,64.4,12.8,"Örebro, Sweden"
7429,36.2,-86.8,101096,8_42,38.8,268.8,"Nashville, United States"
7430,-18.5,-70.3,100918,16_45,-12.4,288.0,"Arica, Chile"
7431,-35.3,149.1,100666,19_23,-31.6,147.2,"Canberra, Australia"
7432,41.2,47.2,100640,7_7,45.2,44.8,"Sheki, Azerbaijan"
7433,14.6,-90.0,100275,11_42,19.6,268.8,"Jalapa, Guatemala"
7434,16.6,-11.4,100257,11_54,19.6,345.6,"Kiffa, Mauritania"
7435,-19.0,32.7,100123,17_5,-18.8,32.0,"Mutare, Zimbabwe"
7436,39.1,34.2,99763,7_5,45.2,32.0,"Kırşehir, Turkey"
7437,32.1,35.9,99710,9_5,32.4,32.0,"Bīrayn, Ṣuwayliḥ, Jordan"
7438,13.1,99.9,99396,12_15,13.2,96.0,"Phetchaburi, Thailand"
7439,47.5,21.6,99291,6_3,51.6,19.2,"Debrecen, Hungary"
7440,-11.0,-68.8,99243,15_45,-6.0,288.0,"Cobija, Bolivia"
7441,33.6,69.2,99207,8_10,38.8,64.0,"Gardez, Afghanistan"
7442,-4.1,138.9,99168,14_21,0.4,134.4,"Wamena, Indonesia"
7443,35.8,10.8,99144,8_1,38.8,6.4,"Monastir, Tunisia"
7444,13.1,-86.0,98950,12_42,13.2,268.8,"Jinotega, Nicaragua"
7445,46.6,14.3,98682,6_2,51.6,12.8,"Klagenfurt am Wörthersee, Austria"
7446,-1.1,-80.5,98642,14_43,0.4,275.2,"Portoviejo, Ecuador"
7447,16.8,107.1,98542,11_16,19.6,102.4,"Ðông Hà, Vietnam"
7448,12.3,-14.2,98380,12_54,13.2,345.6,"Gabú, Guinea-Bissau"
7449,-3.1,29.4,98292,14_4,0.4,25.6,"Bubanza, Burundi"
7450,8.3,80.4,98277,12_12,13.2,76.8,"Anuradhapura, Sri Lanka"
7451,9.9,-67.4,98191,12_45,13.2,288.0,"San Juan de los Morros, Venezuela"
7452,46.1,18.2,97726,6_2,51.6,12.8,"Pécs, Hungary"
7453,32.4,35.0,97610,9_5,32.4,32.0,"Bāqa el Gharbīya, Haifa, Israel"
7454,9.1,99.3,97594,12_15,13.2,96.0,"Surat Thani, Thailand"
7455,29.0,50.8,97541,9_7,32.4,44.8,"Bushehr, Iran"
7456,32.0,34.7,97498,9_5,32.4,32.0,"H̱olon, Israel"
7457,34.6,43.7,97412,8_6,38.8,38.4,"Tikrīt, Iraq"
7458,38.8,30.5,97353,8_4,38.8,25.6,"Afyonkarahisar, Turkey"
7459,61.5,23.8,97276,4_3,64.4,19.2,"Tampere, Finland"
7460,-33.9,18.4,97243,19_2,-31.6,12.8,"Waterfront, Cape Town, South Africa"
7461,14.0,45.6,97169,11_7,19.6,44.8,"Al Bayda, Yemen"
7462,5.7,-67.6,97151,13_45,6.8,288.0,"Puerto Ayacucho, Venezuela"
7463,62.0,129.7,97135,4_20,64.4,128.0,"Yakutsk, Russia"
7464,1.6,11.6,97083,13_1,6.8,6.4,"Oyem, Gabon"
7465,21.9,-79.4,97074,10_43,26.0,275.2,"Sancti Spíritus, Cuba"
7466,0.8,-77.7,96936,13_44,6.8,281.6,"Tulcán, Ecuador"
7467,49.7,13.4,96888,6_2,51.6,12.8,"Pilsen, Czechia"
7468,-22.1,48.0,96855,17_7,-18.8,44.8,"Manakara, Madagascar"
7469,-9.1,32.9,96838,15_5,-6.0,32.0,"Vwawa, Tanzania"
7470,13.1,-86.4,96832,12_42,13.2,268.8,"Estelí, Nicaragua"
7471,10.6,-66.9,96824,12_45,13.2,288.0,"La Guaira, Venezuela"
7472,18.0,-66.6,96823,11_45,19.6,288.0,"Ponce, Puerto Rico"
7473,45.6,25.6,96699,6_4,51.6,25.6,"Zona Metropolitană Brașov, Braşov, Romania"
7474,12.1,0.4,96677,12_0,13.2,0.0,"Fada N'gourma, Burkina Faso"
7475,16.9,-25.0,96604,11_52,19.6,332.8,"Mindelo, Cabo Verde"
7476,-11.5,34.0,96242,15_5,-6.0,32.0,"Mzuzu, Malawi (S)"
7477,40.6,33.6,96169,7_5,45.2,32.0,"Çankırı, Turkey"
7478,38.2,21.7,96056,8_3,38.8,19.2,"Pátra, Greece"
7479,30.0,40.2,95656,9_6,32.4,38.4,"Sakakah, Saudi Arabia"
7480,33.5,133.5,95650,8_20,38.8,128.0,"Kochi, Japan"
7481,6.8,-58.2,95513,13_47,6.8,300.8,"Georgetown, Guyana"
7482,10.6,103.5,95367,12_16,13.2,102.4,"Sihanoukville, Cambodia"
7483,-5.2,39.8,95334,14_6,0.4,38.4,"Chake Chake, Tanzania"
7484,42.1,19.5,95162,7_3,45.2,19.2,"Shkodër, Albania"
7485,47.8,22.9,95129,6_3,51.6,19.2,"Satu Mare, Romania"
7486,32.5,35.3,95011,8_5,38.8,32.0,"Area C, Janīn, West Bank, Palestinian Territory"
7487,10.6,-4.8,94968,12_55,13.2,352.0,"Banfora, Burkina Faso"
7488,37.2,28.4,94943,8_4,38.8,25.6,"Muğla, Turkey"
7489,26.7,85.9,94619,9_13,32.4,83.2,"Basahiyā, Janakpur, Nepal"
7490,18.0,-77.5,94492,11_44,19.6,281.6,"Mandeville, Jamaica"
7491,12.1,-68.9,94472,12_45,13.2,288.0,"Willemstad, Curacao"
7492,-0.7,8.8,94465,14_1,0.4,6.4,"Port-Gentil, Gabon"
7493,39.9,44.0,94353,7_6,45.2,38.4,"Iğdır, Turkey"
7494,8.7,16.9,94223,12_2,13.2,12.8,"Doba, Chad"
7495,42.4,19.3,94206,7_3,45.2,19.2,"Podgorica, Montenegro"
7496,16.4,103.5,94159,11_16,19.6,102.4,"Kalasin, Thailand"
7497,-4.0,29.4,94018,14_4,0.4,25.6,"Rumonge, Burundi"
7498,10.4,-12.1,93888,12_54,13.2,345.6,"Mamou, Guinea"
7499,59.0,5.7,93779,4_0,64.4,0.0,"Stavanger, Norway"
7500,21.4,103.0,93729,10_16,26.0,102.4,"Dien Bien Phu, Vietnam"
7501,0.3,-78.1,93725,14_44,0.4,281.6,"Ibarra, Ecuador"
7502,36.5,6.3,93715,8_0,38.8,0.0,"Mila, Algeria"
7503,33.4,35.4,93706,8_5,38.8,32.0,"Habboûch, Lebanon"
7504,-6.0,-77.0,93481,15_44,-6.0,281.6,"Moyobamba, Peru"
7505,35.6,1.8,93313,8_0,38.8,0.0,"Tissemsilt, Algeria"
7506,38.7,41.5,93189,8_6,38.8,38.4,"Muş, Turkey"
7507,21.8,-78.8,93133,10_43,26.0,275.2,"Ciego de Ávila, Cuba"
7508,-32.3,-58.1,93053,19_47,-31.6,300.8,"Paysandú, Uruguay"
7509,32.8,12.7,92957,8_1,38.8,6.4,"Az Zāwīyah, Libya"
7510,6.8,29.7,92952,13_4,6.8,25.6,"Rumbek, South Sudan"
7511,-23.4,43.7,92891,17_6,-18.8,38.4,"Ankaloaka, Toliara, Madagascar"
7512,14.6,-16.2,92796,11_53,19.6,339.2,"Ngognick Mignane, Diourbel, Senegal"
7513,-0.6,30.6,92532,14_4,0.4,25.6,"Kafunjo, Mbarara, Uganda"
7514,14.3,-89.9,92530,11_42,19.6,268.8,"Jutiapa, Guatemala"
7515,32.8,35.2,92493,8_5,38.8,32.0,"Shefar‘am, Israel"
7516,31.1,35.7,92380,9_5,32.4,32.0,"Mota, ‘Izrā, Karak, Jordan"
7517,-0.4,35.3,92343,14_5,0.4,32.0,"Kericho, Kenya"
7518,12.3,-2.4,92160,12_55,13.2,352.0,"Koudougou, Burkina Faso"
7519,-15.8,-70.0,92005,16_45,-12.4,288.0,"Puno, Peru"
7520,-19.8,34.8,91988,17_5,-18.8,32.0,"Beira, Mozambique"
7521,47.2,8.5,91683,6_1,51.6,6.4,"Zug, Switzerland"
7522,33.3,35.3,91608,8_5,38.8,32.0,"Srîfa, Tyre, Lebanon"
7523,32.7,-16.9,91507,8_53,38.8,339.2,"Funchal, Portugal"
7524,10.5,99.2,91414,12_15,13.2,96.0,"Chumphon, Thailand"
7525,37.6,43.7,91360,8_6,38.8,38.4,"Hakkâri, Turkey"
7526,13.5,99.8,91221,11_15,19.6,96.0,"Ratchaburi, Thailand"
7527,27.0,14.4,91164,9_2,32.4,12.8,"Sabha, Libya"
7528,-20.3,44.3,91131,17_6,-18.8,38.4,"Morondava, Madagascar"
7529,12.9,23.5,91027,12_3,13.2,19.2,"Zalinjay, Sudan"
7530,50.8,5.7,90960,6_0,51.6,0.0,"Maastricht, The Netherlands"
7531,10.8,-0.9,90878,12_56,13.2,358.4,"Bolgatanga, Ghana"
7532,-0.5,39.6,90850,14_6,0.4,38.4,"Bula lewi, Garissa, Kenya"
7533,31.6,35.0,90767,9_5,32.4,32.0,"Idhnā, Palestinian Territory"
7534,60.4,5.3,90454,4_0,64.4,0.0,"Bergen, Norway"
7535,13.1,33.9,90436,12_5,13.2,32.0,"Singa, Sudan"
7536,23.2,72.7,90393,10_11,26.0,70.4,"Gandhinagar, India"
7537,0.1,-76.9,90373,14_44,0.4,281.6,"Nueva Loja, Ecuador"
7538,19.2,30.5,90341,11_4,19.6,25.6,"Dongola, Sudan"
7539,43.6,13.5,90308,7_2,45.2,12.8,"Ancona, Italy"
7540,-45.9,170.5,90271,21_26,-44.4,166.4,"Dunedin, New Zealand"
7541,-2.4,29.8,90062,14_4,0.4,25.6,"Nyanza, Rwanda"
7542,49.0,14.5,89869,6_2,51.6,12.8,"České Budějovice, Czechia"
7543,-20.0,23.4,89644,17_3,-18.8,19.2,"Maun, Botswana"
7544,9.0,-69.7,89615,12_45,13.2,288.0,"Guanare, Venezuela"
7545,-23.4,-57.4,89336,17_47,-18.8,300.8,"Concepción, Paraguay"
7546,39.7,43.0,89240,7_6,45.2,38.4,"Ağrı, Turkey"
7547,53.4,14.6,88918,5_2,58.0,12.8,"Międzyodrze-Wyspa Pucka, Szczecin, Poland"
7548,17.2,104.1,88723,11_16,19.6,102.4,"Sakon Nakhon, Thailand"
7549,11.9,108.4,88562,12_16,13.2,102.4,"Ðà Lạt, Vietnam"
7550,14.5,-87.6,88505,11_42,19.6,268.8,"Comayagua, Honduras"
7551,29.0,-10.1,88481,9_54,32.4,345.6,"Guelmim, Morocco"
7552,32.3,-90.2,88312,9_42,32.4,268.8,"Jackson, United States"
7553,40.3,-76.9,88261,7_44,45.2,281.6,"Harrisburg, United States"
7554,46.9,7.4,88125,6_1,51.6,6.4,"Bern, Switzerland"
7555,9.5,31.7,88074,12_4,13.2,25.6,"Malakal, South Sudan"
7556,14.1,15.3,87860,11_2,19.6,12.8,"Mao, Chad"
7557,7.5,37.9,87850,12_5,13.2,32.0,"Hossana, Hosa’ina, Ethiopia"
7558,-24.4,25.5,87794,17_3,-18.8,19.2,"Molepolole, Botswana"
7559,18.4,-73.1,87099,11_44,19.6,281.6,"Miragoâne, Haiti"
7560,41.6,32.3,87053,7_5,45.2,32.0,"Bartın, Turkey"
7561,45.8,24.1,87019,6_3,51.6,19.2,"Sibiu, Romania"
7562,-22.8,47.8,86971,17_7,-18.8,44.8,"Farafangana, Madagascar"
7563,32.5,35.1,86783,8_5,38.8,32.0,"Arrara, Umm el Faḥm, Haifa, Israel"
7564,48.4,-123.4,86742,6_36,51.6,230.4,"Victoria, Canada"
7565,40.0,48.5,86620,7_7,45.2,44.8,"Sabirabad, Azerbaijan"
7566,34.9,33.6,86544,8_5,38.8,32.0,"Larnaca, Cyprus"
7567,9.8,105.5,86447,12_16,13.2,102.4,"Vị Thanh, Vietnam"
7568,4.9,15.9,86384,13_2,6.8,12.8,"Carnot, Central African Republic"
7569,7.0,-9.5,86336,12_54,13.2,345.6,"Gbarnga, Liberia"
7570,42.7,-84.6,86271,7_43,45.2,275.2,"Lansing, United States"
7571,29.5,35.0,86172,9_5,32.4,32.0,"Askān al Mīnā’, Aqaba, Jordan"
7572,23.0,-81.6,86008,10_43,26.0,275.2,"Matanzas, Cuba"
7573,16.9,42.6,85913,11_6,19.6,38.4,"Jizan, Saudi Arabia"
7574,46.5,24.6,85869,6_3,51.6,19.2,"Târgu Mureş, Romania"
7575,65.0,25.5,85643,3_3,70.8,19.2,"Oulu, Finland"
7576,41.1,20.1,85465,7_3,45.2,19.2,"Elbasan, Albania"
7577,16.5,104.7,85358,11_16,19.6,102.4,"Mukdahan, Thailand"
7578,41.6,-8.4,85165,7_54,45.2,345.6,"Braga, Portugal"
7579,34.0,36.2,85128,8_5,38.8,32.0,"Baalbek, Lebanon"
7580,14.5,-4.2,84913,11_55,19.6,352.0,"Nouveau-Quartier, Mopti, Mali"
7581,18.2,-71.1,84906,11_45,19.6,288.0,"Santa Cruz de Barahona, Dominican Republic"
7582,43.9,26.0,84866,7_4,45.2,25.6,"Giurgiu, Romania"
7583,38.6,34.7,84838,8_5,38.8,32.0,"Nevşehir, Turkey"
7584,41.6,45.0,84815,7_7,45.2,44.8,"Rustavi, Georgia"
7585,42.5,27.5,84443,7_4,45.2,25.6,"Burgas, Bulgaria"
7586,42.1,21.7,84228,7_3,45.2,19.2,"Kumanovo, North Macedonia"
7587,-36.8,174.8,84078,19_27,-31.6,172.8,"Vauxhall, Auckland, New Zealand"
7588,45.7,27.2,84027,6_4,51.6,25.6,"Focșani, Romania"
7589,32.5,35.2,83639,8_5,38.8,32.0,"Khirbat Suruj, Umm el Faḥm, Haifa, Israel"
7590,10.1,34.5,83567,12_5,13.2,32.0,"Āsosa, Ethiopia"
7591,-22.6,17.1,83350,17_2,-18.8,12.8,"Windhoek, Namibia"
7592,3.1,35.6,83294,13_5,6.8,32.0,"Lodwar, Kenya"
7593,35.5,-97.5,83287,8_41,38.8,262.4,"Oklahoma City, United States"
7594,42.4,25.6,83271,7_4,45.2,25.6,"Stara Zagora, Bulgaria"
7595,18.6,-74.1,83011,11_44,19.6,281.6,"Jérémie, Haiti"
7596,47.0,142.7,82957,6_22,51.6,140.8,"Yuzhno-Sakhalinsk, Russia"
7597,12.7,101.3,82883,12_15,13.2,96.0,"Rayong, Thailand"
7598,31.2,35.7,82707,9_5,32.4,32.0,"Karak Sub-District, ‘Izrā, Karak, Jordan"
7599,5.9,-10.0,82701,13_54,6.8,345.6,"Buchanan, Liberia"
7600,50.8,25.4,82588,6_3,51.6,19.2,"Lutsk, Ukraine"
7601,33.5,126.5,82579,8_19,38.8,121.6,"Jeju City, South Korea"
7602,32.9,35.2,82545,8_5,38.8,32.0,"Tamra, Israel"
7603,40.7,35.8,82503,7_5,45.2,32.0,"Amasya, Turkey"
7604,-40.8,-63.0,82467,20_46,-38.0,294.4,"Viedma, Argentina"
7605,40.6,43.1,82415,7_6,45.2,38.4,"Kars, Turkey"
7606,8.0,-2.8,82336,12_55,13.2,352.0,"Bondoukou, Ivory Coast"
7607,17.5,44.1,82229,11_6,19.6,38.4,"Al Mikhlaf, Najrān, Saudi Arabia"
7608,31.3,34.2,82030,9_5,32.4,32.0,"Rafaḩ, Palestinian Territory"
7609,58.4,15.6,81930,4_2,64.4,12.8,"Linköping, Sweden"
7610,19.8,-72.2,81904,10_44,26.0,281.6,"Cormier, Cap-Haïtien, Haiti"
7611,14.6,-61.1,81873,11_46,19.6,294.4,"Fort-de-France, Martinique"
7612,10.3,1.4,81828,12_0,13.2,0.0,"Natitingou, Benin"
7613,8.8,-12.8,81776,12_54,13.2,345.6,"Port Loko, Sierra Leone"
7614,46.9,19.7,81708,6_3,51.6,19.2,"Kecskemét, Hungary"
7615,20.9,-17.0,81507,10_53,26.0,339.2,"Nouadhibou, Mauritania"
7616,14.2,1.5,81464,11_0,19.6,0.0,"Tillabéri, Niger"
7617,31.5,35.0,81387,9_5,32.4,32.0,"Dūrā, Palestinian Territory"
7618,53.6,11.4,81378,5_1,58.0,6.4,"Schwerin, Germany"
7619,42.0,21.0,81231,7_3,45.2,19.2,"Tetovo, North Macedonia"
7620,-23.9,35.4,81043,17_5,-18.8,32.0,"Inhambane, Mozambique"
7621,32.4,-86.3,80654,9_42,32.4,268.8,"Montgomery, United States"
7622,44.9,18.8,80649,7_2,45.2,12.8,"Brčko, Bosnia and Herzegovina"
7623,35.3,-2.9,80608,8_55,38.8,352.0,"Melilla, Spain"
7624,32.3,50.9,80321,9_7,32.4,44.8,"Shahr-e Kord, Iran"
7625,6.5,101.3,80320,13_15,6.8,96.0,"Yala, Thailand"
7626,39.2,48.5,80107,7_7,45.2,44.8,"Jalilabad, Azerbaijan"
7627,36.3,2.0,80018,8_0,38.8,0.0,"Aïn Defla, Algeria"
7628,39.9,48.9,79573,7_7,45.2,44.8,"Şirvan, Azerbaijan"
7629,64.5,40.6,79468,3_6,70.8,38.4,"Arkhangel’sk, Russia"
7630,-1.6,30.1,79364,14_4,0.4,25.6,"Byumba, Rwanda"
7631,32.1,35.7,79242,9_5,32.4,32.0,"Al-Salt Sub-District, As Salţ, Balqa, Jordan (N)"
7632,35.9,-5.3,79181,8_55,38.8,352.0,"Ceuta, Spain"
7633,32.6,35.7,79162,8_5,38.8,32.0,"El-Wastiyyeh Sub-District, Aţ Ţayyibah, Irbid, Jordan"
7634,18.1,100.1,79133,11_15,19.6,96.0,"Phrae, Thailand"
7635,17.5,-88.2,79128,11_42,19.6,268.8,"Belize City, Belize"
7636,49.2,-2.1,79100,6_55,51.6,352.0,"Saint Helier, Jersey"
7637,42.3,130.3,78912,7_20,45.2,128.0,"Rajin, North Korea"
7638,-34.9,-55.0,78808,19_47,-31.6,300.8,"Maldonado, Uruguay"
7639,50.7,17.9,78802,6_2,51.6,12.8,"Opole, Poland"
7640,39.7,141.2,78610,7_22,45.2,140.8,"Kagano, Morioka, Japan"
7641,30.4,-84.3,78449,9_43,32.4,275.2,"Tallahassee, United States"
7642,32.2,35.6,78410,9_5,32.4,32.0,"Az Zubaydāt, Kurayyimah, Palestinian Territory"
7643,40.5,19.5,78370,7_3,45.2,19.2,"Vlorë, Albania"
7644,15.2,104.8,78294,11_16,19.6,102.4,"Saen Suk, Ubon Ratchathani, Thailand (W)"
7645,31.6,34.5,78240,9_5,32.4,32.0,"Bayt Lāhyā, Gaza, Palestinian Territory"
7646,9.1,-62.1,78234,12_46,13.2,294.4,"Tucupita, Venezuela"
7647,36.7,9.2,78231,8_1,38.8,6.4,"Béja, Tunisia"
7648,34.4,5.1,78221,8_0,38.8,0.0,"Ouled Djellal, Algeria"
7649,5.3,115.2,78194,13_18,6.8,115.2,"Labuan, Malaysia"
7650,24.3,56.7,78173,10_8,26.0,51.2,"Sohar, Oman"
7651,41.8,20.9,77926,7_3,45.2,19.2,"Gostivar, North Macedonia"
7652,30.8,35.6,77873,9_5,32.4,32.0,"Abil, Aţ Ţafīlah, Tafielah, Jordan"
7653,35.7,138.6,77726,8_21,38.8,134.4,"Kofu, Japan"
7654,25.1,56.3,77394,10_8,26.0,51.2,"Fujairah, United Arab Emirates"
7655,34.8,0.2,77333,8_0,38.8,0.0,"Saïda, Algeria"
7656,21.3,103.9,77269,10_16,26.0,102.4,"Sơn La, Vietnam"
7657,-2.5,140.7,77168,14_21,0.4,134.4,"Angkasapura, Jayapura, Indonesia"
7658,32.6,14.3,77009,8_2,38.8,12.8,"Al Khums, Libya"
7659,-3.6,-80.4,76843,14_43,0.4,275.2,"Tumbes, Peru"
7660,-2.9,29.1,76831,14_4,0.4,25.6,"Cibitoke, Burundi"
7661,14.5,-91.7,76817,11_41,19.6,262.4,"Retalhuleu, Guatemala"
7662,47.4,9.4,76806,6_1,51.6,6.4,"Sankt Gallen, Switzerland"
7663,-24.7,25.9,76672,17_4,-18.8,25.6,"Gaborone, Botswana"
7664,39.8,33.5,76587,7_5,45.2,32.0,"Kırıkkale, Turkey"
7665,39.0,-76.5,76194,7_44,45.2,281.6,"Annapolis, United States"
7666,13.0,42.7,76119,12_6,13.2,38.4,"Assab, Eritrea"
7667,32.8,21.8,76075,8_3,38.8,19.2,"Al Bayḑā’, Libya"
7668,-17.7,168.3,75853,16_26,-12.4,166.4,"Port-Vila, Vanuatu"
7669,35.2,8.8,75829,8_1,38.8,6.4,"Kasserine, Tunisia"
7670,37.7,30.3,75579,8_4,38.8,25.6,"Burdur, Turkey"
7671,47.2,18.4,75400,6_2,51.6,12.8,"Székesfehérvár, Hungary"
7672,13.4,100.0,75014,11_15,19.6,96.0,"Samut Songkhram, Thailand"
7673,-17.5,24.3,74875,16_3,-12.4,19.2,"Katima Mulilo, Namibia"
7674,50.0,15.8,74518,6_2,51.6,12.8,"Pardubice, Czechia"
7675,6.4,100.2,74471,13_15,6.8,96.0,"Kangar, Malaysia"
7676,44.2,42.0,74421,7_6,45.2,38.4,"Cherkessk, Russia"
7677,59.9,17.6,74370,4_2,64.4,12.8,"Uppsala, Sweden"
7678,30.6,2.9,74347,9_0,32.4,0.0,"El Menia, Algeria"
7679,10.0,-10.7,74193,12_54,13.2,345.6,"Faranah, Guinea"
7680,18.8,-71.2,74152,11_45,19.6,288.0,"San Juan de la Maguana, Dominican Republic"
7681,58.4,26.7,74120,4_4,64.4,25.6,"Tartu, Estonia"
7682,51.7,94.4,74114,5_14,58.0,89.6,"Kyzyl, Russia"
7683,9.4,16.3,74113,12_2,13.2,12.8,"Laï, Chad"
7684,39.9,-4.0,74112,7_55,45.2,352.0,"Toledo, Spain"
7685,47.8,67.7,74091,6_10,51.6,64.0,"Zhezqazghan, Kazakhstan"
7686,21.9,106.8,74041,10_16,26.0,102.4,"Lạng Sơn, Vietnam"
7687,6.7,2.2,73973,13_0,6.8,0.0,"Allada, Benin"
7688,33.2,130.3,73952,8_20,38.8,128.0,"Saga, Japan"
7689,52.5,5.5,73888,5_0,58.0,0.0,"Lelystad, The Netherlands"
7690,36.5,10.7,73797,8_1,38.8,6.4,"Nabeul, Tunisia"
7691,7.6,99.6,73707,12_15,13.2,96.0,"Trang, Thailand"
7692,10.1,-2.5,73650,12_55,13.2,352.0,"Wa, Ghana"
7693,39.0,-95.7,73572,7_41,45.2,262.4,"Topeka, United States"
7694,34.8,32.4,73549,8_5,38.8,32.0,"Paphos, Cyprus"
7695,40.2,-8.4,73490,7_54,45.2,345.6,"Coimbra, Portugal"
7696,14.8,-88.8,73488,11_42,19.6,268.8,"Santa Rosa de Copán, Honduras"
7697,-26.5,31.4,73340,18_4,-25.2,25.6,"Manzini, Eswatini"
7698,31.8,34.8,73274,9_5,32.4,32.0,"Gedera, Israel"
7699,40.3,36.6,73107,7_5,45.2,32.0,"Tokat, Turkey"
7700,14.0,0.0,73075,11_0,19.6,0.0,"Dori, Burkina Faso"
7701,31.2,16.6,72938,9_2,32.4,12.8,"Sirte, Libya"
7702,48.3,18.1,72885,6_2,51.6,12.8,"Nitra, Slovakia"
7703,60.5,22.3,72797,4_3,64.4,19.2,"Turku, Finland"
7704,32.7,35.8,72792,8_5,38.8,32.0,"Kafr Sawm, Jordan"
7705,31.4,35.1,72699,9_5,32.4,32.0,"Yaţţā, Palestinian Territory"
7706,45.1,24.4,72600,7_3,45.2,19.2,"Râmnicu Vâlcea, Romania"
7707,42.5,-2.5,72499,7_55,45.2,352.0,"Logroño, Spain"
7708,41.0,45.6,72492,7_7,45.2,44.8,"Tovuz, Azerbaijan"
7709,20.1,94.9,72487,10_14,26.0,89.6,"Magway, Myanmar"
7710,13.5,144.8,72401,11_22,19.6,140.8,"Dededo Village, Guam"
7711,7.8,2.2,72336,12_0,13.2,0.0,"Dassa-Zoumè, Benin"
7712,51.5,3.6,72332,6_0,51.6,0.0,"Middelburg, The Netherlands"
7713,40.4,47.1,72172,7_7,45.2,44.8,"Barda, Azerbaijan"
7714,25.1,-77.3,71999,10_44,26.0,281.6,"Nassau, Bahamas"
7715,0.1,34.3,71700,14_5,0.4,32.0,"Siaya, Kenya"
7716,32.7,35.1,71676,8_5,38.8,32.0,"Daliyat al Karmel, Israel"
7717,40.8,43.8,71648,7_6,45.2,38.4,"Gyumri, Armenia"
7718,13.3,-88.4,71470,11_42,19.6,268.8,"Usulután, El Salvador"
7719,33.0,35.1,71195,8_5,38.8,32.0,"Nahariyya, Israel"
7720,55.4,65.3,71044,5_10,58.0,64.0,"Kurgan, Russia"
7721,33.2,35.9,70986,8_5,38.8,32.0,"Jabā, Al Qunayţirah, Syria"
7722,-4.8,34.7,70919,14_5,0.4,32.0,"Singida, Tanzania"
7723,36.5,8.8,70814,8_1,38.8,6.4,"Jendouba, Tunisia"
7724,57.0,9.9,70805,5_1,58.0,6.4,"Aalborg, Denmark"
7725,39.5,54.4,70681,7_8,45.2,51.2,"Balkanabat, Turkmenistan"
7726,47.7,23.6,70636,6_3,51.6,19.2,"Baia Mare, Romania"
7727,30.8,20.2,70622,9_3,32.4,19.2,"Ajdabiya, Libya"
7728,20.0,41.5,70595,10_6,26.0,38.4,"Al Bahah, Saudi Arabia"
7729,14.7,-86.2,70560,11_42,19.6,268.8,"Juticalpa, Honduras"
7730,10.7,-61.6,70477,12_46,13.2,294.4,"Diego Martin, Trinidad and Tobago"
7731,-53.2,-70.9,70377,22_45,-50.8,288.0,"Punta Arenas, Chile"
7732,30.4,-91.2,70367,9_42,32.4,268.8,"Baton Rouge, United States"
7733,50.2,15.8,70357,6_2,51.6,12.8,"Hradec Králové, Czechia"
7734,8.9,17.6,70326,12_2,13.2,12.8,"Koumra, Chad"
7735,34.2,131.5,70269,8_20,38.8,128.0,"Yamaguchi, Japan"
7736,14.3,-16.4,70239,11_53,19.6,339.2,"Fatick, Senegal"
7737,51.3,22.6,70195,6_3,51.6,19.2,"Lublin, Poland"
7738,32.4,35.8,70189,9_5,32.4,32.0,"Şakhrah, ‘Ajlūn, Jordan"
7739,36.1,-5.4,70149,8_55,38.8,352.0,"Gibraltar, Gibraltar"
7740,27.1,93.6,70087,9_14,32.4,89.6,"Itanagar, India"
7741,31.3,34.9,70012,9_5,32.4,32.0,"H̱ura, Beersheba, Israel"
7742,50.5,-104.6,70009,6_39,51.6,249.6,"Regina, Canada"
7743,48.4,17.6,69993,6_2,51.6,12.8,"Trnava, Slovakia"
7744,47.5,9.7,69979,6_1,51.6,6.4,"Bregenz, Austria"
7745,46.3,44.3,69971,6_6,51.6,38.4,"Elista, Russia"
7746,-26.3,31.1,69872,18_4,-25.2,25.6,"Mbabane, Eswatini"
7747,-17.9,19.8,69762,16_3,-12.4,19.2,"Rundu, Namibia"
7748,13.9,-89.8,69715,11_42,19.6,268.8,"Ahuachapán, El Salvador"
7749,33.3,35.4,69711,8_5,38.8,32.0,"Srîfa, Nabatîyé et Tahta, Lebanon"
7750,37.5,42.5,69692,8_6,38.8,38.4,"Şırnak, Turkey"
7751,42.2,24.8,69683,7_3,45.2,19.2,"Voyvodinovo, Plovdiv, Bulgaria"
7752,11.0,29.7,69606,12_4,13.2,25.6,"Kadugli, Sudan"
7753,5.9,15.6,69579,13_2,6.8,12.8,"Bouar, Central African Republic"
7754,5.7,-76.7,68935,13_44,6.8,281.6,"Quibdó, Colombia"
7755,17.9,102.7,68891,11_16,19.6,102.4,"Nong Khai, Thailand"
7756,37.9,58.5,68757,8_9,38.8,57.6,"Änew, Turkmenistan"
7757,49.2,18.7,68699,6_2,51.6,12.8,"Žilina, Slovakia"
7758,9.4,-79.9,68634,12_43,13.2,275.2,"Colón, Panama"
7759,46.8,29.5,68623,6_4,51.6,25.6,"Bender, Moldova"
7760,6.0,80.2,68576,13_12,6.8,76.8,"Galle, Sri Lanka"
7761,36.6,128.7,68456,8_20,38.8,128.0,"Andong, South Korea"
7762,8.1,0.2,68425,12_0,13.2,0.0,"Dambai, Ghana"
7763,12.5,-70.0,68405,12_45,13.2,288.0,"Oranjestad, Aruba"
7764,31.7,35.0,68292,9_5,32.4,32.0,"Ramat Bet Shemesh Hei-2, Bet Shemesh, Jerusalem, Israel"
7765,12.7,-15.6,68135,12_53,13.2,339.2,"Sédhiou, Senegal"
7766,11.2,42.7,67973,12_6,13.2,38.4,"Ali Sabih, Djibouti"
7767,44.6,-63.6,67948,7_46,45.2,294.4,"Halifax, Canada"
7768,2.6,-72.6,67676,13_44,6.8,281.6,"San José del Guaviare, Colombia"
7769,14.0,-61.0,67663,11_46,19.6,294.4,"Castries, Saint Lucia"
7770,41.5,48.8,67614,7_7,45.2,44.8,"Xaçmaz, Azerbaijan"
7771,58.5,31.3,67551,4_4,64.4,25.6,"Velikiy Novgorod, Russia"
7772,12.2,21.4,67447,12_3,13.2,19.2,"Goz Beida, Chad"
7773,-0.5,34.5,67263,14_5,0.4,32.0,"Homa Bay, Kenya"
7774,6.9,101.3,67254,12_15,13.2,96.0,"Pattani, Thailand"
7775,15.9,104.6,67161,11_16,19.6,102.4,"Amnat Charoen, Thailand"
7776,33.0,35.2,67018,8_5,38.8,32.0,"maalot Tarshīhā, Northern District, Israel"
7777,20.1,92.9,66998,10_14,26.0,89.6,"Sittwe, Myanmar"
7778,16.1,103.7,66963,11_16,19.6,102.4,"Roi Et, Thailand"
7779,46.8,-100.8,66840,6_40,51.6,256.0,"Bismarck, United States"
7780,47.2,16.6,66695,6_2,51.6,12.8,"Szombathely, Hungary"
7781,32.3,35.7,66678,9_5,32.4,32.0,"Kufranjah, ‘Ajlūn, Ajloun, Jordan"
7782,19.2,99.9,66667,11_15,19.6,96.0,"Phayao, Thailand"
7783,-1.4,38.0,66539,14_5,0.4,32.0,"Kitui, Kenya"
7784,5.8,20.7,66373,13_3,6.8,19.2,"Bambari, Central African Republic"
7785,-13.8,-171.8,66234,16_29,-12.4,185.6,"Apia, Samoa"
7786,47.0,-122.9,66033,6_37,51.6,236.8,"Olympia, United States"
7787,48.8,132.9,65795,6_20,51.6,128.0,"Birobidzhan, Russia"
7788,14.0,99.5,65744,11_15,19.6,96.0,"Kanchanaburi, Thailand"
7789,45.0,23.3,65742,7_3,45.2,19.2,"Târgu Jiu, Romania"
7790,35.0,9.5,65710,8_1,38.8,6.4,"Sidi Bouzid, Tunisia"
7791,40.7,19.6,65557,7_3,45.2,19.2,"Fier, Albania"
7792,22.1,-80.4,65385,10_43,26.0,275.2,"Cienfuegos, Cuba"
7793,12.6,-1.3,65003,12_56,13.2,358.4,"Ziniaré, Burkina Faso"
7794,-18.1,178.4,64936,16_27,-12.4,172.8,"Suva, Fiji"
7795,12.6,-81.7,64755,12_43,13.2,275.2,"San Andrés, Colombia"
7796,11.7,12.0,64676,12_1,13.2,6.4,"Damaturu, Nigeria"
7797,14.8,-89.5,64532,11_42,19.6,268.8,"Chiquimula, Guatemala"
7798,43.4,24.6,64432,7_3,45.2,19.2,"Pleven, Bulgaria"
7799,16.9,99.1,64396,11_15,19.6,96.0,"Tak, Thailand"
7800,47.6,-52.7,64282,6_48,51.6,307.2,"St. John's, Canada"
7801,14.9,103.5,64276,11_16,19.6,102.4,"Surin, Thailand"
7802,6.4,101.8,64121,13_15,6.8,96.0,"Narathiwat, Thailand"
7803,41.7,27.2,64120,7_4,45.2,25.6,"Kırklareli, Turkey"
7804,42.9,20.9,64078,7_3,45.2,19.2,"Mitrovicë, Kosovo"
7805,38.9,16.6,63819,7_2,45.2,12.8,"Catanzaro, Italy"
7806,49.6,17.3,63720,6_2,51.6,12.8,"Olomouc, Czechia"
7807,42.7,20.3,63574,7_3,45.2,19.2,"Pejë, Kosovo"
7808,33.2,35.3,63502,8_5,38.8,32.0,"Qâna, Lebanon"
7809,49.0,21.2,63482,6_3,51.6,19.2,"Prešov, Slovakia"
7810,32.8,35.5,63467,8_5,38.8,32.0,"Tiberias, Northern District, Israel"
7811,45.0,26.0,63461,7_4,45.2,25.6,"Blejoi, Ploieşti, Romania"
7812,-54.8,-68.3,63415,22_45,-50.8,288.0,"Ushuaia, Argentina"
7813,8.2,34.6,63391,12_5,13.2,32.0,"Gambēla, Ethiopia"
7814,41.4,48.5,63331,7_7,45.2,44.8,"Quba, Azerbaijan"
7815,12.5,-3.5,63268,12_55,13.2,352.0,"Dédougou, Burkina Faso"
7816,50.7,14.0,63057,6_2,51.6,12.8,"Ústí nad Labem, Czechia"
7817,59.6,150.8,63053,4_23,64.4,147.2,"Magadan, Russia"
7818,13.6,-86.5,62980,11_42,19.6,268.8,"Ocotal, Nicaragua"
7819,-1.5,-78.0,62978,14_44,0.4,281.6,"Puyo, Ecuador"
7820,32.7,35.2,62847,8_5,38.8,32.0,"Migdal Ha‘Emeq, Israel"
7821,12.6,-12.2,62705,12_54,13.2,345.6,"Kédougou, Senegal"
7822,31.9,34.9,62524,9_5,32.4,32.0,"Yad Rambam, Lod, Central District, Israel"
7823,45.3,14.4,62382,6_2,51.6,12.8,"Rijeka, Croatia"
7824,40.8,44.5,62268,7_6,45.2,38.4,"Vanadzor, Armenia"
7825,29.6,35.0,62232,9_5,32.4,32.0,"Aqaba Sub-District, Eilat, Southern District, Israel"
7826,33.0,35.3,62164,8_5,38.8,32.0,"maalot Tarshīhā, Northern District, Israel (E)"
7827,43.0,41.0,61983,7_6,45.2,38.4,"Sokhumi, Georgia"
7828,41.0,21.3,61912,7_3,45.2,19.2,"Bitola, North Macedonia"
7829,13.1,44.9,61493,12_7,13.2,44.8,"Laḩij, Yemen"
7830,-22.4,26.7,61492,17_4,-18.8,25.6,"Serowe, Botswana"
7831,8.0,-6.7,61352,12_55,13.2,352.0,"Séguéla, Ivory Coast"
7832,47.9,20.4,61284,6_3,51.6,19.2,"Eger, Hungary"
7833,40.6,48.6,61273,7_7,45.2,44.8,"Shamakhi, Azerbaijan"
7834,20.4,72.8,61246,10_11,26.0,70.4,"Daman, India"
7835,42.4,21.2,61243,7_3,45.2,19.2,"Ferizaj, Kosovo"
7836,48.0,21.7,60847,6_3,51.6,19.2,"Nyíregyháza, Hungary"
7837,10.6,104.2,60732,12_16,13.2,102.4,"Kampot, Cambodia"
7838,42.4,20.4,60731,7_3,45.2,19.2,"Gjakovë, Kosovo"
7839,-4.2,12.7,60724,14_1,0.4,6.4,"Dolisie, Republic of the Congo"
7840,44.4,24.4,60723,7_3,45.2,19.2,"Slatina, Romania"
7841,12.0,105.5,60192,12_16,13.2,102.4,"Kampong Cham, Cambodia"
7842,13.6,103.0,60180,11_16,19.6,102.4,"Sisophon, Cambodia"
7843,31.9,35.1,60148,9_5,32.4,32.0,"Baytūnyā, Palestinian Territory"
7844,-19.4,29.8,60120,17_4,-18.8,25.6,"Gweru, Zimbabwe"
7845,61.0,25.7,59988,4_4,64.4,25.6,"Lahti, Finland"
7846,34.7,-92.3,59986,8_41,38.8,262.4,"Little Rock, United States"
7847,-2.1,29.3,59971,14_4,0.4,25.6,"Kibuye, Rwanda"
7848,46.1,23.6,59771,6_3,51.6,19.2,"Alba Iulia, Romania"
7849,23.7,-16.0,59745,10_53,26.0,339.2,"Dakhla, Western Sahara"
7850,-31.7,-56.0,59715,19_47,-31.6,300.8,"Tacuarembó, Uruguay"
7851,44.9,25.5,59587,7_3,45.2,19.2,"Târgovişte, Romania"
7852,44.8,24.9,59554,7_3,45.2,19.2,"Piteşti, Romania"
7853,31.4,27.2,59453,9_4,32.4,25.6,"Marsá Maţrūḩ, Egypt"
7854,17.1,-61.8,59424,11_46,19.6,294.4,"Saint John’s, Antigua and Barbuda"
7855,39.9,48.1,59398,7_7,45.2,44.8,"Imishli, Azerbaijan"
7856,36.2,8.7,59390,8_1,38.8,6.4,"El Kef, Tunisia"
7857,47.7,17.6,59210,6_2,51.6,12.8,"Győr, Hungary"
7858,32.5,35.0,59159,8_5,38.8,32.0,"Pardés H̱anna Karkur, Israel"
7859,22.8,-82.8,58995,10_43,26.0,275.2,"Artemisa, Cuba"
7860,44.6,22.7,58951,7_3,45.2,19.2,"Drobeta-Turnu Severin, Romania"
7861,45.6,18.7,58931,6_2,51.6,12.8,"Osijek, Croatia"
7862,-1.1,35.9,58916,14_5,0.4,32.0,"Narok, Kenya"
7863,32.3,-6.3,58891,9_55,32.4,352.0,"caïdat de Foum El Ansar, Beni Mellal, Morocco"
7864,47.8,27.9,58718,6_4,51.6,25.6,"Bălţi, Moldova"
7865,10.3,-68.7,58698,12_45,13.2,288.0,"San Felipe, Venezuela"
7866,32.1,24.0,58619,9_3,32.4,19.2,"Tobruk, Libya"
7867,-17.2,-70.9,58515,16_45,-12.4,288.0,"Moquegua, Peru"
7868,61.0,69.0,58476,4_10,64.4,64.0,"Khanty-Mansiysk, Russia"
7869,47.1,24.5,58429,6_3,51.6,19.2,"Bistriţa, Romania"
7870,12.2,-14.7,58405,12_53,13.2,339.2,"Bafatá, Guinea-Bissau"
7871,12.9,-7.6,58375,12_55,13.2,352.0,"Koulikoro, Mali"
7872,42.0,23.1,58310,7_3,45.2,19.2,"Blagoevgrad, Bulgaria"
7873,18.2,-67.1,58303,11_45,19.6,288.0,"Mayagüez, Puerto Rico"
7874,42.5,26.5,58177,7_4,45.2,25.6,"Yambol, Bulgaria"
7875,50.5,4.9,58147,6_0,51.6,0.0,"Namur, Belgium"
7876,1.2,35.1,58147,13_5,6.8,32.0,"Kapenguria, Kenya"
7877,45.9,28.2,57942,6_4,51.6,25.6,"Cahul, Moldova"
7878,-10.7,-76.3,57928,15_44,-6.0,281.6,"Cerro de Pasco, Peru"
7879,4.4,-7.7,57865,13_55,6.8,352.0,"Harper, Liberia"
7880,52.7,15.2,57837,5_2,58.0,12.8,"Gorzów Wielkopolski, Poland"
7881,10.9,-14.3,57626,12_54,13.2,345.6,"Boké, Guinea"
7882,17.0,99.8,57593,11_15,19.6,96.0,"Sukhothai, Thailand"
7883,-1.6,-79.0,57576,14_43,0.4,275.2,"Guaranda, Ecuador"
7884,2.8,117.4,57571,13_18,6.8,115.2,"Tanjung Selor, Indonesia"
7885,10.6,-85.4,57491,12_42,13.2,268.8,"Liberia, Costa Rica"
7886,33.2,35.4,57360,8_5,38.8,32.0,"Tebnine, Lebanon"
7887,-0.4,36.9,57306,14_5,0.4,32.0,"Nyeri, Kenya"
7888,-25.0,47.0,57211,17_7,-18.8,44.8,"Tôlanaro, Madagascar"
7889,17.2,102.4,57131,11_16,19.6,102.4,"Nong Bua Lamphu, Thailand"
7890,-6.8,38.9,57006,15_6,-6.0,38.4,"Kibaha, Tanzania"
7891,54.9,69.2,56988,5_10,58.0,64.0,"Petropavl, Kazakhstan"
7892,53.5,-6.2,56963,5_55,58.0,352.0,"Swords, Ireland"
7893,34.9,71.1,56885,8_11,38.8,70.4,"Asadābād, Afghanistan"
7894,47.0,6.9,56855,6_1,51.6,6.4,"Neuchâtel, Switzerland"
7895,32.4,35.6,56828,9_5,32.4,32.0,"Kafr Abīl, Jordan"
7896,43.7,7.4,56790,7_1,45.2,6.4,"Monaco, Monaco"
7897,56.9,14.8,56704,5_2,58.0,12.8,"Växjö, Sweden"
7898,11.8,-86.2,56476,12_42,13.2,268.8,"Jinotepe, Nicaragua"
7899,46.3,20.1,56414,6_3,51.6,19.2,"Szeged, Hungary"
7900,45.2,18.0,56286,7_2,45.2,12.8,"Slavonski Brod, Croatia"
7901,31.6,34.8,56230,9_5,32.4,32.0,"Kiryat Gat, Southern District, Israel"
7902,-39.5,176.9,56007,20_27,-38.0,172.8,"Napier, New Zealand"
7903,16.4,101.2,55928,11_15,19.6,96.0,"Phetchabun, Thailand"
7904,36.8,3.5,55869,8_0,38.8,0.0,"Boumerdas, Algeria"
7905,16.6,104.8,55688,11_16,19.6,102.4,"Savannakhet, Laos"
7906,33.6,68.4,55672,8_10,38.8,64.0,"Ghazni, Afghanistan"
7907,13.6,-88.8,55659,11_42,19.6,268.8,"San Vicente, El Salvador"
7908,15.0,-89.5,55500,11_42,19.6,268.8,"Zacapa, Guatemala"
7909,55.7,21.1,55496,5_3,58.0,19.2,"Klaipėda, Lithuania"
7910,7.3,36.2,55449,12_5,13.2,32.0,"Bonga, Ethiopia"
7911,27.3,33.8,55417,9_5,32.4,32.0,"Hurghada, Egypt"
7912,-42.9,147.3,55364,20_23,-38.0,147.2,"Hobart, Australia"
7913,9.5,-7.6,55355,12_55,13.2,352.0,"Odienné, Ivory Coast"
7914,47.7,8.6,55232,6_1,51.6,6.4,"Schaffhausen, Switzerland"
7915,12.1,-85.4,55206,12_42,13.2,268.8,"Juigalpa, Nicaragua"
7916,10.3,-61.5,55175,12_46,13.2,294.4,"San Fernando, Trinidad and Tobago"
7917,-30.4,-56.5,55143,18_47,-25.2,300.8,"Artigas, Uruguay"
7918,39.9,48.4,55095,7_7,45.2,44.8,"Saatlı, Azerbaijan"
7919,-13.6,-72.9,55021,16_44,-12.4,281.6,"Abancay, Peru"
7920,55.9,23.3,54956,5_3,58.0,19.2,"Šiauliai, Lithuania"
7921,4.7,-6.6,54897,13_55,6.8,352.0,"San-Pédro, Ivory Coast"
7922,6.5,22.0,54829,13_3,6.8,19.2,"Bria, Central African Republic"
7923,15.1,-90.3,54821,11_42,19.6,268.8,"Salamá, Guatemala"
7924,46.8,29.6,54797,6_4,51.6,25.6,"Tiraspol, Moldova"
7925,39.8,34.8,54764,7_5,45.2,32.0,"Yozgat, Turkey"
7926,35.9,74.3,54760,8_11,38.8,70.4,"Gilgit, Pakistan"
7927,18.0,-77.2,54602,11_44,19.6,281.6,"May Pen, Jamaica"
7928,36.8,5.1,54525,8_0,38.8,0.0,"Béjaïa, Algeria"
7929,12.0,107.7,54421,12_16,13.2,102.4,"Gia Nghĩa, Vietnam"
7930,18.4,1.4,54386,11_0,19.6,0.0,"Kidal, Mali"
7931,47.4,8.0,54315,6_1,51.6,6.4,"Aarau, Switzerland"
7932,45.4,12.3,53972,6_1,51.6,6.4,"Venice, Italy"
7933,22.7,-12.5,53873,10_54,26.0,345.6,"Zouérat, Mauritania"
7934,47.2,20.2,53855,6_3,51.6,19.2,"Szolnok, Hungary"
7935,50.8,15.1,53848,6_2,51.6,12.8,"Liberec, Czechia"
7936,9.6,105.6,53821,12_16,13.2,102.4,"Ngã Năm, Vietnam"
7937,43.8,26.0,53633,7_4,45.2,25.6,"Ruse, Bulgaria"
7938,13.5,14.7,53607,11_2,19.6,12.8,"Bol, Chad"
7939,49.2,17.7,53549,6_2,51.6,12.8,"Zlín, Czechia"
7940,-40.4,175.6,53409,20_27,-38.0,172.8,"Palmerston North, New Zealand"
7941,31.8,35.8,53259,9_5,32.4,32.0,"Ḩisbān, Mādabā, Jordan"
7942,32.8,22.6,53247,8_3,38.8,19.2,"Darnah, Libya"
7943,32.9,35.4,53206,8_5,38.8,32.0,"Maghār, Israel"
7944,15.8,102.0,53198,11_15,19.6,96.0,"Chaiyaphum, Thailand"
7945,47.1,17.9,53082,6_2,51.6,12.8,"Veszprém, Hungary"
7946,18.8,100.8,53067,11_15,19.6,96.0,"Nan, Thailand"
7947,45.9,25.8,52847,6_4,51.6,25.6,"Sfântu Gheorghe, Romania"
7948,44.1,15.2,52757,7_2,45.2,12.8,"Zadar, Croatia"
7949,-17.3,31.3,52517,16_4,-12.4,25.6,"Bindura, Zimbabwe"
7950,46.8,7.2,52516,6_1,51.6,6.4,"Fribourg, Switzerland"
7951,21.9,-82.8,52449,10_43,26.0,275.2,"Nueva Gerona, Cuba"
7952,56.5,21.0,52360,5_3,58.0,19.2,"Liepāja, Latvia"
7953,-12.8,-75.0,52356,16_44,-12.4,281.6,"Huancavelica, Peru"
7954,-0.7,37.2,52339,14_5,0.4,32.0,"Murang’a, Kenya"
7955,55.9,26.5,52335,5_4,58.0,25.6,"Daugavpils, Latvia"
7956,47.6,18.4,52295,6_2,51.6,12.8,"Tatabánya, Hungary"
7957,32.1,35.1,52139,9_5,32.4,32.0,"Bidyā, Palestinian Territory"
7958,45.1,26.8,52046,7_4,45.2,25.6,"Buzău, Romania"
7959,63.8,20.3,51992,4_3,64.4,19.2,"Umeå, Sweden"
7960,40.6,15.8,51915,7_2,45.2,12.8,"Potenza, Italy"
7961,35.3,33.3,51692,8_5,38.8,32.0,"Kyrenia, Cyprus"
7962,40.6,20.8,51657,7_3,45.2,19.2,"Korçë, Albania"
7963,32.4,35.1,51492,9_5,32.4,32.0,"Al Nazlah Al Wosta, Bāqa el Gharbīya, Haifa, Israel"
7964,48.7,19.1,51421,6_2,51.6,12.8,"Banská Bystrica, Slovakia"
7965,32.5,34.9,51415,8_5,38.8,32.0,"Golden Beach, Hadera, Haifa, Israel"
7966,40.0,48.9,51396,7_7,45.2,44.8,"Hacıqabul, Azerbaijan"
7967,32.3,35.6,51378,9_5,32.4,32.0,"Kurayyimah, Jordan"
7968,9.1,-1.8,51245,12_55,13.2,352.0,"Damongo, Ghana"
7969,13.5,100.3,51227,11_15,19.6,96.0,"Samut Sakhon, Thailand"
7970,-1.9,18.3,51211,14_2,0.4,12.8,"Inongo, Democratic Republic of the Congo"
7971,6.8,-2.5,51182,13_55,6.8,352.0,"Goaso, Ghana"
7972,42.9,-8.5,51056,7_54,45.2,345.6,"Santiago de Compostela, Spain"
7973,14.3,-90.3,51016,11_42,19.6,268.8,"Cuilapa, Guatemala"
7974,38.8,48.4,50960,8_7,38.8,44.8,"Lerik, Azerbaijan"
7975,35.3,69.5,50879,8_10,38.8,64.0,"Bāzārak, Afghanistan"
7976,59.6,16.6,50835,4_2,64.4,12.8,"Västerås, Sweden"
7977,31.0,61.9,50811,9_9,32.4,57.6,"Zaranj, Afghanistan"
7978,11.1,42.4,50807,12_6,13.2,38.4,"Dikhil, Djibouti"
7979,49.4,15.6,50731,6_2,51.6,12.8,"Jihlava, Czechia"
7980,33.9,8.1,50715,8_1,38.8,6.4,"Tozeur, Tunisia"
7981,48.2,28.3,50635,6_4,51.6,25.6,"Soroca, Moldova"
7982,33.8,44.6,50631,8_6,38.8,38.4,"Baqubah, Iraq"
7983,1.1,36.7,50534,13_5,6.8,32.0,"Maralal, Kenya"
7984,8.9,125.5,50501,12_19,13.2,121.6,"Butuan, Philippines"
7985,-25.4,-57.1,50485,18_47,-25.2,300.8,"Caacupé, Paraguay"
7986,41.1,25.4,50426,7_3,45.2,19.2,"Komotiní, Greece"
7987,39.6,49.0,50337,7_7,45.2,44.8,"Salyan, Azerbaijan"
7988,-8.6,13.7,50277,15_2,-6.0,12.8,"Caxito, Angola"
7989,-30.9,-55.6,50175,18_47,-25.2,300.8,"Rivera, Uruguay"
7990,-17.6,177.5,50154,16_27,-12.4,172.8,"Lautoka, Fiji"
7991,14.5,46.8,50136,11_7,19.6,44.8,"Ataq, Yemen"
7992,32.0,35.3,50123,9_5,32.4,32.0,"Kafr Malik, Silwād, West Bank, Palestinian Territory"
7993,-25.1,-57.5,50122,17_47,-18.8,300.8,"Villa Hayes, Paraguay"
7994,53.0,6.6,50045,5_1,58.0,6.4,"Assen, The Netherlands"
7995,38.9,22.4,49956,7_3,45.2,19.2,"Lamía, Greece"
7996,32.4,35.2,49903,9_5,32.4,32.0,"Qabāţīyah, Palestinian Territory"
7997,66.5,66.6,49879,3_10,70.8,64.0,"Salekhard, Russia"
7998,42.2,24.3,49801,7_3,45.2,19.2,"Pazardzhik, Bulgaria"
7999,-25.4,-56.4,49781,18_47,-25.2,300.8,"Coronel Oviedo, Paraguay"
8000,18.0,-66.1,49747,11_45,19.6,288.0,"Guayama, Puerto Rico"
8001,2.2,11.3,49707,13_1,6.8,6.4,"Ebebiyin, Equatorial Guinea"
8002,48.9,18.0,49650,6_2,51.6,12.8,"Trenčín, Slovakia"
8003,20.7,102.0,49613,10_15,26.0,96.0,"Muang Xay, Laos"
8004,46.2,9.0,49577,6_1,51.6,6.4,"Bellinzona, Switzerland"
8005,12.0,-83.8,49458,12_43,13.2,275.2,"Bluefields, Nicaragua"
8006,-25.0,25.3,49375,17_3,-18.8,19.2,"Kanye, Botswana"
8007,34.0,5.9,49234,8_0,38.8,0.0,"El Meghaïer, Algeria"
8008,-24.4,26.1,49226,17_4,-18.8,25.6,"Mochudi, Botswana"
8009,14.1,-15.6,49127,11_53,19.6,339.2,"Kaffrine, Senegal"
8010,42.0,44.1,49000,7_6,45.2,38.4,"Gori, Georgia"
8011,1.7,40.1,48960,13_6,6.8,38.4,"Wajir, Kenya"
8012,-5.1,39.7,48833,14_6,0.4,38.4,"Wete, Tanzania"
8013,34.7,10.8,48818,8_1,38.8,6.4,"Sfax, Tunisia"
8014,-17.8,15.7,48785,16_2,-12.4,12.8,"Oshakati, Namibia"
8015,25.1,55.3,48741,10_8,26.0,51.2,"Dubai, United Arab Emirates"
8016,62.2,25.7,48633,4_4,64.4,25.6,"Jyväskylä, Finland"
8017,59.4,13.5,48578,4_2,64.4,12.8,"Karlstad, Sweden"
8018,43.5,16.4,48500,7_2,45.2,12.8,"Split, Croatia"
8019,40.6,-8.6,48493,7_54,45.2,345.6,"Aveiro, Portugal"
8020,32.6,35.3,48469,8_5,38.8,32.0,"Afula, Israel"
8021,39.8,-89.6,48457,7_42,45.2,268.8,"Springfield, United States"
8022,42.7,26.3,48405,7_4,45.2,25.6,"Sliven, Bulgaria"
8023,40.8,46.0,48252,7_7,45.2,44.8,"Shamkhor, Azerbaijan"
8024,11.7,-1.1,48243,12_56,13.2,358.4,"Manga, Burkina Faso"
8025,32.0,35.0,48236,9_5,32.4,32.0,"Shoham, Israel"
8026,6.1,-8.1,48202,13_54,6.8,345.6,"Zwedru, Liberia"
8027,12.5,-85.7,47906,12_42,13.2,268.8,"Boaco, Nicaragua"
8028,0.7,35.5,47804,13_5,6.8,32.0,"Iten, Kenya"
8029,43.6,27.8,47658,7_4,45.2,25.6,"Dobrich, Bulgaria"
8030,18.4,-66.4,47578,11_45,19.6,288.0,"Vega Baja, Puerto Rico"
8031,42.5,78.4,47548,7_12,45.2,76.8,"Karakol, Kyrgyzstan"
8032,56.7,12.9,47483,5_2,58.0,12.8,"Halmstad, Sweden"
8033,40.2,26.4,47404,7_4,45.2,25.6,"Çanakkale, Turkey"
8034,52.0,85.9,47394,5_13,58.0,83.2,"Gorno-Altaysk, Russia"
8035,15.1,104.3,47251,11_16,19.6,102.4,"Si Sa Ket, Thailand"
8036,37.0,-7.9,47229,8_55,38.8,352.0,"Faro, Portugal"
8037,-21.1,-175.2,47045,17_28,-18.8,179.2,"Nuku‘alofa, Tonga"
8038,16.4,100.3,46939,11_15,19.6,96.0,"Phichit, Thailand"
8039,45.3,21.9,46876,6_3,51.6,19.2,"Reşiţa, Romania"
8040,40.7,-7.9,46869,7_55,45.2,352.0,"Viseu, Portugal"
8041,55.7,24.4,46827,5_3,58.0,19.2,"Panevėžys, Lithuania"
8042,39.7,39.5,46801,7_6,45.2,38.4,"Erzincan, Turkey"
8043,-18.2,31.6,46773,16_4,-12.4,25.6,"Marondera, Zimbabwe"
8044,8.1,98.9,46679,12_15,13.2,96.0,"Krabi, Thailand"
8045,-32.4,-54.2,46638,19_47,-31.6,300.8,"Melo, Uruguay"
8046,31.4,34.8,46519,9_5,32.4,32.0,"Rahat, Southern District, Israel"
8047,53.3,-9.1,46399,5_54,58.0,345.6,"Galway, Ireland"
8048,4.3,15.8,46322,13_2,6.8,12.8,"Berbérati, Central African Republic"
8049,59.2,9.6,46278,4_1,64.4,6.4,"Skien, Norway"
8050,13.0,15.7,46265,12_2,13.2,12.8,"Massakory, Chad"
8051,55.9,12.3,46256,5_1,58.0,6.4,"Hillerød, Denmark"
8052,40.0,44.5,46225,7_6,45.2,38.4,"Artashat, Armenia"
8053,46.7,21.1,46158,6_3,51.6,19.2,"Békéscsaba, Hungary"
8054,19.4,-70.4,46102,11_45,19.6,288.0,"Salcedo, Dominican Republic"
8055,41.7,21.8,46092,7_3,45.2,19.2,"Veles, North Macedonia"
8056,6.6,100.1,45976,13_15,6.8,96.0,"Satun, Thailand"
8057,33.0,35.5,45868,8_5,38.8,32.0,"Safed, Northern District, Israel"
8058,49.5,105.9,45777,6_16,51.6,102.4,"Darhan, Mongolia"
8059,32.2,13.0,45658,9_2,32.4,12.8,"Gharyan, Libya"
8060,32.9,12.1,45600,8_1,38.8,6.4,"Zuwarah, Libya"
8061,-25.5,31.0,45445,18_4,-25.2,25.6,"Mbombela, South Africa"
8062,15.3,-91.5,45424,11_41,19.6,262.4,"Huehuetenango, Guatemala"
8063,41.1,-104.8,45422,7_39,45.2,249.6,"Cheyenne, United States"
8064,41.1,20.8,45415,7_3,45.2,19.2,"Ohrid, North Macedonia"
8065,-35.7,174.3,45404,19_27,-31.6,172.8,"Whangarei, New Zealand"
8066,6.5,-10.4,45383,13_54,6.8,345.6,"Kakata, Liberia"
8067,46.4,17.8,45318,6_2,51.6,12.8,"Kaposvár, Hungary"
8068,38.4,42.1,45248,8_6,38.8,38.4,"Bitlis, Turkey"
8069,-8.8,148.2,45239,15_23,-6.0,147.2,"Popondetta, Papua New Guinea"
8070,48.2,15.6,45055,6_2,51.6,12.8,"Sankt Pölten, Austria"
8071,44.0,25.3,44985,7_3,45.2,19.2,"Alexandria, Romania"
8072,46.3,16.3,44938,6_2,51.6,12.8,"Varaždin, Croatia"
8073,40.3,21.8,44903,7_3,45.2,19.2,"Kozáni, Greece"
8074,-10.0,39.7,44887,15_6,-6.0,38.4,"Lindi, Tanzania"
8075,59.7,10.2,44848,4_1,64.4,6.4,"Drammen, Norway"
8076,-0.4,-77.0,44811,14_44,0.4,281.6,"Puerto Francisco de Orellana, Ecuador"
8077,8.8,27.4,44756,12_4,13.2,25.6,"Aweil, South Sudan"
8078,0.4,37.6,44415,14_5,0.4,32.0,"Isiolo, Kenya"
8079,11.5,104.5,44245,12_16,13.2,102.4,"Kampong Speu, Cambodia"
8080,41.7,-8.8,44194,7_54,45.2,345.6,"Viana do Castelo, Portugal"
8081,-3.7,13.3,44189,14_2,0.4,12.8,"Sibiti, Republic of the Congo"
8082,15.1,-23.7,44097,11_52,19.6,332.8,"Assomada, Cabo Verde"
8083,11.0,104.8,44035,12_16,13.2,102.4,"Takeo, Cambodia"
8084,33.1,35.4,43946,8_5,38.8,32.0,"Ain Ebel, Lebanon"
8085,42.5,1.5,43875,7_0,45.2,0.0,"Andorra la Vella, Andorra"
8086,31.9,35.5,43742,9_5,32.4,32.0,"Area C, Jericho, West Bank, Palestinian Territory"
8087,32.4,35.9,43729,9_5,32.4,32.0,"Şakhrah, Jordan"
8088,-19.9,47.0,43595,17_7,-18.8,44.8,"Ambohitsarabe, Antsirabe, Madagascar"
8089,32.1,35.2,43468,9_5,32.4,32.0,"Ariel, Israel"
8090,62.6,29.8,43383,4_4,64.4,25.6,"Joensuu, Finland"
8091,33.2,35.6,43294,8_5,38.8,32.0,"Qiryat Shmona, Northern District, Israel"
8092,-0.7,10.2,43079,14_1,0.4,6.4,"Lambaréné, Gabon"
8093,57.8,14.2,43072,5_2,58.0,12.8,"Jönköping, Sweden"
8094,40.1,30.0,42967,7_4,45.2,25.6,"Bilecik, Turkey"
8095,14.2,101.2,42927,11_15,19.6,96.0,"Nakhon Nayok, Thailand"
8096,61.5,21.8,42912,4_3,64.4,19.2,"Pori, Finland"
8097,32.8,35.3,42867,8_5,38.8,32.0,"Sakhnīn, Israel"
8098,45.6,63.3,42861,6_9,51.6,57.6,"Baikonur, Kazakhstan"
8099,36.6,126.7,42704,8_19,38.8,121.6,"Hongseong, South Korea"
8100,41.6,46.6,42681,7_7,45.2,44.8,"Zaqatala, Azerbaijan"
8101,30.3,35.5,42660,9_5,32.4,32.0,"Amaun, Wādī Mūsá, Ma’an, Jordan"
8102,18.5,-70.7,42628,11_45,19.6,288.0,"Azua, Dominican Republic"
8103,36.6,127.3,42555,8_19,38.8,121.6,"Sejong, South Korea"
8104,31.8,35.9,42547,9_5,32.4,32.0,"Jāwā, Khuraybat as Sūq, Jordan"
8105,-22.7,14.5,42249,17_2,-18.8,12.8,"Swakopmund, Namibia"
8106,16.2,-13.5,42210,11_54,19.6,345.6,"Kaédi, Mauritania"
8107,33.4,10.5,42081,8_1,38.8,6.4,"Medenine, Tunisia"
8108,30.2,35.7,41803,9_5,32.4,32.0,"Asfir Al Mahata, Ma'an, Ma’an, Jordan"
8109,-45.6,-72.1,41762,21_44,-44.4,281.6,"Coyhaique, Chile"
8110,46.4,25.8,41693,6_4,51.6,25.6,"Miercurea-Ciuc, Romania"
8111,31.4,35.0,41687,9_5,32.4,32.0,"Khirbet Shuweika, Az̧ Z̧āhirīyah, West Bank, Palestinian Territory"
8112,13.5,-86.6,41652,11_42,19.6,268.8,"Somoto, Nicaragua"
8113,-3.6,39.8,41481,14_6,0.4,38.4,"Kilifi, Kenya"
8114,32.7,35.4,41426,8_5,38.8,32.0,"Naẕerat ‘Illit, Israel"
8115,9.4,-70.4,41284,12_45,13.2,288.0,"Trujillo, Venezuela"
8116,45.5,13.7,41268,6_2,51.6,12.8,"Koper, Slovenia"
8117,-9.3,34.8,41222,15_5,-6.0,32.0,"Njombe, Tanzania"
8118,39.6,19.9,41208,7_3,45.2,19.2,"Corfu, Greece"
8119,-39.1,174.1,41198,20_27,-38.0,172.8,"New Plymouth, New Zealand"
8120,41.9,8.7,40996,7_1,45.2,6.4,"Ajaccio, France"
8121,19.1,-70.2,40941,11_45,19.6,288.0,"Cotuí, Dominican Republic"
8122,-9.4,159.9,40753,15_24,-6.0,153.6,"Honiara, Solomon Islands"
8123,45.7,7.3,40624,6_1,51.6,6.4,"Aosta, Italy"
8124,46.6,15.6,40597,6_2,51.6,12.8,"Maribor, Slovenia"
8125,13.5,22.4,40532,11_3,19.6,19.2,"Al-Junaynah, Sudan"
8126,35.1,33.9,40471,8_5,38.8,32.0,"Famagusta, Cyprus"
8127,-2.3,-78.1,40431,14_44,0.4,281.6,"Macas, Ecuador"
8128,41.2,49.0,40400,7_7,45.2,44.8,"Divichibazar, Azerbaijan"
8129,32.3,35.1,40321,9_5,32.4,32.0,"Kafr al Labad, Ţūlkarm, West Bank, Palestinian Territory"
8130,39.7,-8.8,40268,7_54,45.2,345.6,"Leiria, Portugal"
8131,32.1,35.3,40186,9_5,32.4,32.0,"Baytā al Fawqā, Palestinian Territory"
8132,38.6,-7.9,40069,8_55,38.8,352.0,"Évora, Portugal"
8133,8.1,-81.0,40038,12_43,13.2,275.2,"Santiago de Veraguas, Panama"
8134,46.2,15.3,39964,6_2,51.6,12.8,"Celje, Slovenia"
8135,12.2,102.5,39912,12_16,13.2,102.4,"Trat, Thailand"
8136,32.8,35.4,39825,8_5,38.8,32.0,"Deir Ḥannā, Israel"
8137,-34.3,-56.7,39800,19_47,-31.6,300.8,"San José de Mayo, Uruguay"
8138,33.2,35.2,39662,8_5,38.8,32.0,"Tyre, Lebanon"
8139,10.0,-83.0,39655,12_43,13.2,275.2,"Limón, Costa Rica"
8140,19.5,-71.1,39525,11_45,19.6,288.0,"Mao, Dominican Republic"
8141,47.0,21.9,39512,6_3,51.6,19.2,"Chișirid, Oradea, Romania"
8142,22.7,106.3,39354,10_16,26.0,102.4,"Cao Bằng, Vietnam"
8143,40.6,47.5,39351,7_7,45.2,44.8,"Ağdaş, Azerbaijan"
8144,27.7,83.4,39283,9_13,32.4,83.2,"Butwāl, Nepal"
8145,48.1,114.5,39203,6_17,51.6,108.8,"Choibalsan, Mongolia"
8146,-43.3,-65.1,38958,20_46,-38.0,294.4,"Rawson, Argentina"
8147,44.6,27.4,38883,7_4,45.2,25.6,"Slobozia, Romania"
8148,46.2,14.4,38867,6_2,51.6,12.8,"Kranj, Slovenia"
8149,32.8,35.9,38845,8_5,38.8,32.0,"Ash Shajarah, H̱ispin, Syria"
8150,4.7,22.8,38753,13_3,6.8,19.2,"Bangassou, Central African Republic"
8151,15.2,-12.2,38710,11_54,19.6,345.6,"Sélibaby, Mauritania"
8152,-4.2,35.8,38688,14_5,0.4,32.0,"Babati, Tanzania"
8153,41.9,22.4,38683,7_3,45.2,19.2,"Kochani, North Macedonia"
8154,32.0,35.2,38627,9_5,32.4,32.0,"Attara, Silwād, West Bank, Palestinian Territory"
8155,16.6,-7.3,38595,11_55,19.6,352.0,"Néma, Mauritania"
8156,63.1,21.6,38561,4_3,64.4,19.2,"Vaasa, Finland"
8157,8.3,28.0,38555,12_4,13.2,25.6,"Kuacjok, South Sudan"
8158,11.4,-85.8,38546,12_42,13.2,268.8,"Rivas, Nicaragua"
8159,-18.1,44.0,38512,16_6,-12.4,38.4,"Maintirano, Madagascar"
8160,58.4,24.5,38476,4_3,64.4,19.2,"Pärnu, Estonia"
8161,12.5,103.9,38366,12_16,13.2,102.4,"Pursat, Cambodia"
8162,32.4,35.3,38286,9_5,32.4,32.0,"Area C, Janīn, West Bank, Palestinian Territory (S)"
8163,41.6,14.7,38246,7_2,45.2,12.8,"Campobasso, Italy"
8164,27.0,87.3,38079,9_13,32.4,83.2,"Dhankutā, Nepal"
8165,33.2,35.5,37954,8_5,38.8,32.0,"Hula, Qiryat Shmona, Northern District, Israel"
8166,29.3,80.9,37907,9_12,32.4,76.8,"Dipayal, Nepal"
8167,62.9,27.7,37784,4_4,64.4,25.6,"Kuopio, Finland"
8168,33.7,1.0,37677,8_0,38.8,0.0,"El Bayadh, Algeria"
8169,31.8,35.0,37675,9_5,32.4,32.0,"Bet Shemesh, Jerusalem, Israel"
8170,58.1,8.0,37636,4_1,64.4,6.4,"Kristiansand, Norway"
8171,5.7,19.1,37568,13_2,6.8,12.8,"Sibut, Central African Republic"
8172,41.6,25.4,37518,7_3,45.2,19.2,"Kardzhali, Bulgaria"
8173,44.0,22.9,37513,7_3,45.2,19.2,"Vidin, Bulgaria"
8174,22.6,93.6,37512,10_14,26.0,89.6,"Hakha, Myanmar"
8175,41.9,25.6,37481,7_4,45.2,25.6,"Haskovo, Bulgaria"
8176,6.3,16.4,37410,13_2,6.8,12.8,"Bozoum, Central African Republic"
8177,45.2,28.8,37369,7_4,45.2,25.6,"Tulcea, Romania"
8178,33.7,66.1,37299,8_10,38.8,64.0,"Nīlī, Afghanistan"
8179,13.9,-88.6,37275,11_42,19.6,268.8,"Sensuntepeque, El Salvador"
8180,29.6,91.1,37179,9_14,32.4,89.6,"Lhasa, China"
8181,31.2,34.2,37052,9_5,32.4,32.0,"Ash Shaykh Zuwayd, Rafaḩ, Egypt"
8182,11.9,105.7,37014,12_16,13.2,102.4,"Suong, Cambodia"
8183,13.8,102.1,36933,11_15,19.6,96.0,"Sa Kaeo, Thailand"
8184,7.0,19.2,36907,12_3,13.2,19.2,"Kaga-Bandoro, Central African Republic"
8185,19.3,-81.4,36660,11_43,19.6,275.2,"George Town, Cayman Islands"
8186,43.3,26.9,36549,7_4,45.2,25.6,"Shumen, Bulgaria"
8187,0.5,35.7,36426,13_5,6.8,32.0,"Kabarnet, Kenya"
8188,29.3,0.2,36375,9_0,32.4,0.0,"Timimoun, Algeria"
8189,-1.1,12.5,36357,14_1,0.4,6.4,"Koulamoutou, Gabon"
8190,55.7,9.5,36274,5_1,58.0,6.4,"Vejle, Denmark"
8191,11.1,105.8,36253,12_16,13.2,102.4,"Svay Rieng, Cambodia"
8192,59.3,11.1,36205,4_1,64.4,6.4,"Sarpsborg, Norway"
8193,32.6,35.6,36204,8_5,38.8,32.0,"Um al Khirwa, Waqqāş, Irbid, Jordan"
8194,-34.1,-56.2,36181,19_47,-31.6,300.8,"Florida, Uruguay"
8195,16.7,-9.6,36103,11_54,19.6,345.6,"Ayoun El Atrous, Mauritania"
8196,56.2,15.6,36066,5_2,58.0,12.8,"Karlskrona, Sweden"
8197,42.5,21.5,35945,7_3,45.2,19.2,"Gjilan, Kosovo"
8198,25.8,55.9,35859,10_8,26.0,51.2,"Dahan, Ras Al Khaimah, United Arab Emirates"
8199,-33.4,-56.5,35841,19_47,-31.6,300.8,"Durazno, Uruguay"
8200,16.1,22.8,35830,11_3,19.6,19.2,"Amdjarass, Chad"
8201,54.4,24.0,35776,5_3,58.0,19.2,"Alytus, Lithuania"
8202,60.7,17.1,35599,4_2,64.4,12.8,"Gävle, Sweden"
8203,10.1,-12.9,35382,12_54,13.2,345.6,"Kindia Prefecture, Kindia, Guinea"
8204,13.2,-61.2,35282,12_46,13.2,294.4,"Kingstown, Saint Vincent and the Grenadines"
8205,45.4,28.1,35085,6_4,51.6,25.6,"Jijila, Galaţi, Romania"
8206,-22.3,166.4,34960,17_26,-18.8,166.4,"Nouméa, New Caledonia"
8207,25.9,13.9,34957,10_2,26.0,12.8,"Murzuk, Libya"
8208,33.4,35.7,34921,8_5,38.8,32.0,"Hasbaya, Kfar Shouba, Lebanon"
8209,18.8,-69.0,34854,11_45,19.6,288.0,"Santa Cruz de El Seibo, Dominican Republic"
8210,7.2,16.4,34839,12_2,13.2,12.8,"Paoua, Central African Republic"
8211,32.3,-64.8,34776,9_46,32.4,294.4,"Hamilton, Bermuda"
8212,54.2,-4.5,34694,5_55,58.0,352.0,"Douglas, Isle of Man"
8213,42.9,25.3,34610,7_3,45.2,19.2,"Gabrovo, Bulgaria"
8214,47.6,8.9,34597,6_1,51.6,6.4,"Frauenfeld, Switzerland"
8215,66.5,25.7,34513,3_4,70.8,25.6,"Rovaniemi, Finland"
8216,-28.8,28.2,34500,18_4,-25.2,25.6,"Butha-Buthe, Lesotho"
8217,42.6,23.0,34499,7_3,45.2,19.2,"Pernik, Bulgaria"
8218,39.7,20.9,34430,7_3,45.2,19.2,"Ioánnina, Greece"
8219,49.0,104.1,34395,6_16,51.6,102.4,"Erdenet, Mongolia"
8220,48.1,19.8,34373,6_3,51.6,19.2,"Salgótarján, Hungary"
8221,46.6,-112.0,34319,6_38,51.6,243.2,"Helena, United States"
8222,-34.4,-55.2,34195,19_47,-31.6,300.8,"Minas, Uruguay"
8223,47.6,26.2,34153,6_4,51.6,25.6,"Suceava, Romania"
8224,42.5,41.9,34146,7_6,45.2,38.4,"Zugdidi, Georgia"
8225,3.9,18.0,34076,13_2,6.8,12.8,"Mbaïki, Central African Republic"
8226,-28.7,24.8,34075,18_3,-25.2,19.2,"Sol Plaatje Ward 28, Kimberley, South Africa"
8227,46.8,16.8,34042,6_2,51.6,12.8,"Zalaegerszeg, Hungary"
8228,-28.9,28.0,34026,18_4,-25.2,25.6,"Hlotse, Lesotho"
8229,33.3,35.5,33950,8_5,38.8,32.0,"Kfar Kila, Nabatîyé et Tahta, Lebanon"
8230,40.5,44.8,33899,7_7,45.2,44.8,"Hrazdan, Armenia"
8231,33.3,35.6,33752,8_5,38.8,32.0,"Kfar Kila, Lebanon"
8232,67.3,14.4,33603,3_2,70.8,12.8,"Bodø, Norway"
8233,-33.3,-58.0,33593,19_47,-31.6,300.8,"Mercedes, Uruguay"
8234,50.2,12.9,33493,6_2,51.6,12.8,"Karlovy Vary, Czechia"
8235,22.4,103.5,33471,10_16,26.0,102.4,"Lai Châu, Vietnam"
8236,42.3,22.7,33429,7_3,45.2,19.2,"Kyustendil, Bulgaria"
8237,12.2,104.7,33414,12_16,13.2,102.4,"Kampong Chhnang, Cambodia"
8238,46.2,7.4,33381,6_1,51.6,6.4,"Sitten, Switzerland"
8239,43.6,104.4,33379,7_16,45.2,102.4,"Dalandzadgad, Mongolia"
8240,1.3,-70.2,33273,13_45,6.8,288.0,"Mitú, Colombia"
8241,47.2,27.8,33267,6_4,51.6,25.6,"Ungheni, Moldova"
8242,43.1,25.6,33238,7_4,45.2,25.6,"Veliko Tŭrnovo, Bulgaria"
8243,18.4,103.7,33214,11_16,19.6,102.4,"Pakxan, Laos"
8244,10.0,-84.8,33139,12_43,13.2,275.2,"Puntarenas, Costa Rica"
8245,-33.2,-54.4,33011,19_47,-31.6,300.8,"Treinta y Tres, Uruguay"
8246,36.4,10.1,33006,8_1,38.8,6.4,"Zaghouan, Tunisia"
8247,11.8,99.8,32890,12_15,13.2,96.0,"Prachuap Khiri Khan, Thailand"
8248,41.7,22.2,32812,7_3,45.2,19.2,"Shtip, North Macedonia"
8249,19.4,103.2,32737,11_16,19.6,102.4,"Muang Phônsavan, Laos"
8250,46.6,27.7,32712,6_4,51.6,25.6,"Vaslui, Romania"
8251,43.2,-71.5,32442,7_45,45.2,288.0,"Concord, United States"
8252,28.6,81.6,32241,9_12,32.4,76.8,"Birendranagar, Nepal"
8253,43.8,18.4,32147,7_2,45.2,12.8,"Kasindo, Sarajevo, Bosnia and Herzegovina"
8254,7.3,18.3,32091,12_2,13.2,12.8,"Batangafo, Central African Republic"
8255,39.2,46.4,32062,7_7,45.2,44.8,"Kapan, Armenia"
8256,59.3,10.4,31948,4_1,64.4,6.4,"Tønsberg, Norway"
8257,28.3,84.0,31775,9_13,32.4,83.2,"Rahul Danda, Pokhara, Nepal"
8258,-30.4,27.7,31729,18_4,-25.2,25.6,"Quthing, Lesotho"
8259,-4.6,55.5,31638,14_8,0.4,51.2,"Victoria, Seychelles"
8260,9.5,-13.7,31585,12_54,13.2,345.6,"Conakry, Guinea"
8261,46.4,15.1,31572,6_2,51.6,12.8,"Velenje, Slovenia"
8262,13.5,-16.6,31550,11_53,19.6,339.2,"Banjul, Gambia"
8263,31.3,35.7,31531,9_5,32.4,32.0,"Şarfā, Karak, Jordan"
8264,40.8,48.2,31531,7_7,45.2,44.8,"İsmayıllı, Azerbaijan"
8265,-14.9,48.0,31446,16_7,-12.4,44.8,"Antsohihy, Madagascar"
8266,46.2,100.7,31432,6_15,51.6,96.0,"Bayanhongor, Mongolia"
8267,37.5,22.4,31350,8_3,38.8,19.2,"Trípoli, Greece"
8268,31.6,35.2,31348,9_5,32.4,32.0,"Sa‘īr, Palestinian Territory"
8269,38.6,-92.2,31348,8_41,38.8,262.4,"Jefferson City, United States"
8270,-17.5,-149.6,31332,16_32,-12.4,204.8,"Papeete, French Polynesia"
8271,30.7,35.6,31227,9_5,32.4,32.0,"Um Saadura, Buşayrā, Tafielah, Jordan"
8272,36.1,9.4,31106,8_1,38.8,6.4,"Siliana, Tunisia"
8273,6.0,-58.3,31079,13_47,6.8,300.8,"Linden, Guyana"
8274,22.6,59.5,31018,10_9,26.0,57.6,"Sur, Oman"
8275,43.9,77.1,31000,7_12,45.2,76.8,"Konayev, Kazakhstan"
8276,49.0,90.0,30959,6_14,51.6,89.6,"Ölgii, Mongolia"
8277,31.9,11.0,30899,9_1,32.4,6.4,"Nālūt, Libya"
8278,-22.4,46.1,30589,17_7,-18.8,44.8,"Ihosy, Madagascar"
8279,22.9,57.5,30506,10_8,26.0,51.2,"Nizwá, Oman"
8280,31.7,34.7,30467,9_5,32.4,32.0,"Qiryat Mal’akhi, Southern District, Israel"
8281,42.5,72.2,30455,7_11,45.2,70.4,"Talas, Kyrgyzstan"
8282,42.0,35.2,30386,7_5,45.2,32.0,"Sinop, Turkey"
8283,31.9,35.6,30365,9_5,32.4,32.0,"Shoonah Janoobiyah Sub-District, Al Karāmah, Balqa, Jordan"
8284,14.9,-90.1,30338,11_42,19.6,268.8,"Guastatoya, Guatemala"
8285,15.3,-61.4,30332,11_46,19.6,294.4,"Roseau, Dominica"
8286,27.7,-8.1,30209,9_54,32.4,345.6,"Tindouf, Algeria"
8287,40.8,47.1,30202,7_7,45.2,44.8,"Mingachevir, Azerbaijan"
8288,41.2,20.7,30157,7_3,45.2,19.2,"Struga, North Macedonia"
8289,18.3,-64.9,30082,11_46,19.6,294.4,"Charlotte Amalie, U.S. Virgin Islands"
8290,65.6,22.2,29899,3_3,70.8,19.2,"Luleå, Sweden"
8291,31.0,35.5,29832,9_5,32.4,32.0,"Safi Sub-District, Safi, Karak, Jordan"
8292,45.8,15.2,29805,6_2,51.6,12.8,"Novo Mesto, Slovenia"
8293,41.4,22.0,29754,7_3,45.2,19.2,"Kavadarci, North Macedonia"
8294,31.7,35.3,29711,9_5,32.4,32.0,"Şūr Bāhir, Palestinian Territory"
8295,39.8,-7.5,29690,7_55,45.2,352.0,"Castelo Branco, Portugal"
8296,15.4,100.0,29651,11_15,19.6,96.0,"Uthai Thani, Thailand"
8297,14.9,100.4,29570,11_15,19.6,96.0,"Sing Buri, Thailand"
8298,4.6,114.2,29567,13_17,6.8,108.8,"Kuala Belait, Brunei"
8299,-0.3,36.4,29417,14_5,0.4,32.0,"Ol Kalou, Kenya"
8300,45.5,16.4,29403,6_2,51.6,12.8,"Sisak, Croatia"
8301,-2.7,-78.8,29330,14_43,0.4,275.2,"Azogues, Ecuador"
8302,32.2,35.1,29284,9_5,32.4,32.0,"‘Azzūn, Palestinian Territory"
8303,32.3,35.2,29232,9_5,32.4,32.0,"Jaba‘, Palestinian Territory"
8304,-17.4,49.4,29180,16_7,-12.4,44.8,"Fenoarivo Atsinanana, Madagascar"
8305,2.3,38.0,29116,13_5,6.8,32.0,"Marsabit, Kenya"
8306,-6.2,-77.9,29115,15_44,-6.0,281.6,"Chachapoyas, Peru"
8307,47.4,28.8,29106,6_4,51.6,25.6,"Orhei, Moldova"
8308,-51.6,-69.3,29040,22_45,-50.8,288.0,"Río Gallegos, Argentina"
8309,60.6,15.6,28991,4_2,64.4,12.8,"Falun, Sweden"
8310,-17.8,48.4,28908,16_7,-12.4,44.8,"Ambatondrazaka, Madagascar"
8311,-9.0,125.2,28837,15_19,-6.0,121.6,"Maliana, Timor Leste"
8312,16.0,-61.7,28610,11_46,19.6,294.4,"Basse-Terre, Guadeloupe"
8313,-41.3,173.3,28593,20_27,-38.0,172.8,"Nelson, New Zealand"
8314,35.5,133.0,28486,8_20,38.8,128.0,"Matsue, Japan"
8315,37.5,71.6,28482,8_11,38.8,70.4,"Khorugh, Tajikistan"
8316,31.1,35.0,28430,9_5,32.4,32.0,"Abu Rashd, Dimona, Southern District, Israel"
8317,-0.5,15.9,28403,14_2,0.4,12.8,"Owando, Republic of the Congo"
8318,46.3,102.8,28348,6_16,51.6,102.4,"Arvayheer, Mongolia"
8319,-29.8,27.2,28254,18_4,-25.2,25.6,"Mafeteng, Lesotho"
8320,32.5,35.6,28200,8_5,38.8,32.0,"Zemaliye, Waqqāş, Irbid, Jordan"
8321,39.2,-75.5,28141,7_44,45.2,281.6,"Dover, United States"
8322,26.5,-78.7,28082,9_43,32.4,275.2,"Freeport, Bahamas"
8323,15.8,104.1,28060,11_16,19.6,102.4,"Yasothon, Thailand"
8324,13.5,106.0,28059,11_16,19.6,102.4,"Stung Treng, Cambodia"
8325,-33.1,-58.3,28027,19_47,-31.6,300.8,"Fray Bentos, Uruguay"
8326,8.4,20.6,27918,12_3,13.2,19.2,"Ndélé, Central African Republic"
8327,-20.9,29.0,27873,17_4,-18.8,25.6,"Gwanda, Zimbabwe"
8328,-3.7,-73.3,27843,14_44,0.4,281.6,"Iquitos, Peru"
8329,58.0,56.3,27843,5_8,58.0,51.2,"Perm, Russia"
8330,38.9,-6.3,27841,7_55,45.2,352.0,"Mérida, Spain"
8331,57.4,21.6,27798,5_3,58.0,19.2,"Ventspils, Latvia"
8332,47.1,9.5,27553,6_1,51.6,6.4,"Vaduz, Liechtenstein"
8333,5.9,-55.2,27434,13_47,6.8,300.8,"Paramaribo, Suriname"
8334,43.7,15.9,27411,7_2,45.2,12.8,"Šibenik, Croatia"
8335,18.5,-70.5,27060,11_45,19.6,288.0,"San José de Ocoa, Dominican Republic"
8336,41.5,21.0,27049,7_3,45.2,19.2,"Kičevo, North Macedonia"
8337,31.3,34.4,26899,9_5,32.4,32.0,"‘Abasān al Kabīrah, Khān Yūnis, Palestinian Territory"
8338,42.8,18.9,26755,7_2,45.2,12.8,"Nikšić, Montenegro"
8339,32.7,35.9,26711,8_5,38.8,32.0,"Ash Shajarah, Jordan"
8340,-2.3,40.9,26648,14_6,0.4,38.4,"Lamu, Kenya"
8341,60.8,11.1,26645,4_1,64.4,6.4,"Hamar, Norway"
8342,-32.8,27.4,26527,19_4,-31.6,25.6,"Bhisho, South Africa"
8343,31.5,34.6,26526,9_5,32.4,32.0,"Bayt Ḩānūn, Palestinian Territory"
8344,32.0,35.1,26483,9_5,32.4,32.0,"Banī Zayd, Palestinian Territory"
8345,31.9,35.3,26435,9_5,32.4,32.0,"Al Bīrah, Palestinian Territory"
8346,-4.3,152.3,26401,14_23,0.4,147.2,"Kokopo, Papua New Guinea"
8347,40.2,44.0,26351,7_6,45.2,38.4,"Armavir, Armenia"
8348,40.3,40.2,26179,7_6,45.2,38.4,"Bayburt, Turkey"
8349,8.4,-9.7,26033,12_54,13.2,345.6,"Voinjama, Liberia"
8350,-1.5,40.0,26029,14_6,0.4,38.4,"Hola, Kenya"
8351,-24.9,25.9,25960,17_4,-18.8,25.6,"Ramotswa, Botswana"
8352,18.3,-65.7,25825,11_45,19.6,288.0,"Fajardo, Puerto Rico"
8353,36.0,14.4,25769,8_2,38.8,12.8,"San Pawl il-Baħar, Malta"
8354,-10.5,32.1,25756,15_5,-6.0,32.0,"Chinsali, Zambia"
8355,10.6,-61.5,25712,12_46,13.2,294.4,"Laventille, Trinidad and Tobago"
8356,7.9,-67.5,25673,12_45,13.2,288.0,"San Fernando de Apure, Venezuela"
8357,41.2,41.8,25657,7_6,45.2,38.4,"Artvin, Turkey"
8358,32.9,10.5,25631,8_1,38.8,6.4,"Tataouine, Tunisia"
8359,43.4,23.2,25628,7_3,45.2,19.2,"Montana, Bulgaria"
8360,-2.9,11.0,25560,14_1,0.4,6.4,"Tchibanga, Gabon"
8361,15.7,-13.3,25554,11_54,19.6,345.6,"Matam, Senegal"
8362,18.1,-65.8,25548,11_45,19.6,288.0,"Humacao, Puerto Rico"
8363,32.7,35.7,25419,8_5,38.8,32.0,"Malkā, Jordan"
8364,-34.5,-54.3,25407,19_47,-31.6,300.8,"Rocha, Uruguay"
8365,41.4,76.0,25405,7_11,45.2,70.4,"Naryn, Kyrgyzstan"
8366,11.8,41.0,25357,12_6,13.2,38.4,"Samara, Ethiopia"
8367,29.4,35.0,25295,9_5,32.4,32.0,"Tala Bay, Jordan"
8368,42.0,21.1,25194,7_3,45.2,19.2,"Zelino, North Macedonia"
8369,32.5,35.5,25105,8_5,38.8,32.0,"Bet She’an, Israel"
8370,60.9,26.7,25025,4_4,64.4,25.6,"Kouvola, Finland"
8371,31.4,34.6,24877,9_5,32.4,32.0,"Netivot, Israel"
8372,58.8,17.0,24650,4_2,64.4,12.8,"Nyköping, Sweden"
8373,39.2,-119.8,24569,7_37,45.2,236.8,"Carson City, United States"
8374,61.0,24.5,24413,4_3,64.4,19.2,"Hämeenlinna, Finland"
8375,24.4,118.3,24226,10_18,26.0,115.2,"Jincheng, Taiwan"
8376,6.2,-57.5,24210,13_47,6.8,300.8,"New Amsterdam, Guyana"
8377,56.6,23.7,24202,5_3,58.0,19.2,"Jelgava, Latvia"
8378,39.2,-8.7,24042,7_54,45.2,345.6,"Santarém, Portugal"
8379,46.2,-63.1,23972,6_46,51.6,294.4,"Charlottetown, Canada"
8380,13.8,105.0,23953,11_16,19.6,102.4,"Tbeng Meanchey, Cambodia"
8381,49.5,-2.5,23940,6_55,51.6,352.0,"Saint Peter Port, Guernsey"
8382,41.3,21.6,23922,7_3,45.2,19.2,"Prilep, North Macedonia"
8383,19.9,102.2,23919,10_15,26.0,96.0,"Luang Prabang, Laos"
8384,4.2,9.2,23909,13_1,6.8,6.4,"Fako, Buea, Cameroon"
8385,41.1,42.7,23906,7_6,45.2,38.4,"Ardahan, Turkey"
8386,46.2,16.8,23873,6_2,51.6,12.8,"Koprivnica, Croatia"
8387,47.8,26.7,23768,6_4,51.6,25.6,"Botoşani, Romania"
8388,31.5,35.2,23757,9_5,32.4,32.0,"Banī Na‘īm, Palestinian Territory"
8389,6.6,-4.7,23738,13_55,6.8,352.0,"Dimbokro, Ivory Coast"
8390,38.3,-81.6,23693,8_43,38.8,275.2,"Charleston, United States"
8391,32.6,35.0,23645,8_5,38.8,32.0,"Zikhron Ya‘aqov, Israel"
8392,11.5,105.3,23588,12_16,13.2,102.4,"Prey Veng, Cambodia"
8393,-14.3,-170.7,23564,16_29,-12.4,185.6,"Pago Pago, American Samoa"
8394,31.6,35.8,23477,9_5,32.4,32.0,"Mlaih Sub-District, Mulayḩ, Madaba, Jordan"
8395,-16.4,179.4,23461,16_28,-12.4,179.2,"Labasa, Fiji"
8396,49.6,100.2,23343,6_15,51.6,96.0,"Mörön, Mongolia"
8397,57.6,18.3,23318,5_2,58.0,12.8,"Visby, Sweden"
8398,6.2,-67.5,23101,13_45,6.8,288.0,"Puerto Carreño, Colombia"
8399,-29.1,27.7,22982,18_4,-25.2,25.6,"Teyateyaneng, Lesotho"
8400,-33.5,-56.9,22905,19_47,-31.6,300.8,"Trinidad, Uruguay"
8401,18.4,-64.6,22848,11_46,19.6,294.4,"Road Town, British Virgin Islands"
8402,39.1,39.5,22799,7_6,45.2,38.4,"Tunceli, Turkey"
8403,-9.3,125.3,22777,15_19,-6.0,121.6,"Suai, Timor Leste"
8404,50.2,106.2,22741,6_16,51.6,102.4,"Sühbaatar, Mongolia"
8405,18.5,-66.1,22520,11_45,19.6,288.0,"Cataño, San Juan, Puerto Rico"
8406,6.9,-10.8,22442,12_54,13.2,345.6,"Tubmanburg, Liberia"
8407,31.3,34.6,22439,9_5,32.4,32.0,"Adi Negev - Nahalat Eran, Ofaqim, Southern District, Israel"
8408,5.0,-9.0,22400,13_54,6.8,345.6,"Greenville, Liberia"
8409,6.9,79.8,22386,12_12,13.2,76.8,"Colombo, Sri Lanka"
8410,18.0,-66.8,22191,11_45,19.6,288.0,"Yauco, Puerto Rico"
8411,63.2,14.6,22151,4_2,64.4,12.8,"Östersund, Sweden"
8412,32.3,35.4,22075,9_5,32.4,32.0,"Ţūbās, Palestinian Territory"
8413,39.1,26.6,22059,7_4,45.2,25.6,"Mytilene, Greece"
8414,56.5,9.4,22056,5_1,58.0,6.4,"Viborg, Denmark"
8415,32.3,35.3,22026,9_5,32.4,32.0,"Ţūbās, Nablus, Palestinian Territory"
8416,40.6,47.2,21855,7_7,45.2,44.8,"Yevlakh, Azerbaijan"
8417,41.6,22.5,21841,7_3,45.2,19.2,"Radovis, North Macedonia"
8418,61.1,28.2,21624,4_4,64.4,25.6,"Lappeenranta, Finland"
8419,1.3,173.0,21611,13_27,6.8,172.8,"Tarawa, Kiribati"
8420,47.2,23.0,21591,6_3,51.6,19.2,"Zalău, Romania"
8421,48.2,27.3,21497,6_4,51.6,25.6,"Edineţ, Moldova"
8422,43.5,26.5,21465,7_4,45.2,25.6,"Razgrad, Bulgaria"
8423,11.6,103.0,21425,12_16,13.2,102.4,"Koh Kong, Cambodia"
8424,0.7,127.6,21369,13_19,6.8,121.6,"Sofifi, Indonesia"
8425,-26.9,-58.3,21303,18_47,-25.2,300.8,"Pilar, Paraguay"
8426,33.7,9.0,21228,8_1,38.8,6.4,"Kebili, Tunisia"
8427,56.5,27.3,21154,5_4,58.0,25.6,"Rēzekne, Latvia"
8428,38.0,-7.9,21125,8_55,38.8,352.0,"Beja, Portugal"
8429,-18.8,46.0,21113,17_7,-18.8,44.8,"Tsiroanomandidy, Madagascar"
8430,13.5,144.9,21075,11_22,19.6,140.8,"Yigo Village, Guam"
8431,43.2,23.6,21064,7_3,45.2,19.2,"Vratsa, Bulgaria"
8432,33.1,35.3,21023,8_5,38.8,32.0,"Fassūta, maalot Tarshīhā, Israel"
8433,57.5,25.4,20971,5_3,58.0,19.2,"Valmiera, Latvia"
8434,31.3,35.2,20899,9_5,32.4,32.0,"Arad, Southern District, Israel"
8435,38.2,-84.9,20818,8_42,38.8,268.8,"Frankfort, United States"
8436,58.5,8.8,20702,4_1,64.4,6.4,"Arendal, Norway"
8437,40.1,47.5,20617,7_7,45.2,44.8,"Agdzhabedy, Azerbaijan"
8438,31.5,35.8,20613,9_5,32.4,32.0,"Dieban Sub-District, Dhībān, Madaba, Jordan"
8439,18.2,-73.7,20601,11_44,19.6,281.6,"Les Cayes, Haiti"
8440,18.5,-66.7,20526,11_45,19.6,288.0,"Arecibo, Puerto Rico"
8441,33.0,35.4,20500,8_5,38.8,32.0,"Beit Jann, Israel"
8442,41.4,22.6,20489,7_3,45.2,19.2,"Strumica, North Macedonia"
8443,31.1,35.6,20428,9_5,32.4,32.0,"Safi Sub-District, ‘Ayy, Karak, Jordan"
8444,17.3,-88.8,20420,11_42,19.6,268.8,"Belmopan, Belize"
8445,28.2,33.6,20409,9_5,32.4,32.0,"El-Tor, Egypt"
8446,32.1,35.6,20407,9_5,32.4,32.0,"Az Zubaydāt, Palestinian Territory"
8447,42.1,21.1,20393,7_3,45.2,19.2,"Tearce, North Macedonia"
8448,32.2,35.9,20312,9_5,32.4,32.0,"Al Maşţabah, Jarash, Jordan"
8449,40.7,20.0,20237,7_3,45.2,19.2,"Berat, Albania"
8450,61.7,27.3,20140,4_4,64.4,25.6,"Mikkeli, Finland"
8451,42.4,13.4,20127,7_2,45.2,12.8,"L'Aquila, Italy"
8452,62.0,-6.8,20123,4_55,64.4,352.0,"Tórshavn, Faroe Islands"
8453,-38.7,178.0,20113,20_27,-38.0,172.8,"Gisborne, New Zealand"
8454,32.6,35.4,19869,8_5,38.8,32.0,"Kafr Miṣr, Israel"
8455,56.5,25.9,19821,5_4,58.0,25.6,"Jēkabpils, Latvia"
8456,26.6,12.8,19674,9_2,32.4,12.8,"Ubari, Libya"
8457,64.2,-51.7,19665,4_48,64.4,307.2,"Nuuk, Greenland"
8458,33.4,35.6,19642,8_5,38.8,32.0,"Marjayoun, Nabatîyé et Tahta, Lebanon"
8459,64.2,27.7,19619,4_4,64.4,25.6,"Kajaani, Finland"
8460,-20.5,47.2,19601,17_7,-18.8,44.8,"Ambositra, Madagascar"
8461,32.2,35.8,19564,9_5,32.4,32.0,"Burmā, Jordan"
8462,-14.3,50.2,19557,16_7,-12.4,44.8,"Sambava, Madagascar"
8463,31.8,35.7,19537,9_5,32.4,32.0,"Al Fayşalīyah, Jordan"
8464,18.1,-63.1,19522,11_46,19.6,294.4,"Marigot, Saint Martin"
8465,-12.2,44.4,19475,15_6,-6.0,38.4,"Moutsamoudou, Comoros"
8466,41.8,-6.8,19425,7_55,45.2,352.0,"Bragança, Portugal"
8467,61.1,10.5,19414,4_1,64.4,6.4,"Lillehammer, Norway"
8468,40.1,20.1,19281,7_3,45.2,19.2,"Gjirokastër, Albania"
8469,1.6,16.1,19259,13_2,6.8,12.8,"Ouesso, Republic of the Congo"
8470,54.6,23.4,19083,5_3,58.0,19.2,"Marijampolė, Lithuania"
8471,-20.2,-70.2,19020,17_45,-18.8,288.0,"Iquique, Chile"
8472,40.7,47.7,19003,7_7,45.2,44.8,"Göyçay, Azerbaijan"
8473,65.7,-18.1,19000,3_53,70.8,339.2,"Akureyri, Iceland"
8474,40.5,39.5,18988,7_6,45.2,38.4,"Gümüşhane, Turkey"
8475,46.3,18.7,18914,6_2,51.6,12.8,"Szekszárd, Hungary"
8476,31.0,35.7,18866,9_5,32.4,32.0,"Al Mazār al Janūbī, Jordan"
8477,31.2,34.9,18860,9_5,32.4,32.0,"Tel Sheva‘, Beersheba, Israel"
8478,-26.2,-56.4,18677,18_47,-25.2,300.8,"Caazapá, Paraguay"
8479,25.5,30.5,18625,10_4,26.0,25.6,"Al Khārjah, Egypt"
8480,6.5,17.5,18364,13_2,6.8,12.8,"Bossangoa, Central African Republic"
8481,10.5,104.3,18319,12_16,13.2,102.4,"Kep, Cambodia"
8482,29.6,34.9,18135,9_5,32.4,32.0,"Eilat, Southern District, Israel"
8483,31.2,35.0,17842,9_5,32.4,32.0,"‘Ar‘ara BaNegev, Israel"
8484,13.3,-87.8,17813,11_42,19.6,268.8,"La Unión, El Salvador"
8485,41.6,24.7,17523,7_3,45.2,19.2,"Smolyan, Bulgaria"
8486,31.3,35.5,17485,9_5,32.4,32.0,"Al Mazra, Ghawr al Mazra‘ah, Karak, Jordan"
8487,42.1,20.4,17445,7_3,45.2,19.2,"Kukës, Albania"
8488,37.7,-25.7,17435,8_52,38.8,332.8,"Ponta Delgada, Portugal"
8489,15.3,106.7,17392,11_16,19.6,102.4,"Sekong, Laos"
8490,-34.5,-57.8,17366,19_47,-31.6,300.8,"Colonia del Sacramento, Uruguay"
8491,29.1,15.9,17312,9_2,32.4,12.8,"Hūn, Libya"
8492,40.1,70.8,17308,7_11,45.2,70.4,"Batken, Kyrgyzstan"
8493,55.5,25.6,17195,5_4,58.0,25.6,"Utena, Lithuania"
8494,33.0,35.9,17152,8_5,38.8,32.0,"Al Khushnīyah, Israel"
8495,62.8,22.8,17050,4_3,64.4,19.2,"Seinäjoki, Finland"
8496,33.1,35.2,17027,8_5,38.8,32.0,"En Nâqoûra, Lebanon"
8497,20.4,104.0,17012,10_16,26.0,102.4,"Xam Nua, Laos"
8498,31.4,35.7,16994,9_5,32.4,32.0,"Fuqū‘, Şarfā, Jordan"
8499,29.8,35.3,16974,9_5,32.4,32.0,"Al Quairah Sub-District, Al Quwayrah, Ma’an, Jordan"
8500,29.5,34.9,16764,9_5,32.4,32.0,"Taba, Eilat, Southern District, Israel"
8501,20.5,-13.0,16590,10_54,26.0,345.6,"Atar, Mauritania"
8502,-41.5,174.0,16507,20_27,-38.0,172.8,"Blenheim, New Zealand"
8503,19.4,-69.8,16446,11_45,19.6,288.0,"Nagua, Dominican Republic"
8504,33.1,35.5,16308,8_5,38.8,32.0,"Riẖaniya, Israel"
8505,56.8,24.6,16303,5_3,58.0,19.2,"Ogre, Latvia"
8506,17.3,-62.7,16252,11_46,19.6,294.4,"Basseterre, Saint Kitts and Nevis"
8507,45.5,15.6,16218,6_2,51.6,12.8,"Karlovac, Croatia"
8508,14.0,101.4,16186,11_15,19.6,96.0,"Prachin Buri, Thailand"
8509,35.7,-105.9,16050,8_39,38.8,249.6,"Santa Fe, United States"
8510,-16.9,46.8,16043,16_7,-12.4,44.8,"Maevatanana, Madagascar"
8511,42.2,22.3,16034,7_3,45.2,19.2,"Kriva Palanka, North Macedonia"
8512,33.0,35.6,15915,8_5,38.8,32.0,"H̱atsor HaGlilit, Israel"
8513,10.3,-61.2,15847,12_46,13.2,294.4,"Rio Claro, Trinidad and Tobago"
8514,50.0,92.1,15752,6_14,51.6,89.6,"Ulaangom, Mongolia"
8515,31.8,35.4,15714,9_5,32.4,32.0,"Kefar Adummim, Ma‘ale Adummim, Palestinian Territory"
8516,43.1,24.7,15605,7_3,45.2,19.2,"Lovech, Bulgaria"
8517,31.4,34.7,15548,9_5,32.4,32.0,"Rahat, Southern District, Israel (W)"
8518,31.8,34.9,15400,9_5,32.4,32.0,"Mazkeret Batya, Israel"
8519,63.8,23.1,15213,4_3,64.4,19.2,"Kokkola, Finland"
8520,46.8,9.5,15144,6_1,51.6,6.4,"Chur, Switzerland"
8521,31.6,34.6,15127,9_5,32.4,32.0,"Mash‘én, Bayt Ḩānūn, Israel"
8522,33.3,35.9,15051,8_5,38.8,32.0,"Bait Jinn, Mazra‘at Bayt Jinn, Rif-dimashq, Syria"
8523,56.0,22.2,15013,5_3,58.0,19.2,"Telsiai, Lithuania"
8524,40.5,-7.3,14785,7_55,45.2,352.0,"Guarda, Portugal"
8525,62.7,7.2,14775,4_1,64.4,6.4,"Molde, Norway"
8526,32.5,35.4,14677,8_5,38.8,32.0,"Area C, Dayr Abū Ḑa‘īf, West Bank, Palestinian Territory"
8527,-1.9,11.1,14664,14_1,0.4,6.4,"Mouila, Gabon"
8528,1.2,-76.7,14647,13_44,6.8,281.6,"Mocoa, Colombia"
8529,39.3,-7.4,14634,7_55,45.2,352.0,"Portalegre, Portugal"
8530,-26.6,18.1,14474,18_2,-25.2,12.8,"Keetmanshoop, Namibia"
8531,60.7,-135.1,14381,4_35,64.4,224.0,"Whitehorse, Canada"
8532,47.5,101.5,14290,6_15,51.6,96.0,"Tsetserleg, Mongolia"
8533,32.0,35.6,14242,9_5,32.4,32.0,"Al-Salt Sub-District, Al Karāmah, Balqa, Jordan"
8534,14.9,-23.5,14192,11_52,19.6,332.8,"Praia, Cabo Verde"
8535,0.6,12.9,14192,13_2,6.8,12.8,"Makokou, Gabon"
8536,45.9,-66.7,14106,6_45,51.6,288.0,"Fredericton, Canada"
8537,41.1,22.5,14074,7_3,45.2,19.2,"Gevgelija, North Macedonia"
8538,31.7,35.9,14019,9_5,32.4,32.0,"Al Jīzah, Mādabā, Jordan"
8539,32.6,35.1,13936,8_5,38.8,32.0,"Yoqne‘am ‘Illit, Israel"
8540,7.1,171.4,13920,12_26,13.2,166.4,"Majuro, Marshall Islands"
8541,31.1,34.8,13848,9_5,32.4,32.0,"Revivim, Segev Shalom, Israel"
8542,32.7,35.6,13837,8_5,38.8,32.0,"Tel Qatsir, Israel"
8543,35.0,126.5,13792,8_19,38.8,121.6,"Muan, South Korea"
8544,31.9,35.4,13782,9_5,32.4,32.0,"Bedouin, Jericho, West Bank, Palestinian Territory"
8545,-30.2,27.5,13721,18_4,-25.2,25.6,"Mohale's Hoek, Lesotho"
8546,44.1,27.3,13619,7_4,45.2,25.6,"Silistra, Bulgaria"
8547,35.5,11.1,13601,8_1,38.8,6.4,"Mahdia, Tunisia"
8548,-12.5,130.8,13537,16_20,-12.4,128.0,"Darwin, Australia"
8549,27.0,90.1,13496,9_14,32.4,89.6,"Tsirang, India"
8550,3.5,16.0,13321,13_2,6.8,12.8,"Nola, Central African Republic"
8551,60.1,19.9,13168,4_3,64.4,19.2,"Mariehamn, Aland Islands"
8552,16.8,-22.9,12959,11_52,19.6,332.8,"Espargos, Cabo Verde"
8553,38.8,48.9,12728,8_7,38.8,44.8,"Lankaran, Azerbaijan"
8554,62.6,17.9,12562,4_2,64.4,12.8,"Härnösand, Sweden"
8555,38.2,140.4,12560,8_21,38.8,134.4,"Yamagata, Japan"
8556,31.8,35.6,12537,9_5,32.4,32.0,"Ash Shūnah al Janūbīyah, Jordan"
8557,45.4,19.0,12411,6_2,51.6,12.8,"Vukovar, Croatia"
8558,31.2,35.8,12388,9_5,32.4,32.0,"Karak Sub-District, Karak City, Karak, Jordan"
8559,22.7,58.5,12365,10_9,26.0,57.6,"Ibrā’, Oman"
8560,-46.4,168.3,12337,21_26,-44.4,166.4,"Invercargill, New Zealand"
8561,12.2,-68.3,12220,12_45,13.2,288.0,"Kralendijk, Bonaire, Saint Eustatius and Saba "
8562,57.0,23.8,12198,5_3,58.0,19.2,"Jūrmala, Latvia"
8563,55.3,22.3,12164,5_3,58.0,19.2,"Taurage, Lithuania"
8564,45.9,16.9,12056,6_2,51.6,12.8,"Bjelovar, Croatia"
8565,17.7,-64.7,11988,11_46,19.6,294.4,"Saint Croix, U.S. Virgin Islands"
8566,30.6,35.8,11986,9_5,32.4,32.0,"Al Husayniyah, Al Ḩusaynīyah, Ma’an, Jordan"
8567,31.6,34.7,11923,9_5,32.4,32.0,"Kiryat Gat, Southern District, Israel (W)"
8568,56.7,16.4,11899,5_2,58.0,12.8,"Kalmar, Sweden"
8569,42.6,18.1,11891,7_2,45.2,12.8,"Dubrovnik, Croatia"
8570,33.1,35.9,11730,8_5,38.8,32.0,"Al Qunayţirah, Quneitra, Syria"
8571,33.3,35.8,11697,8_5,38.8,32.0,"Hadar, Majdal Shams, Northern District, Israel"
8572,43.3,26.6,11553,7_4,45.2,25.6,"Targovishte, Bulgaria"
8573,31.0,34.9,11185,9_5,32.4,32.0,"Yeroẖam, Southern District, Israel"
8574,25.6,55.6,11118,10_8,26.0,51.2,"Umm Al Quwain City, United Arab Emirates"
8575,31.7,34.8,11072,9_5,32.4,32.0,"Al-Ghazi, Qiryat Mal’akhi, Southern District, Israel"
8576,33.4,35.9,10876,8_5,38.8,32.0,"Rime, Mazra‘at Bayt Jinn, Rif-dimashq, Syria"
8577,18.0,-63.0,10776,11_46,19.6,294.4,"Philipsburg, Sint Maarten"
8578,29.6,35.1,10729,9_5,32.4,32.0,"Aqaba Sub-District, Aqaba, Jordan"
8579,18.5,-66.5,10711,11_45,19.6,288.0,"Barceloneta, Puerto Rico"
8580,31.4,35.8,10706,9_5,32.4,32.0,"Al Mughayyir, Al Qaşr, Jordan"
8581,43.9,12.4,10644,7_1,45.2,6.4,"San Marino, San Marino"
8582,32.5,13.0,10543,8_2,38.8,12.8,"Al ‘Azīzīyah, Libya"
8583,14.1,-61.0,10529,11_46,19.6,294.4,"Gros Islet, Saint Lucia"
8584,46.3,28.7,10521,6_4,51.6,25.6,"Comrat, Moldova"
8585,30.2,35.5,10487,9_5,32.4,32.0,"Al Fardhakh, At-Taybeh, Ma’an, Jordan"
8586,6.9,158.2,10479,12_24,13.2,153.6,"Palikir, Micronesia"
8587,-15.2,23.1,10425,16_3,-12.4,19.2,"Mongu, Zambia"
8588,33.3,35.7,10387,8_5,38.8,32.0,"Majdal Shams, Northern District, Israel"
8589,33.2,35.8,10116,8_5,38.8,32.0,"Buq‘ātā, Al Qunayţirah, Syria"
8590,46.6,29.4,10076,6_4,51.6,25.6,"Căuşeni, Moldova"
8591,-5.0,23.4,10054,14_3,0.4,19.2,"Lusambo, Democratic Republic of the Congo"
8592,31.2,34.3,10008,9_5,32.4,32.0,"Shokat as-Sufi, Palestinian Territory"
8593,-25.1,33.6,9985,17_5,-18.8,32.0,"Xai-Xai, Mozambique (W)"
8594,30.1,35.5,9820,9_5,32.4,32.0,"Mraighah Sub-District, Al Murayghah, Ma’an, Jordan"
8595,31.7,35.6,9809,9_5,32.4,32.0,"Mā‘īn, Jordan"
8596,32.6,35.2,9650,8_5,38.8,32.0,"Maale Iron, Israel"
8597,18.2,-63.1,9514,11_46,19.6,294.4,"The Valley, Anguilla"
8598,-8.5,179.2,9013,15_28,-6.0,179.2,"Funafuti, Tuvalu"
8599,32.9,35.9,8989,8_5,38.8,32.0,"Tasīl, H̱ispin, Syria"
8600,-25.7,-56.4,8806,18_47,-25.2,300.8,"Villarrica, Paraguay"
8601,30.5,35.6,8492,9_5,32.4,32.0,"Al-Muthallith, Ash-Shūbak, Ma’an, Jordan"
8602,31.7,34.9,8421,9_5,32.4,32.0,"Kfar Menaẖem, Bet Shemesh, Israel"
8603,30.5,35.5,8389,9_5,32.4,32.0,"Um Suwwana, Ash-Shūbak, Ma’an, Jordan"
8604,58.3,-134.4,8330,4_35,64.4,224.0,"Juneau, United States"
8605,31.1,34.2,8293,9_5,32.4,32.0,"Ash Shaykh Zuwayd, Egypt"
8606,46.9,26.3,8285,6_4,51.6,25.6,"Piatra Neamţ, Romania"
8607,42.2,21.6,8101,7_3,45.2,19.2,"Lipkovo, North Macedonia"
8608,32.2,35.7,7896,9_5,32.4,32.0,"Aş Şubayḩī, Burmā, Jordan"
8609,62.5,-114.4,7593,4_38,64.4,243.2,"Yellowknife, Canada"
8610,15.2,145.8,7519,11_22,19.6,140.8,"Saipan, Northern Mariana Islands"
8611,33.0,35.7,7399,8_5,38.8,32.0,"Katzrin, Israel"
8612,31.2,35.1,7386,9_5,32.4,32.0,"Ghazzah, Kuseifa, Southern District, Israel"
8613,31.5,34.9,7352,9_5,32.4,32.0,"Bayt ‘Awwā, Palestinian Territory"
8614,31.2,34.4,7258,9_5,32.4,32.0,"Nir Yitsẖaq, Israel"
8615,31.3,34.7,7117,9_5,32.4,32.0,"Ofaqim, Beersheba, Israel"
8616,27.6,89.9,7105,9_14,32.4,89.6,"Punākha, India"
8617,21.5,-71.1,6946,10_45,26.0,288.0,"Cockburn Town, Turks and Caicos Islands"
8618,17.9,-62.8,6875,11_46,19.6,294.4,"Gustavia, Saint Barthelemy"
8619,32.4,35.5,6649,9_5,32.4,32.0,"Bardalah, Bet She’an, Palestinian Territory"
8620,-13.3,-176.2,6611,16_28,-12.4,179.2,"Mata-Utu, Wallis and Futuna"
8621,31.0,35.8,6570,9_5,32.4,32.0,"Shaqira al Sharqiya, Al Ḩusaynīyah, Karak, Jordan"
8622,31.3,35.8,6558,9_5,32.4,32.0,"Ar Rabbah, Jordan"
8623,31.8,35.5,6490,9_5,32.4,32.0,"Kedem Arava, Jericho, West Bank, Palestinian Territory"
8624,31.4,34.5,6438,9_5,32.4,32.0,"Be’eri, Netivot, Israel"
8625,13.5,144.7,6393,11_22,19.6,140.8,"Hagåtña, Guam"
8626,-21.2,-159.8,6300,17_31,-18.8,198.4,"Avarua, Cook Islands"
8627,-1.9,36.8,6192,14_5,0.4,32.0,"Kajiado, Kenya"
8628,29.7,35.5,6144,9_5,32.4,32.0,"Ad Dīsah, Aqaba, Jordan"
8629,12.1,-61.8,6044,12_46,13.2,294.4,"Saint George's, Grenada"
8630,41.5,20.6,5867,7_3,45.2,19.2,"Centar Župa, North Macedonia"
8631,69.6,19.0,5819,3_2,70.8,12.8,"Tromsø, Norway"
8632,18.8,-69.3,5772,11_45,19.6,288.0,"Hato Mayor del Rey, Dominican Republic"
8633,32.8,35.8,5735,8_5,38.8,32.0,"H̱ispin, Northern District, Israel"
8634,31.7,35.7,5728,9_5,32.4,32.0,"Mā‘īn, Mādabā, Jordan"
8635,48.0,91.6,5617,6_14,51.6,89.6,"Khovd, Mongolia"
8636,32.7,35.5,5376,8_5,38.8,32.0,"Yavne’el, Israel"
8637,30.4,35.2,5374,9_5,32.4,32.0,"Wadi Araba Sub-District, Ar Rīshah, Aqaba, Jordan"
8638,33.1,35.6,5355,8_5,38.8,32.0,"Yesud HaMa‘ala, Israel"
8639,32.1,35.4,5231,9_5,32.4,32.0,"‘Aqrabā, Palestinian Territory"
8640,30.9,34.4,5127,9_5,32.4,32.0,"קדש ברנע, ישראל"
8641,32.9,35.5,5022,8_5,38.8,32.0,"Safed, Northern District, Israel (S)"
8642,31.4,34.9,5009,9_5,32.4,32.0,"Abu al-Hinna, Az̧ Z̧āhirīyah, West Bank, Palestinian Territory"
8643,30.4,35.6,4861,9_5,32.4,32.0,"Adhruḩ, Ma’an, Jordan"
8644,4.3,18.4,4818,13_2,6.8,12.8,"Bimbo, Central African Republic"
8645,30.6,34.8,4778,9_5,32.4,32.0,"Mitzpe Ramon, Southern District, Israel"
8646,31.2,35.5,4752,9_5,32.4,32.0,"Ghawr Almazra'a Sub-District, Ghawr al Mazra‘ah, Karak, Jordan"
8647,32.2,35.4,4540,9_5,32.4,32.0,"Bayt Fūrīk, Palestinian Territory"
8648,29.7,35.3,4432,9_5,32.4,32.0,"Al Quairah Sub-District, Al Quwayrah, Ma’an, Jordan (S)"
8649,46.8,-56.2,4385,6_47,51.6,300.8,"Saint-Pierre, Saint Pierre and Miquelon"
8650,30.9,35.6,4383,9_5,32.4,32.0,"Aima, Aţ Ţafīlah, Tafielah, Jordan"
8651,30.7,35.2,4330,9_5,32.4,32.0,"‘En Yahav, Southern District, Israel"
8652,33.2,35.7,4242,8_5,38.8,32.0,"Buq‘ātā, Syria"
8653,33.4,35.8,4139,8_5,38.8,32.0,"Hasbaya, Lebanon"
8654,32.0,35.4,4090,9_5,32.4,32.0,"Al Mughayyir, Palestinian Territory"
8655,32.8,35.7,4076,8_5,38.8,32.0,"‘En Gev, Israel"
8656,31.0,34.7,4072,9_5,32.4,32.0,"Bir Hadaj, Israel"
8657,30.7,35.3,4040,9_5,32.4,32.0,"Wadi Araba Sub-District, ‘En Yahav, Southern District, Israel"
8658,31.2,34.7,3904,9_5,32.4,32.0,"Beersheba, Southern District, Israel (W)"
8659,31.6,35.6,3881,9_5,32.4,32.0,"Areedh Sub-District, Al ‘Arīḑ, Madaba, Jordan"
8660,32.4,35.4,3857,9_5,32.4,32.0,"Area C, Dayr Abū Ḑa‘īf, West Bank, Palestinian Territory (S)"
8661,30.6,35.6,3789,9_5,32.4,32.0,"Ash Shawbak, Ash-Shūbak, Jordan"
8662,-22.5,19.0,3601,17_2,-18.8,12.8,"Gobabis, Namibia"
8663,32.0,35.5,3472,9_5,32.4,32.0,"Al ‘Awjā, Palestinian Territory"
8664,31.1,35.5,3462,9_5,32.4,32.0,"Safi Sub-District, Safi, Karak, Jordan (N)"
8665,29.9,35.1,3406,9_5,32.4,32.0,"Yotvata, Southern District, Israel"
8666,31.5,35.7,3283,9_5,32.4,32.0,"Ash Shuqayq, Dhībān, Madaba, Jordan"
8667,31.0,35.9,3274,9_5,32.4,32.0,"Mazar Sub-District, Al Ḩusaynīyah, Karak, Jordan"
8668,31.5,35.9,3235,9_5,32.4,32.0,"Umm ar Raşāş, Jordan"
8669,30.0,34.3,3220,9_5,32.4,32.0,"North Sinai, Egypt"
8670,-20.5,16.6,3216,17_2,-18.8,12.8,"Otjiwarongo, Namibia"
8671,27.5,89.6,3086,9_14,32.4,89.6,"Thimphu, India"
8672,32.9,35.6,2974,8_5,38.8,32.0,"Tūbā Zangarīya, Israel"
8673,31.3,35.1,2868,9_5,32.4,32.0,"Janabib, Kuseifa, Southern District, Israel"
8674,30.2,35.8,2867,9_5,32.4,32.0,"Ma'an Sub-District, Ma'an, Ma’an, Jordan"
8675,30.9,34.8,2853,9_5,32.4,32.0,"Midreshet Ben-Gurion, Southern District, Israel"
8676,25.6,51.5,2834,10_8,26.0,51.2,"Az̧ Z̧a‘āyin, Qatar"
8677,-15.9,-5.7,2769,16_55,-12.4,352.0,"Jamestown, Saint Helena"
8678,31.2,35.2,2650,9_5,32.4,32.0,"Arad, Southern District, Israel (S)"
8679,30.7,35.7,2648,9_5,32.4,32.0,"Al Hasa Sub-District, Buşayrā, Tafielah, Jordan"
8680,30.7,34.4,2542,9_5,32.4,32.0,"وادي الريسكة, مصر"
8681,30.9,35.4,2449,9_5,32.4,32.0,"Safi Sub-District, Safi, Karak, Jordan (SW)"
8682,32.2,35.5,2394,9_5,32.4,32.0,"Argaman, Al Jiftlik, West Bank, Palestinian Territory"
8683,31.3,35.0,2380,9_5,32.4,32.0,"H̱ura, Israel"
8684,-10.4,105.7,2332,15_16,-6.0,102.4,"Flying Fish Cove, Christmas Island"
8685,30.5,35.8,2293,9_5,32.4,32.0,"Al Hashimiyah, Al Ḩusaynīyah, Ma’an, Jordan"
8686,31.4,35.2,2267,9_5,32.4,32.0,"Al Karmil, Yaţţā, Palestinian Territory"
8687,30.0,35.5,2205,9_5,32.4,32.0,"Ras al Naqb, Al Murayghah, Ma’an, Jordan"
8688,32.1,35.5,2204,9_5,32.4,32.0,"Shlomtzion, Al Jiftlik, West Bank, Palestinian Territory"
8689,31.0,35.1,2165,9_5,32.4,32.0,"Dimona, Southern District, Israel"
8690,31.6,35.7,2085,9_5,32.4,32.0,"Areedh Sub-District, Al ‘Arīḑ, Madaba, Jordan (NE)"
8691,30.8,34.7,2083,9_5,32.4,32.0,"Midreshet Ben-Gurion, Southern District, Israel (SW)"
8692,30.3,35.6,2068,9_5,32.4,32.0,"Adhruḩ, Wādī Mūsá, Jordan"
8693,29.7,35.2,2067,9_5,32.4,32.0,"Ayn al Hawwarah, Al Quwayrah, Ma’an, Jordan"
8694,29.4,34.8,2016,9_5,32.4,32.0,"Taba, South Sinai, Egypt"
8695,31.9,35.7,1988,9_5,32.4,32.0,"Ash Shūnah al Janūbīyah, Māḩiş, Jordan"
8696,32.3,35.5,1927,9_5,32.4,32.0,"‘Ayn al Bayḑā, Kurayyimah, Palestinian Territory"
8697,31.5,35.6,1903,9_5,32.4,32.0,"Areedh Sub-District, Al ‘Arīḑ, Madaba, Jordan (SW)"
8698,32.9,35.7,1900,8_5,38.8,32.0,"H̱ad Nes, Katzrin, Israel"
8699,30.6,35.2,1879,9_5,32.4,32.0,"‘En Yahav, Southern District, Israel (S)"
8700,33.1,35.8,1875,8_5,38.8,32.0,"Al Qunayţirah, Quneitra, Syria (W)"
8701,30.9,35.5,1864,9_5,32.4,32.0,"At Tafila Sub-District, Aţ Ţafīlah, Tafielah, Jordan"
8702,30.3,35.7,1804,9_5,32.4,32.0,"Adhruḩ, Ma'an, Jordan"
8703,31.6,35.9,1781,9_5,32.4,32.0,"Jizah Sub-District, Mulayḩ, Madaba, Jordan"
8704,31.3,34.5,1687,9_5,32.4,32.0,"Pattish, Ofaqim, Israel"
8705,30.8,35.3,1652,9_5,32.4,32.0,"H̱atseva, Southern District, Israel"
8706,30.9,35.7,1644,9_5,32.4,32.0,"Al Laban, Aţ Ţafīlah, Tafielah, Jordan"
8707,31.6,34.9,1616,9_5,32.4,32.0,"Neẖusha, Idhnā, Israel"
8708,31.2,34.6,1542,9_5,32.4,32.0,"Ofaqim, Southern District, Israel"
8709,-51.7,-57.9,1539,22_47,-50.8,300.8,"Stanley, Falkland Islands"
8710,30.4,35.5,1420,9_5,32.4,32.0,"Shobak Qasabah Sub-District, Wādī Mūsá, Ma’an, Jordan"
8711,31.0,34.8,1393,9_5,32.4,32.0,"Telalim, Bir Hadaj, Israel"
8712,47.3,110.7,1384,6_17,51.6,108.8,"Undurkhaan, Mongolia"
8713,7.5,134.6,1347,12_21,13.2,134.4,"Ngerulmud, Palau"
8714,-19.1,-169.9,1326,17_29,-18.8,185.6,"Alofi, Niue"
8715,31.0,34.3,1323,9_5,32.4,32.0,"Yated, Southern District, Israel"
8716,31.5,34.7,1301,9_5,32.4,32.0,"Mabbu‘im, Sderot, Israel"
8717,30.2,35.4,1301,9_5,32.4,32.0,"Wadi Araba Sub-District, At-Taybeh, Ma’an, Jordan"
8718,30.9,34.5,1290,9_5,32.4,32.0,"Ashalim, Southern District, Israel"
8719,30.4,35.1,1244,9_5,32.4,32.0,"Ar Rīshah, Aqaba, Jordan"
8720,29.6,34.8,1244,9_5,32.4,32.0,"Eilat, Southern District, Israel (W)"
8721,32.9,35.8,1189,8_5,38.8,32.0,"H̱ispin, Northern District, Israel (N)"
8722,31.2,35.6,1179,9_5,32.4,32.0,"Ghawr Almazra'a Sub-District, ‘Ayy, Karak, Jordan"
8723,31.1,35.2,1157,9_5,32.4,32.0,"Dimona, Southern District, Israel (NE)"
8724,29.9,35.4,1134,9_5,32.4,32.0,"Al Humaymah al Jadidah/ New Humeima, Al Quwayrah, Ma’an, Jordan"
8725,-0.6,166.9,1134,14_26,0.4,166.4,"Yaren, Nauru"
8726,1.6,10.8,1113,13_1,6.8,6.4,"Ciudad de la Paz, Equatorial Guinea"
8727,31.1,35.8,1099,9_5,32.4,32.0,"Mo'aab Sub-District, Karak City, Karak, Jordan"
8728,30.7,34.8,1085,9_5,32.4,32.0,"Wadi Ariha, Mitzpe Ramon, Southern District, Israel"
8729,30.8,35.7,1040,9_5,32.4,32.0,"Khirbat Abun, Aţ Ţafīlah, Tafielah, Jordan"
8730,30.3,35.8,1019,9_5,32.4,32.0,"Abu al Jirdhan Station, Ma'an, Ma’an, Jordan"
8731,27.1,-13.2,1008,9_54,32.4,345.6,"Laayoune, Western Sahara"
8732,40.0,46.9,724,7_7,45.2,44.8,"Ağdam, Azerbaijan"
8733,39.6,47.1,673,7_7,45.2,44.8,"Fizuli, Azerbaijan"
8734,16.7,-62.2,348,11_46,19.6,294.4,"Plymouth, Montserrat"
8735,-12.2,96.8,117,15_15,-6.0,96.0,"West Island, Cocos Islands"
8736,-29.1,168.0,82,18_26,-25.2,166.4,"Kingston, Norfolk Island"
8737,-25.1,-130.1,69,17_35,-18.8,224.0,"Adamstown, Pitcairn"
8738,-54.3,-36.5,0,22_50,-50.8,320.0,"Grytviken, South Georgia and the South Sandwich Islands"
8739,78.2,15.6,0,1_2,83.6,12.8,"Longyearbyen, Svalbard and Jan Mayen"
8740,-49.3,70.2,0,21_10,-44.4,64.0,"Port-aux-Français, French Southern Territories"
