cell_id,elevation
0,11.4
1,4.6
2,19.5
3,907.8
4,48.9
5,6.1
6,333.0
7,11.2
8,869.1
9,42.8
10,45.2
11,28.3
12,210.2
13,6.3
14,15.6
15,0.8
16,22.2
17,16.9
18,4.8
19,327.3
20,15.6
21,293.8
22,7.3
23,5.4
24,212.5
25,36.4
26,182.9
27,616.9
28,808.3
29,85.2
30,205.9
31,641.2
32,2605.2
33,2475.1
34,10.3
35,472.5
36,213.9
37,-1.5
38,102.1
39,7.9
40,1.4
41,736.1
42,527.6
43,2786.8
44,5.9
45,8.1
46,17.5
47,59.7
48,48.9
49,1.6
50,26.3
51,53.0
52,11.6
53,110.7
54,269.4
55,210.8
56,5.4
57,13.4
58,1572.3
59,213.7
60,68.1
61,23.0
63,25.6
64,48.9
65,9.9
66,224.7
67,298.1
68,38.5
69,1613.9
71,21.4
72,951.7
73,313.8
74,11.6
75,-0.7
76,80.7
77,2262.9
79,649.0
80,71.9
81,38.3
82,89.5
83,5.7
84,81.9
85,6.5
86,47.3
87,8.1
88,2390.8
89,1977.8
90,2701.3
91,-1.5
92,61.5
93,2.2
94,8.5
95,11.2
96,210.4
97,1204.2
98,45.0
99,21.2
101,58.7
102,94.4
103,900.5
104,98.0
105,96.8
106,366.9
107,188.2
108,46.6
109,128.4
110,165.1
111,1888.2
112,45.2
113,568.2
114,55.6
115,60.9
116,5.4
117,34.4
118,21.4
119,30.9
120,211.4
121,116.2
122,67.4
124,60.9
125,412.5
127,73.8
128,308.5
129,204.3
130,61.1
131,10.5
132,228.8
133,24.4
134,66.0
135,1258.1
136,16.1
137,218.0
138,8.9
139,80.3
140,53.6
141,44.8
142,23.2
143,250.6
144,1211.2
145,33.6
146,2181.2
148,454.8
149,8.5
150,223.3
151,19.9
152,47.1
153,3.8
154,0.1
155,6.5
156,75.8
157,1161.8
158,14.8
159,1700.3
160,36.9
161,33.4
162,178.4
163,1.8
164,650.6
165,18.5
166,1262.8
167,68.5
168,19.7
169,20.9
170,238.0
171,768.5
172,36.4
173,93.1
174,395.4
175,84.6
176,305.7
177,39.3
178,2.4
179,15.0
180,6.1
181,223.7
182,10.5
183,28.7
184,96.8
185,765.6
186,13.6
187,2183.3
188,51.1
189,821.5
190,926.4
191,8.9
192,128.6
193,126.2
194,2.0
195,119.7
196,82.7
197,62.6
198,222.2
199,7.3
200,15.6
201,4.8
202,303.2
203,2301.3
204,1028.6
205,71.7
206,185.7
207,112.9
208,2427.2
209,24.0
210,1156.1
211,740.3
212,122.9
214,2178.4
215,783.6
216,440.3
217,589.4
218,787.3
219,37.5
220,1575.0
221,84.2
222,12.4
223,85.2
224,25.6
225,5.2
226,11.0
228,134.5
229,39.7
230,212.0
231,418.9
233,2.4
234,55.8
235,8.3
236,219.4
237,11.0
238,1309.9
239,594.7
240,41.1
241,13.4
242,118.2
243,33.8
244,7.3
245,745.6
246,894.4
247,200.2
248,11.2
249,23.8
250,109.3
251,396.0
252,41.3
253,103.1
254,52.6
255,28.3
256,119.7
257,59.1
258,109.1
259,40.5
260,-17.6
261,11.4
262,2.2
263,9.9
264,396.2
265,123.3
266,555.1
267,501.7
268,521.9
269,792.6
270,2188.8
271,33.8
272,317.9
273,40.5
274,1180.4
275,33.6
276,34.4
277,16.9
278,573.5
279,4.4
280,378.3
281,22.8
282,899.3
283,913.5
284,790.5
285,769.7
286,1937.4
287,34.4
288,250.4
289,19.5
290,21.8
291,539.0
292,1322.0
294,117.8
295,29.3
296,1055.5
297,75.0
298,35.4
299,136.2
300,5.9
301,37.5
302,879.1
303,45.4
304,127.6
305,547.2
306,2032.3
307,781.1
308,186.8
309,29.9
310,3.6
311,85.2
312,43.0
313,223.3
314,1038.4
315,395.6
316,127.8
317,18.3
318,1028.2
319,27.5
320,28.9
321,7.9
322,1573.8
323,10.1
324,15.8
325,215.9
326,97.2
327,1658.4
328,45.0
329,26.7
330,7.1
331,2282.9
332,65.8
333,518.8
334,144.9
335,128.6
336,123.5
337,2318.8
338,560.4
339,1188.9
341,1966.8
342,304.2
343,36.0
344,295.7
345,98.9
346,103.3
347,686.5
348,301.0
349,865.0
350,1418.3
351,483.5
352,63.8
353,33.4
354,3.4
355,4.2
356,226.5
357,79.3
358,636.3
359,57.3
360,62.3
361,35.8
362,610.6
363,8.9
364,207.0
365,38.1
366,24.8
367,1232.0
368,13.4
370,9.3
371,30.3
372,9.5
373,6.1
374,24.0
375,300.0
376,678.1
377,833.8
378,2292.1
379,268.1
380,19.5
381,295.7
382,6.3
383,1159.4
384,1.8
385,87.2
386,47.3
387,1785.1
388,79.3
389,22.6
390,19.9
391,44.8
392,58.1
393,133.9
394,84.6
395,4.6
396,1488.9
397,69.1
398,7.9
399,592.7
400,206.7
401,22.0
402,39.9
404,5.4
405,94.6
406,80.7
407,747.1
408,91.3
409,0.3
410,116.2
411,169.0
412,1132.8
413,739.3
414,37.9
415,35.4
417,1693.9
418,229.4
419,624.9
420,5.0
421,389.9
422,15.0
423,331.6
424,20.1
425,2.6
426,17.7
427,36.7
428,161.3
429,316.3
430,96.6
431,-8.4
432,1029.8
433,47.1
434,19.3
435,385.0
436,753.0
437,9.7
438,5.0
439,1100.0
440,1842.9
441,501.5
443,8.1
444,21.6
445,23.2
447,-2.3
448,458.8
449,1613.7
450,37.5
452,513.3
453,-0.5
454,59.5
455,87.8
456,11.4
457,83.4
458,41.8
459,11.2
460,1793.5
461,7.3
463,51.5
464,182.3
465,6.7
466,623.5
467,14.2
469,41.1
470,61.1
471,51.3
472,3.6
473,5.0
474,582.7
475,905.0
476,2.2
477,20.3
478,251.4
479,2415.3
480,70.1
481,145.4
482,5.7
483,6.9
484,183.7
485,8.3
486,4.4
487,21.4
488,2.8
489,1177.3
490,752.6
491,1.8
492,26.5
493,74.8
494,8.5
495,143.5
496,41.8
497,1346.5
498,4.4
499,16.9
500,117.2
501,28.5
502,384.8
503,25.8
504,15.4
505,14.2
507,626.7
508,385.6
509,939.0
510,852.7
511,-8.0
512,689.3
513,34.4
514,131.1
515,204.3
516,606.7
517,57.5
518,2814.2
520,87.0
521,153.3
522,-3.9
523,1669.5
524,506.4
525,289.8
526,1264.6
527,20.5
528,7.9
529,215.7
530,88.9
531,65.8
532,39.7
533,2227.2
534,168.8
535,418.1
536,5.0
537,1691.7
538,3.0
539,16.7
540,61.5
541,772.0
542,2287.8
543,466.4
544,31.3
545,9.5
546,43.4
547,23.6
548,14.4
549,162.3
550,197.4
551,199.6
552,410.3
553,29.5
554,94.2
555,439.3
556,1231.8
557,19.3
558,136.8
559,0.6
560,605.3
561,-0.3
562,25.8
563,69.9
565,18.1
566,202.3
567,490.3
568,11.0
569,24.6
570,-16.0
571,460.3
572,396.2
573,156.2
575,26.9
576,71.3
577,28.7
578,1194.3
579,18.7
580,42.8
581,17.1
583,718.9
584,131.5
585,23.4
586,6.7
587,27.7
588,2550.9
589,77.4
590,8.5
591,3980.1
592,304.6
593,36.7
594,23.0
595,150.9
596,236.5
597,35.2
598,157.0
599,394.4
600,505.6
601,40.5
602,803.0
603,324.6
604,1216.3
605,1.8
606,562.5
607,310.4
608,37.3
609,2265.1
610,32.4
611,-1.1
612,-0.9
613,562.7
614,14.0
615,70.3
616,1005.9
617,67.0
618,620.2
619,802.2
620,101.3
621,56.0
622,1784.5
623,1135.5
624,15.2
625,120.5
626,218.4
627,69.3
628,17.7
629,124.3
630,118.4
631,413.4
632,21.8
633,795.0
634,160.0
635,117.0
636,1141.4
637,170.9
638,2.8
639,62.6
640,23.8
641,92.7
642,384.8
643,55.6
644,40.9
646,5.2
647,65.4
648,126.4
649,409.3
650,164.1
651,28.3
652,2983.8
653,780.7
654,127.4
655,514.1
656,487.2
657,172.3
658,137.4
659,86.2
660,29.3
661,149.6
663,23.4
664,26.7
665,115.2
666,759.5
667,13.6
668,131.5
669,38.1
670,211.4
671,51.5
672,111.9
673,2208.2
674,3974.2
675,656.3
676,71.1
677,1342.0
678,60.3
679,35.0
680,219.0
681,8.1
682,380.1
683,21.4
684,20.5
685,490.5
686,467.8
687,4.6
688,16.7
689,77.6
690,10.3
691,14.0
692,1329.9
693,5.4
694,47.9
695,465.4
696,1494.2
697,303.8
698,56.2
699,453.1
701,8.9
702,5.0
703,168.6
704,117.8
705,13.4
706,552.9
707,49.3
708,316.1
709,3.4
710,351.2
711,249.8
712,36.0
713,29.1
714,1284.2
715,313.4
716,223.9
717,1.8
718,93.3
719,48.3
720,15.8
721,82.9
722,25.2
723,25.8
724,117.0
725,71.5
726,23.6
727,86.6
728,199.2
729,36.9
730,18.3
731,44.8
732,417.0
733,55.8
734,69.1
735,25.0
736,247.7
737,472.1
738,1650.7
739,40.9
740,1863.7
741,954.1
742,437.6
743,207.2
744,24.4
745,385.8
746,19.9
747,59.1
748,46.4
749,1150.8
750,24.4
751,5.4
752,443.5
753,107.0
754,4.6
755,387.0
756,79.9
757,3.2
758,894.2
759,706.5
760,113.7
761,24.4
762,82.9
763,18.5
764,1141.4
765,13.8
766,5.0
767,11.4
768,23.8
769,20.1
771,-3.7
772,248.4
773,29.7
774,15.6
775,476.6
776,7.1
777,421.1
778,84.8
779,124.3
780,40.7
781,2324.9
782,221.2
783,1594.8
784,4.4
785,1637.4
786,14.6
787,611.2
788,38.3
789,650.0
790,47.9
791,1286.7
792,11.8
793,302.0
794,112.1
795,66.0
797,21.6
798,1202.0
799,148.4
800,354.8
801,2.4
802,27.5
804,10.5
805,-6.0
806,606.1
807,37.9
808,957.6
810,-13.9
811,33.4
812,53.4
813,1245.5
814,1181.4
815,702.0
816,300.2
817,276.1
818,121.3
819,15.4
820,75.8
821,181.9
822,2651.9
823,276.3
824,146.2
825,1920.0
826,67.2
827,225.5
828,28.5
829,463.7
830,7.3
831,879.1
832,180.6
833,218.8
834,1.6
835,1620.5
836,122.9
838,325.7
839,11.0
840,1082.0
841,37.9
842,12.0
843,66.4
844,15.0
845,46.4
846,800.7
847,59.1
848,36.2
849,1705.8
850,45.0
851,607.8
852,1584.8
853,19.5
854,77.0
855,1253.6
856,794.8
857,10.5
858,228.2
859,0.6
860,15.0
861,34.0
862,637.3
863,96.4
864,1273.6
865,367.9
866,1069.0
867,195.5
868,90.9
869,52.2
871,8.9
872,66.0
873,307.7
874,87.8
876,-5.8
877,315.9
878,1.8
879,1.2
880,1790.3
881,-0.1
882,67.4
883,74.6
884,4.0
885,1298.9
886,236.1
887,147.6
888,43.8
889,8.1
890,1012.7
891,125.6
892,409.1
893,204.7
894,2996.3
895,23.0
896,288.3
897,981.3
898,92.7
899,7.1
900,4.2
901,285.9
902,167.0
903,1093.7
904,1376.9
905,1568.2
906,30.3
907,123.5
908,5.4
910,1176.7
911,76.2
912,2168.2
913,2562.7
914,206.1
915,17.9
916,881.7
917,1377.3
918,41.8
919,499.2
920,98.7
921,120.3
922,820.5
923,47.9
924,906.4
925,11.2
926,586.7
927,11.6
928,593.7
929,25.8
930,1349.1
931,16.3
932,161.3
933,25.0
934,28.9
935,6.9
936,120.1
937,16.7
938,66.4
939,68.1
940,117.4
941,57.0
942,15.2
943,7.9
944,653.9
945,21.8
946,185.3
947,13.4
948,47.7
949,59.1
950,62.8
951,40.5
952,330.8
953,30.7
954,285.7
955,2988.3
956,319.5
957,19.3
958,1529.7
960,53.6
961,456.4
962,215.3
963,570.0
964,50.3
965,499.0
966,208.2
967,11.2
968,40.9
969,69.3
970,7.9
971,454.4
972,134.8
973,85.2
974,18.1
975,135.0
976,153.7
977,216.9
978,3.6
979,8.3
980,1919.2
981,1934.7
982,1534.0
983,677.7
984,384.0
985,96.8
986,130.1
987,726.1
988,104.0
989,107.0
990,8.5
991,1672.9
992,51.3
994,21.2
995,452.9
996,580.0
997,151.9
998,1723.7
999,644.1
1000,5.7
1001,623.9
1002,115.8
1003,167.0
1004,117.4
1005,93.6
1006,4.0
1007,13.0
1008,2061.5
1009,634.3
1010,2787.6
1012,91.1
1013,44.4
1014,751.6
1015,169.2
1016,32.2
1017,71.9
1018,55.8
1019,598.8
1020,539.4
1021,80.3
1022,62.6
1023,295.9
1024,2569.4
1025,52.2
1026,137.2
1027,223.7
1028,24.8
1029,312.4
1030,89.7
1031,8.1
1032,296.3
1033,37.3
1034,85.8
1035,11.8
1036,224.9
1037,380.5
1038,47.7
1039,385.8
1040,536.8
1041,7.5
1042,244.9
1043,223.5
1044,17.9
1045,229.6
1046,2224.5
1047,221.2
1048,66.6
1049,58.7
1051,281.4
1052,2493.1
1053,629.2
1054,494.5
1055,115.4
1056,80.7
1057,34.6
1058,29.5
1059,31.1
1060,1442.4
1061,642.0
1062,-13.5
1064,4.0
1065,132.3
1066,-2.5
1067,2276.6
1068,2.4
1069,1034.9
1070,1054.9
1071,84.2
1072,0.1
1073,359.5
1074,1893.5
1075,59.7
1076,1213.4
1077,184.9
1078,645.5
1079,52.8
1080,26.7
1081,300.0
1082,2.6
1083,695.1
1084,2233.1
1085,18.7
1087,63.6
1088,58.1
1089,6.5
1090,74.4
1091,182.5
1092,49.1
1093,712.4
1094,103.8
1095,30.9
1096,825.6
1097,5.2
1098,123.7
1099,75.8
1100,2688.2
1101,56.0
1103,267.9
1104,22.8
1105,360.5
1106,122.7
1107,17.7
1108,2.4
1109,12.6
1110,141.7
1111,357.9
1112,1314.0
1113,-5.4
1114,55.2
1115,1518.0
1116,1180.0
1117,294.2
1118,823.4
1119,324.2
1120,10.8
1121,29.5
1122,-3.9
1123,12.4
1124,129.7
1125,80.5
1126,25.0
1127,13.0
1128,107.8
1129,167.4
1130,1502.3
1131,138.2
1132,672.2
1133,91.3
1134,13.4
1135,1673.1
1136,1.0
1137,319.3
1138,60.1
1139,33.0
1140,48.7
1141,1023.5
1142,497.8
1143,32.8
1144,676.7
1145,11.2
1146,151.7
1147,22.2
1148,79.7
1149,166.8
1150,1374.6
1151,646.7
1152,159.6
1153,10.1
1154,104.0
1155,11.4
1156,2079.2
1157,12.2
1158,92.1
1159,73.6
1160,87.8
1161,67.9
1162,849.5
1163,8.9
1164,996.6
1165,122.9
1166,101.7
1167,120.5
1168,1.2
1169,1892.1
1170,97.0
1171,0.3
1172,1055.3
1173,491.5
1174,2302.9
1175,-2.7
1176,159.6
1177,42.4
1178,573.5
1179,97.8
1180,204.9
1181,1286.3
1182,649.6
1183,-8.2
1184,1624.6
1185,9.1
1186,2181.2
1187,9.5
1188,37.1
1189,128.8
1190,664.7
1191,77.4
1192,395.6
1193,365.2
1194,506.6
1195,253.9
1196,318.3
1198,58.1
1199,82.1
1200,97.2
1201,266.9
1202,22.0
1203,387.0
1204,127.4
1205,1071.8
1206,-3.5
1207,17.3
1208,719.9
1209,693.8
1210,24.2
1211,499.2
1212,1095.7
1213,35.8
1214,50.7
1215,353.0
1216,67.9
1217,1.0
1218,51.1
1220,7.7
1221,25.0
1223,9.9
1224,21.2
1225,95.4
1226,51.1
1227,140.9
1228,1448.3
1229,256.1
1230,66.0
1231,240.8
1232,69.9
1233,8.9
1234,2427.6
1235,39.5
1236,1632.5
1237,43.4
1238,2327.8
1239,40.5
1240,1273.6
1241,704.2
1242,166.0
1243,169.2
1244,572.3
1245,0.3
1246,329.7
1247,304.2
1248,1357.9
1251,26.0
1252,508.8
1253,60.1
1254,18.7
1255,16.3
1256,78.1
1257,1887.4
1258,888.9
1259,548.8
1260,1136.9
1261,183.7
1262,20.3
1263,32.8
1264,172.3
1265,224.5
1266,41.3
1267,40.7
1269,67.4
1270,1806.0
1271,367.7
1272,617.3
1273,701.4
1274,355.0
1275,77.4
1276,120.5
1277,141.1
1278,245.9
1279,9.5
1280,641.0
1281,506.8
1282,200.0
1283,144.1
1284,54.2
1285,9.1
1286,319.9
1287,72.5
1288,30.7
1289,23.2
1290,1889.8
1291,220.8
1292,71.5
1293,1058.2
1294,239.0
1296,122.5
1297,-19.6
1298,692.2
1299,287.7
1300,53.2
1301,54.6
1302,854.6
1303,10.3
1304,233.9
1305,44.2
1306,40.9
1307,68.9
1308,178.8
1309,655.1
1310,399.9
1311,-33.7
1312,64.4
1313,911.3
1314,210.8
1315,57.0
1316,99.9
1317,17.5
1318,144.3
1319,16.7
1320,1029.6
1321,27.9
1322,34.4
1323,1633.5
1324,51.9
1325,4.4
1326,1812.1
1327,10.8
1328,72.1
1329,2705.6
1330,25.6
1331,940.5
1332,20.5
1333,8.3
1334,2.6
1335,999.2
1336,137.6
1337,137.0
1338,1143.7
1339,23.8
1340,111.5
1341,4.6
1342,33.2
1343,2.4
1344,3.0
1345,14.2
1346,44.8
1347,321.8
1348,5.4
1349,9.7
1350,650.8
1351,53.4
1352,65.6
1353,1619.3
1354,19.7
1355,92.3
1356,792.0
1357,4.8
1358,43.4
1359,2196.4
1360,286.3
1362,279.4
1363,58.7
1364,358.1
1365,54.4
1366,5.2
1367,1320.7
1368,12.0
1369,-9.6
1370,28.7
1371,211.4
1372,128.4
1373,76.6
1374,38.9
1375,143.9
1376,50.3
1377,13.0
1378,143.1
1379,39.7
1380,18.5
1381,914.6
1382,1090.0
1383,1187.9
1384,76.8
1385,348.9
1386,37.3
1387,7.7
1388,55.6
1389,27.9
1390,1210.4
1391,39.5
1392,-3.9
1393,2125.1
1394,107.2
1395,6.3
1396,22.4
1397,29.5
1398,385.6
1399,1897.8
1400,-1.1
1401,171.9
1402,131.7
1403,1185.1
1404,2.4
1405,17.9
1406,773.0
1407,664.7
1408,132.3
1409,1107.3
1410,794.0
1411,1258.7
1412,16.5
1413,2607.6
1414,28.3
1415,1432.8
1416,271.2
1417,11.8
1418,1409.3
1419,263.0
1420,48.7
1421,877.0
1422,43.2
1423,239.0
1424,17.9
1425,128.8
1426,6.7
1427,602.0
1428,13.8
1429,198.4
1430,1231.8
1431,28.5
1432,66.4
1433,1094.5
1434,106.6
1435,83.2
1436,4.6
1437,30.3
1438,838.9
1440,9.9
1441,250.8
1442,284.3
1443,7.9
1444,36.2
1445,20.3
1446,21.2
1447,129.7
1448,-0.1
1449,530.4
1450,73.8
1451,824.8
1452,25.8
1454,203.9
1455,29.7
1456,212.9
1457,2761.5
1458,174.5
1459,13.8
1460,155.8
1461,1249.1
1462,34.8
1463,143.7
1464,4.4
1465,1186.9
1466,783.6
1467,502.7
1468,11.2
1469,613.1
1470,1414.8
1471,1080.6
1472,16.7
1473,9.7
1474,0.6
1475,6.7
1476,51.1
1478,107.4
1479,102.7
1480,644.9
1481,1944.5
1482,-19.2
1483,11.2
1484,30.7
1485,50.7
1486,888.2
1487,160.4
1488,971.9
1489,513.5
1490,25.4
1491,38.1
1492,68.9
1493,264.3
1494,-0.1
1495,17.5
1496,59.5
1497,-2.1
1498,1337.9
1499,11.4
1500,66.0
1501,20.3
1502,108.2
1504,51.1
1505,2306.2
1506,271.8
1507,122.5
1508,157.6
1509,22.4
1510,36.7
1511,43.6
1512,31.8
1513,37.7
1514,15.8
1515,-22.3
1516,69.7
1517,69.5
1518,151.1
1519,24.0
1520,1666.0
1521,31.3
1522,553.9
1523,199.4
1524,12.4
1525,59.1
1526,508.0
1527,-0.1
1528,17.9
1529,53.2
1532,159.6
1533,383.2
1534,60.9
1535,18.3
1536,1116.9
1537,75.2
1538,13.6
1539,855.2
1540,467.8
1541,85.4
1542,259.6
1543,743.2
1544,35.6
1545,1309.9
1546,2.2
1547,125.6
1548,181.7
1549,4.4
1551,0.6
1552,86.6
1553,538.8
1554,353.8
1555,179.8
1556,131.1
1557,29.5
1558,30.1
1559,2.6
1560,17.1
1561,78.7
1562,63.0
1563,45.0
1564,131.5
1565,629.6
1566,252.6
1567,629.4
1568,203.3
1569,776.9
1570,9.1
1571,64.2
1572,11.6
1573,6.9
1574,20.1
1575,75.4
1576,24.2
1577,88.9
1578,705.5
1579,106.6
1580,145.4
1581,1931.9
1582,98.7
1583,16.3
1584,436.8
1585,394.4
1586,9.7
1587,19.3
1588,595.7
1589,162.5
1590,146.4
1591,1754.7
1592,923.1
1593,373.6
1594,32.4
1595,402.6
1596,600.8
1597,625.3
1598,4.6
1599,126.8
1600,16.5
1601,1212.8
1602,1928.0
1603,715.5
1604,292.8
1605,411.3
1606,60.1
1607,67.4
1608,18.3
1609,628.1
1610,1096.9
1611,1013.9
1612,805.0
1613,9.1
1615,5.7
1617,1384.0
1618,107.6
1619,15.4
1620,591.0
1621,1168.8
1622,52.8
1623,20.5
1624,821.1
1625,60.9
1626,26.5
1627,145.2
1628,1886.8
1629,396.4
1630,1142.0
1632,5.2
1633,668.9
1634,279.4
1635,697.5
1636,115.2
1637,215.1
1638,25.6
1639,477.8
1640,617.7
1641,39.9
1642,205.1
1643,46.6
1644,917.4
1645,9.9
1646,294.4
1647,31.8
1648,22.0
1649,322.2
1650,1454.4
1651,111.1
1652,51.5
1653,1089.4
1654,22.8
1655,22.6
1656,116.6
1657,21.8
1658,619.2
1659,73.8
1660,150.3
1661,96.8
1662,71.9
1663,40.3
1664,184.3
1665,16.3
1666,592.2
1667,678.7
1668,308.9
1669,50.3
1670,294.2
1671,58.3
1672,61.1
1673,552.9
1674,21.4
1675,-20.9
1676,89.9
1677,88.5
1678,465.6
1679,428.7
1680,1167.5
1681,149.6
1682,52.4
1683,411.5
1684,138.4
1685,52.6
1686,206.1
1687,-4.1
1688,1600.5
1689,11.8
1690,118.8
1691,337.7
1692,199.6
1693,432.9
1694,25.4
1695,97.4
1696,179.2
1697,1562.3
1699,1609.7
1700,167.2
1701,1694.3
1702,306.9
1703,1256.1
1704,40.5
1705,483.7
1706,135.2
1707,7.3
1708,172.1
1709,53.2
1710,222.7
1711,1628.0
1712,101.9
1713,240.4
1714,14.8
1715,56.8
1716,1149.6
1717,34.6
1718,47.3
1719,120.3
1720,4.8
1721,793.0
1722,27.3
1723,256.3
1724,453.5
1725,77.0
1726,37.3
1727,515.1
1728,7.9
1729,34.2
1730,292.8
1731,953.3
1732,214.1
1733,50.9
1734,116.6
1735,14.0
1736,86.2
1737,57.5
1738,6.3
1739,133.9
1740,1932.5
1742,37.5
1743,760.7
1744,18.1
1745,1110.4
1746,1079.6
1747,247.1
1748,172.9
1749,25.6
1750,63.8
1751,273.2
1752,31.8
1753,1242.0
1754,302.0
1755,97.8
1756,69.7
1757,10.8
1758,537.0
1759,179.2
1760,-1.3
1761,353.6
1762,34.2
1763,92.9
1764,74.8
1765,381.3
1766,621.2
1767,32.4
1768,1329.9
1769,149.8
1770,405.2
1771,167.4
1772,6.1
1773,1236.9
1774,671.0
1775,561.2
1776,30.3
1777,65.0
1778,12.2
1779,38.9
1780,72.5
1781,190.2
1782,7.1
1783,160.7
1784,13.2
1785,105.2
1786,550.8
1787,983.3
1789,2.4
1790,378.9
1791,727.1
1792,432.9
1793,106.2
1794,117.0
1795,40.5
1796,60.1
1797,1335.6
1798,118.4
1799,173.5
1800,334.4
1801,24.0
1802,-77.4
1803,756.9
1804,125.6
1805,116.2
1806,143.5
1807,35.6
1808,64.0
1809,557.8
1810,1251.8
1811,917.8
1812,251.0
1813,11.0
1814,3.8
1815,145.6
1816,140.9
1817,213.3
1818,5.4
1819,1447.5
1820,43.4
1821,34.8
1822,532.7
1823,18.9
1824,20.7
1825,12.2
1826,671.4
1827,84.4
1828,2.4
1829,564.3
1830,1.6
1831,71.7
1832,274.7
1833,32.6
1834,82.1
1835,7.1
1836,15.2
1837,211.4
1838,14.6
1839,9.9
1840,596.3
1841,2.8
1842,1.6
1843,63.8
1844,-6.4
1845,2609.0
1846,80.9
1847,124.8
1848,642.2
1849,25.2
1850,214.1
1851,170.6
1852,80.3
1853,18.1
1854,5.7
1855,568.2
1856,88.5
1857,64.8
1858,280.4
1859,74.2
1860,13.6
1861,19.7
1862,14.4
1863,13.6
1864,1959.4
1865,262.2
1866,340.1
1868,313.4
1869,54.8
1870,140.5
1871,105.0
1872,160.0
1873,140.1
1874,19.5
1875,511.7
1876,19.3
1877,227.1
1878,-0.1
1879,650.8
1880,81.7
1881,1.2
1882,3.0
1883,31.3
1884,602.2
1885,35.8
1886,467.0
1887,54.2
1888,175.7
1889,37.7
1890,15.8
1891,1182.4
1892,406.8
1893,947.6
1894,732.0
1895,9.5
1896,41.1
1897,288.9
1898,5.0
1899,74.0
1900,7.5
1901,3.8
1902,94.8
1903,4.2
1904,366.7
1905,49.5
1907,9.9
1908,8.7
1909,329.5
1910,2000.4
1911,136.4
1912,82.3
1913,666.5
1914,1232.0
1915,56.0
1916,297.7
1917,167.6
1918,1116.1
1919,1871.1
1920,10.1
1921,17.3
1922,48.5
1923,194.1
1924,154.5
1925,841.5
1926,299.8
1927,26.0
1928,1671.5
1929,59.1
1930,563.9
1931,13.2
1932,57.3
1933,405.6
1934,571.4
1935,1983.3
1936,947.6
1937,148.4
1938,5.4
1939,454.6
1940,14.8
1941,4.2
1942,1188.1
1943,1.6
1944,144.9
1945,219.4
1946,19.9
1947,228.0
1948,600.6
1949,172.3
1951,224.1
1952,43.6
1953,1063.7
1954,403.4
1955,42.8
1956,49.5
1957,36.0
1958,142.9
1959,1122.0
1960,32.8
1961,96.6
1962,9.5
1963,456.2
1964,138.4
1965,13.0
1966,94.6
1967,4.2
1968,15.2
1969,111.1
1970,29.3
1971,24.4
1972,26.9
1973,452.1
1974,1.6
1975,171.3
1976,241.0
1977,281.2
1978,304.2
1979,117.8
1980,1848.6
1981,149.0
1982,14.6
1983,12.4
1984,219.2
1985,35.6
1986,889.1
1987,5.7
1988,43.4
1989,8.7
1990,13.8
1991,203.1
1992,6.3
1993,18.9
1994,15.6
1995,118.6
1996,408.9
1997,174.1
1999,3.4
2000,118.2
2001,-21.1
2002,69.1
2003,16.3
2004,754.2
2005,47.3
2006,26.0
2007,2533.5
2008,430.7
2009,220.8
2010,46.8
2012,253.5
2013,18.7
2014,51.3
2015,2162.1
2016,144.7
2017,56.6
2018,41.8
2019,553.1
2020,15.2
2021,154.5
2022,84.2
2023,13.2
2024,203.5
2025,33.4
2026,151.9
2027,551.7
2028,51.3
2029,46.0
2030,450.7
2031,-22.5
2032,305.3
2033,172.5
2034,53.8
2035,321.4
2036,154.3
2037,8.1
2038,2.8
2039,1628.4
2040,14.2
2041,81.3
2042,69.1
2043,163.5
2044,18.3
2045,62.8
2046,31.3
2047,19.1
2048,62.6
2049,128.4
2050,296.9
2051,2535.8
2052,386.2
2053,1444.0
2054,1051.0
2055,400.3
2056,189.6
2057,86.0
2059,53.8
2060,46.0
2061,39.1
2062,233.1
2063,11.6
2064,45.0
2065,477.0
2066,245.7
2067,714.6
2068,687.3
2069,808.9
2070,11.4
2071,199.6
2072,152.1
2073,179.4
2074,1117.1
2075,170.2
2076,47.7
2077,3055.5
2078,283.0
2079,0.3
2080,574.5
2081,1587.4
2082,47.9
2083,5.9
2084,1199.1
2085,25.6
2086,5.9
2087,100.3
2088,738.1
2089,480.1
2090,122.3
2091,5.9
2092,47.5
2093,596.5
2094,1270.8
2095,1582.3
2096,315.3
2097,407.0
2098,10.3
2099,1950.2
2101,863.8
2102,610.2
2103,96.6
2104,3.0
2105,24.8
2106,4.4
2107,2109.4
2108,118.6
2109,1236.5
2110,281.0
2111,183.7
2112,1175.5
2113,133.7
2114,14.4
2115,13.6
2116,13.8
2117,314.6
2118,69.1
2119,4.4
2120,19.1
2121,30.5
2122,3.0
2123,125.6
2124,-21.5
2125,0.6
2126,11.6
2127,5.2
2128,759.5
2129,173.1
2130,221.0
2132,258.1
2133,1476.8
2134,647.5
2135,352.0
2136,5.4
2137,498.6
2138,171.3
2139,507.4
2140,40.3
2141,247.3
2142,217.1
2143,10.8
2144,479.4
2145,48.1
2146,718.5
2147,467.4
2148,86.0
2149,605.1
2150,70.1
2151,134.8
2152,49.1
2153,245.9
2154,8.5
2155,9.5
2156,62.8
2157,2243.1
2158,12.4
2159,619.0
2160,26.9
2162,34.6
2163,30.7
2164,15.8
2165,1632.9
2166,95.8
2167,12.4
2168,1148.6
2169,1.0
2170,8.7
2171,355.2
2172,509.0
2173,192.5
2174,1068.0
2175,510.9
2176,1659.7
2177,205.7
2178,679.6
2179,96.6
2180,15.8
2181,78.9
2182,63.6
2183,92.1
2184,276.9
2185,58.9
2186,30.5
2187,391.7
2188,48.5
2189,183.7
2190,38.9
2191,84.0
2192,269.2
2193,65.8
2194,553.1
2195,12.8
2196,80.3
2197,650.0
2199,540.4
2200,75.0
2201,70.1
2202,136.6
2203,10.5
2204,452.1
2205,53.2
2206,1142.6
2207,57.0
2208,242.8
2209,108.0
2210,138.2
2211,-3.7
2212,19.7
2213,395.0
2214,30.7
2215,754.8
2216,490.3
2217,6.1
2218,188.0
2219,81.7
2220,105.0
2221,1302.0
2222,6.1
2223,27.1
2224,4.4
2225,123.9
2226,238.0
2227,12.0
2228,26.9
2229,29.1
2230,169.0
2231,1066.7
2232,632.2
2234,20.7
2235,606.1
2236,177.4
2237,287.1
2238,121.3
2239,235.1
2240,72.3
2241,114.4
2242,2.6
2243,1415.8
2244,566.1
2245,1316.3
2246,118.8
2247,30.9
2248,4.2
2249,13.4
2250,71.5
2251,27.3
2252,473.3
2253,46.4
2254,48.3
2255,38.7
2256,87.4
2257,304.6
2259,-22.5
2260,187.8
2261,9.3
2262,202.9
2263,100.1
2264,4.2
2265,104.6
2266,14.0
2267,5.0
2268,35.0
2269,33.8
2270,38.7
2271,1197.5
2272,84.6
2273,80.7
2274,106.0
2275,219.6
2276,387.0
2277,409.7
2278,10.3
2279,1635.8
2280,40.7
2281,581.2
2282,43.0
2283,157.0
2284,209.0
2285,108.2
2286,3.0
2287,46.2
2289,8.1
2290,323.0
2291,-6.6
2292,619.4
2293,49.3
2295,10.5
2296,21.2
2297,331.4
2298,218.6
2299,2970.7
2300,887.6
2303,5.9
2304,14.4
2305,37.5
2306,180.6
2307,9.9
2308,24.6
2309,22.6
2310,227.8
2311,177.4
2312,4.8
2313,5.0
2314,1087.1
2315,226.9
2316,30.7
2317,5.7
2318,41.5
2319,437.4
2320,2.6
2321,1745.6
2322,68.9
2323,57.0
2324,28.7
2325,0.6
2326,685.1
2327,52.6
2328,-8.2
2329,31.1
2330,758.3
2331,616.7
2332,153.5
2333,3620.2
2334,153.1
2335,496.4
2336,30.1
2337,41.1
2338,19.7
2339,1894.9
2340,1449.3
2341,237.3
2342,397.7
2343,45.2
2344,45.0
2345,21.6
2346,1775.6
2347,53.2
2348,161.9
2349,43.2
2350,1360.1
2351,514.1
2352,58.5
2353,58.7
2354,4.2
2355,113.3
2356,313.4
2357,60.5
2358,64.4
2359,8.7
2360,4.8
2361,807.9
2362,46.2
2363,38.1
2364,26.9
2365,797.7
2366,213.1
2367,318.7
2368,215.5
2369,604.9
2370,196.8
2371,1433.4
2372,2075.5
2373,128.6
2374,13.0
2375,1096.1
2376,217.6
2377,22.4
2378,17.9
2379,176.4
2380,21.8
2381,4.8
2382,11.0
2383,49.1
2384,7.3
2385,6.7
2386,89.9
2387,140.7
2388,1657.6
2389,446.2
2390,56.2
2391,63.2
2393,1839.4
2394,80.5
2395,65.2
2396,840.1
2397,337.3
2398,20.5
2399,20.5
2400,1512.1
2401,100.3
2402,245.5
2403,14.6
2404,75.6
2405,1101.2
2406,102.3
2407,190.6
2408,157.2
2409,355.6
2410,3796.2
2411,29.3
2412,63.2
2413,81.9
2414,251.6
2415,1747.2
2416,252.0
2417,54.4
2418,47.5
2419,218.6
2420,39.7
2421,5.9
2422,1.8
2423,174.9
2424,37.9
2425,29.3
2426,58.3
2427,8.9
2428,8.1
2429,30.7
2430,393.0
2431,29.9
2432,27.3
2433,121.9
2434,109.7
2435,55.4
2436,4.8
2437,312.4
2438,20.1
2439,272.2
2440,1808.2
2441,214.7
2442,85.0
2443,14.0
2444,3.0
2445,11.4
2446,1257.3
2447,40.5
2448,58.9
2449,238.4
2450,59.9
2451,12.4
2452,1534.0
2453,775.6
2454,146.4
2455,95.2
2456,42.2
2457,541.0
2458,184.3
2459,312.0
2460,486.2
2461,67.7
2462,38.7
2463,59.1
2464,284.7
2465,348.3
2466,1294.0
2467,9.3
2468,27.7
2469,27.7
2470,643.0
2471,49.9
2472,9.5
2473,2400.0
2474,86.8
2475,267.7
2476,92.7
2477,28.1
2478,64.0
2479,1116.1
2480,427.4
2481,1029.4
2482,49.5
2483,153.1
2484,4.0
2485,645.9
2486,193.7
2487,343.6
2488,20.9
2489,14.2
2490,19.9
2491,78.3
2492,204.3
2493,69.5
2494,141.5
2495,-15.2
2496,1853.5
2497,56.6
2498,162.9
2499,94.4
2500,235.7
2501,9.9
2502,42.0
2503,202.1
2504,24.6
2505,371.1
2506,1726.6
2507,513.7
2508,23.2
2509,-2.7
2510,26.9
2511,53.2
2512,98.2
2514,22.4
2515,27.7
2516,253.9
2517,60.5
2518,7.5
2519,-18.4
2520,40.3
2521,1274.2
2522,33.0
2523,828.5
2524,208.0
2525,251.6
2526,682.8
2527,484.8
2528,36.9
2529,240.2
2530,11.6
2531,54.8
2532,5.4
2533,1270.1
2534,97.0
2535,101.1
2536,1829.0
2537,-8.0
2538,51.3
2539,11.2
2540,1139.2
2541,236.9
2542,2.6
2543,118.2
2544,146.0
2545,66.2
2546,1410.9
2547,-32.9
2548,444.0
2549,-2.9
2550,708.3
2551,18.7
2552,114.8
2553,11.6
2554,23.2
2555,1904.1
2556,325.0
2557,1590.7
2558,55.0
2559,72.8
2560,499.2
2561,1596.8
2562,14.8
2563,132.1
2564,17.1
2565,303.0
2566,93.3
2567,753.6
2568,88.5
2569,114.6
2570,110.1
2571,20.1
2572,49.1
2573,44.4
2574,11.8
2575,10.3
2576,556.8
2577,89.7
2578,1646.4
2579,1.8
2580,24.6
2581,528.6
2582,32.2
2583,584.3
2584,50.3
2585,247.7
2586,123.9
2587,10.3
2588,80.1
2589,74.8
2590,54.6
2591,34.2
2592,13.4
2593,1551.5
2594,566.3
2595,43.6
2596,1756.6
2597,908.4
2599,203.3
2600,1169.6
2601,444.8
2602,105.8
2604,3.8
2605,93.6
2606,495.6
2607,198.4
2608,1708.6
2609,181.9
2610,11.2
2611,208.2
2612,36.7
2614,15.2
2615,187.4
2616,18.9
2617,92.1
2618,96.2
2619,485.6
2620,33.2
2621,66.6
2622,59.7
2623,1160.4
2624,152.1
2625,40.1
2626,37.3
2627,1852.9
2628,143.9
2629,110.1
2630,27.1
2631,145.6
2632,214.9
2633,3.6
2634,1230.8
2635,73.6
2636,-22.7
2637,3893.1
2638,11.4
2639,158.2
2640,41.1
2641,46.4
2642,-2.1
2643,13.8
2644,80.1
2645,3.0
2646,76.0
2647,935.0
2648,416.0
2649,11.6
2650,124.6
2651,56.8
2652,77.0
2653,147.6
2654,36.0
2655,514.7
2656,1689.0
2657,51.9
2658,1111.6
2659,27.5
2660,48.3
2661,56.4
2662,9.1
2663,476.0
2664,564.9
2665,7.3
2666,21.6
2667,4.4
2668,427.8
2669,351.6
2671,1591.7
2672,64.4
2673,175.5
2674,8.5
2675,5.4
2676,23.0
2677,94.2
2678,48.5
2679,4.0
2680,602.0
2681,56.8
2682,6.3
2683,157.2
2684,19.7
2685,1594.2
2686,-9.6
2687,214.9
2688,27.7
2689,1680.1
2690,208.2
2691,27.1
2692,34.0
2693,145.8
2694,90.3
2695,118.6
2696,338.9
2697,232.0
2698,11.4
2699,35.8
2700,3.4
2701,45.8
2702,64.2
2703,294.7
2704,612.6
2705,259.6
2706,2.0
2707,160.4
2708,143.1
2709,1654.4
2710,578.8
2711,871.7
2712,53.2
2713,170.0
2714,1493.4
2715,6.9
2716,413.0
2717,157.8
2718,62.3
2719,82.5
2720,22.0
2721,81.9
2722,90.5
2723,292.8
2724,34.6
2725,231.2
2726,544.5
2727,66.2
2728,83.8
2729,9.5
2730,58.5
2731,409.7
2732,6.1
2733,112.1
2734,355.4
2735,666.5
2736,-0.7
2737,121.5
2738,616.3
2739,56.6
2740,392.1
2741,87.6
2742,926.2
2743,10.8
2744,49.5
2745,46.4
2746,29.9
2747,84.2
2748,788.5
2749,70.3
2750,6.7
2751,91.1
2752,217.4
2753,9.7
2754,159.0
2755,82.9
2756,1277.9
2757,40.1
2758,3.2
2759,216.9
2760,41.8
2761,1061.2
2762,165.3
2763,2.2
2764,11.4
2765,19.1
2766,221.8
2767,362.4
2768,85.6
2769,11.4
2770,140.3
2771,7.5
2772,18.5
2773,11.4
2774,558.6
2775,3269.4
2776,255.7
2777,92.9
2778,1387.5
2779,130.1
2780,32.6
2781,39.9
2782,30.1
2783,22.4
2784,1723.9
2785,118.0
2786,77.4
2787,77.8
2788,42.2
2789,6.9
2790,14.0
2791,59.7
2792,35.0
2793,256.1
2794,198.0
2795,193.7
2796,30.1
2797,69.9
2798,50.5
2799,108.8
2800,242.2
2801,52.4
2802,163.5
2803,226.3
2804,71.3
2805,8.3
2806,174.7
2807,132.3
2808,644.9
2809,10.3
2810,10.1
2811,26.5
2812,35.4
2813,26.5
2814,105.6
2815,487.0
2816,13.6
2817,483.1
2818,1186.1
2819,101.3
2820,1767.4
2821,283.8
2822,26.7
2823,1524.4
2824,652.2
2825,92.5
2826,78.7
2827,5.4
2828,2.6
2829,294.9
2830,511.1
2831,669.1
2832,7.1
2833,38.1
2834,164.9
2835,256.7
2836,1.0
2837,867.0
2838,80.7
2839,321.4
2840,14.6
2841,67.0
2842,9.1
2843,391.7
2844,405.6
2845,1292.2
2846,2091.7
2847,51.7
2848,19.9
2849,1497.8
2850,1065.9
2851,23.6
2852,335.6
2853,1263.6
2854,411.3
2855,119.5
2856,1124.7
2857,24.4
2858,230.0
2859,11.4
2860,92.5
2861,25.6
2862,189.0
2863,8.5
2864,11.2
2865,155.6
2867,23.2
2868,-18.0
2869,32.2
2870,80.7
2871,233.7
2872,129.0
2873,4.4
2874,3.4
2875,48.3
2876,95.6
2877,102.9
2878,11.6
2879,50.9
2880,58.3
2881,135.4
2882,17.9
2883,11.8
2884,27.7
2885,842.1
2886,644.7
2887,39.1
2888,11.2
2889,1020.0
2890,135.0
2891,141.1
2892,16.5
2893,518.2
2894,14.2
2895,36.2
2896,3.6
2897,15.8
2898,293.2
2899,161.7
2900,373.8
2901,487.6
2902,260.2
2903,13.0
2904,5.0
2905,28.1
2906,598.6
2907,172.9
2908,49.9
2909,321.6
2910,150.7
2911,18.9
2912,153.9
2913,135.6
2914,11.8
2915,43.0
2916,605.7
2917,22.0
2918,892.5
2919,65.2
2920,111.5
2921,36.0
2922,27.3
2923,117.0
2924,434.4
2925,34.4
2926,51.1
2927,198.0
2928,18.7
2929,517.2
2930,1781.9
2931,123.9
2932,9.7
2933,331.6
2934,16.3
2935,869.5
2936,9.7
2937,9.7
2938,5.4
2939,132.1
2940,369.5
2941,8.7
2942,234.1
2943,7.1
2944,20.5
2945,20.5
2946,270.8
2947,4.4
2948,2216.1
2949,27.7
2950,36.4
2951,75.0
2952,1952.3
2953,346.9
2954,1400.1
2955,37.9
2956,76.6
2957,54.8
2958,928.0
2959,13.8
2960,33.6
2961,42.4
2962,94.6
2963,197.2
2964,35.2
2965,85.4
2966,22.4
2967,108.8
2968,36.9
2969,796.6
2970,328.1
2971,5.0
2972,68.7
2973,143.9
2974,1.4
2975,150.7
2976,9.9
2978,160.7
2979,1.6
2980,266.5
2981,50.5
2982,76.6
2983,51.5
2984,547.6
2985,106.0
2986,168.8
2987,41.1
2988,63.2
2989,0.8
2990,82.7
2991,161.5
2992,7.5
2993,48.7
2994,62.6
2995,58.7
2996,28.7
2998,218.8
2999,16.1
3000,83.4
3001,126.8
3002,168.0
3003,453.5
3004,353.0
3005,145.2
3006,952.7
3007,-1.1
3008,355.2
3009,1723.5
3010,51.5
3011,82.3
3012,379.7
3013,12.0
3014,223.1
3016,14.2
3017,909.3
3018,2.6
3019,156.0
3020,2.2
3021,2.0
3022,7.7
3023,806.8
3024,9.5
3025,3.2
3026,96.0
3027,6.7
3028,47.1
3029,8.1
3030,122.5
3031,42.0
3032,456.0
3033,906.8
3034,212.9
3035,41.5
3036,460.5
3037,619.0
3038,180.0
3040,87.8
3041,457.8
3042,883.8
3043,296.9
3044,222.7
3045,142.1
3046,17.1
3047,285.3
3048,5.0
3049,927.4
3050,157.8
3051,62.8
3052,45.4
3053,44.2
3054,-6.8
3055,458.2
3056,6.1
3057,10.5
3058,96.8
3059,23.4
3060,4.2
3061,59.9
3062,104.0
3063,1348.9
3064,10.3
3065,25.2
3066,57.3
3067,166.8
3068,592.9
3069,-3.3
3070,41.8
3071,30.9
3072,388.9
3073,64.8
3074,11.0
3075,27.1
3076,271.8
3077,44.6
3078,86.0
3079,119.9
3081,146.2
3082,147.8
3083,707.1
3084,3.2
3085,116.8
3086,68.3
3087,75.8
3088,1.2
3089,34.0
3090,52.8
3091,187.6
3092,48.9
3093,3.4
3094,195.5
3095,415.4
3096,4.4
3097,12.4
3098,-16.6
3099,44.8
3100,1313.8
3101,38.7
3102,1841.1
3103,213.9
3104,253.2
3105,45.8
3106,75.8
3107,163.5
3108,1143.5
3109,41.5
3110,130.7
3111,396.6
3112,74.2
3113,43.6
3114,1150.4
3115,149.2
3117,2.8
3118,1604.8
3119,4.0
3120,4.2
3121,94.8
3122,63.0
3123,555.5
3124,153.1
3125,3857.6
3126,6.7
3127,50.3
3128,169.0
3130,65.8
3131,1993.1
3132,180.0
3133,1005.7
3134,136.0
3135,317.1
3136,3708.2
3137,168.0
3138,110.1
3139,72.1
3140,49.1
3141,4.4
3142,4.4
3143,12.0
3144,20.3
3145,380.9
3146,1085.5
3147,56.4
3148,44.4
3149,90.9
3150,173.9
3151,121.3
3153,213.5
3154,273.2
3155,147.2
3156,11.2
3157,35.2
3158,180.2
3159,891.7
3160,1380.1
3161,528.6
3162,386.2
3163,49.1
3164,110.1
3165,136.8
3166,65.0
3167,459.3
3168,373.2
3169,172.9
3170,860.3
3171,11.6
3172,314.8
3173,31.1
3174,22.4
3175,45.4
3176,8.9
3177,40.3
3178,1929.4
3179,744.8
3180,75.0
3181,4.4
3182,296.9
3183,89.3
3184,221.6
3185,107.6
3186,145.6
3187,22.8
3188,85.8
3189,223.1
3190,42.0
3191,85.8
3192,1409.7
3193,7.9
3194,130.1
3195,354.4
3196,4.2
3197,14.8
3198,1.4
3199,37.7
3200,1601.9
3201,234.9
3202,58.9
3203,92.5
3205,16.9
3206,87.6
3207,441.5
3208,42.2
3209,419.5
3210,25.4
3211,62.6
3212,133.1
3213,141.9
3214,34.2
3215,487.0
3216,11.0
3217,404.6
3218,187.2
3219,-4.3
3220,8.7
3221,207.2
3222,1427.0
3224,1278.1
3225,242.0
3226,5.2
3227,69.7
3228,28.1
3229,78.7
3230,-1.9
3231,1521.1
3232,393.0
3233,187.0
3234,363.6
3235,5.9
3236,182.7
3237,113.7
3238,233.7
3239,77.2
3240,100.3
3241,984.9
3242,695.3
3243,13.2
3244,-0.3
3245,28.1
3246,44.2
3247,9.1
3248,1286.7
3250,84.4
3251,44.2
3252,382.6
3253,42.4
3254,23.8
3255,170.9
3256,52.2
3257,1375.2
3258,28.7
3259,14.0
3260,144.3
3261,25.8
3262,943.3
3263,48.5
3264,104.6
3265,383.6
3266,8.5
3267,2.8
3268,171.7
3269,70.5
3270,1511.1
3271,8.7
3272,179.0
3273,10.5
3274,180.6
3275,25.2
3276,653.0
3277,47.1
3278,27.7
3279,23.0
3280,1840.0
3281,44.6
3282,609.2
3283,25.4
3284,1934.9
3285,5.2
3286,23.4
3287,55.4
3288,146.0
3289,32.2
3290,415.8
3291,6.5
3292,-14.1
3293,-0.3
3294,2653.1
3295,391.1
3296,197.6
3297,65.6
3298,0.3
3299,21.2
3300,461.3
3301,38.5
3302,6.9
3303,339.1
3304,66.0
3305,68.3
3306,276.1
3307,264.5
3308,189.0
3309,64.4
3310,96.2
3311,379.7
3312,31.1
3313,17.5
3314,21.2
3315,18.9
3316,162.5
3317,404.8
3318,827.0
3319,417.6
3320,424.4
3321,151.7
3322,80.5
3323,401.5
3324,163.7
3325,543.9
3326,286.1
3327,17.3
3328,33.2
3329,23.0
3330,56.4
3331,530.4
3332,57.3
3333,255.3
3334,57.3
3335,326.5
3336,27.3
3337,1663.5
3338,48.9
3339,126.6
3340,9.3
3341,2.2
3342,827.4
3343,8.7
3344,263.7
3345,99.5
3346,13.0
3347,5.4
3348,46.4
3349,1117.1
3350,432.5
3351,22.2
3352,48.9
3353,51.9
3354,12.4
3355,2.8
3356,190.8
3357,34.6
3358,830.3
3359,382.4
3361,47.1
3362,34.8
3363,109.3
3364,36.9
3365,172.7
3366,275.5
3367,424.0
3368,-1.3
3369,1905.7
3370,229.0
3371,1120.2
3372,4.4
3373,80.7
3374,188.6
3375,498.2
3376,366.2
3377,1160.4
3378,67.2
3379,28.5
3380,105.0
3381,202.7
3382,139.6
3383,1296.5
3384,12.4
3385,11.6
3386,-22.5
3387,6.9
3388,97.8
3389,145.6
3390,65.2
3391,11.4
3392,9.3
3393,14.6
3394,856.0
3395,4.2
3396,67.2
3397,141.9
3398,385.2
3399,61.5
3400,2426.2
3401,61.5
3402,879.7
3403,54.6
3404,27.5
3405,239.0
3406,13.0
3407,183.1
3408,6.3
3409,12.6
3410,417.0
3411,147.2
3412,28.5
3413,42.4
3414,6.3
3415,19.3
3416,16.3
3417,98.9
3418,87.8
3420,54.0
3421,-4.1
3422,1058.2
3423,139.8
3424,36.2
3425,64.8
3426,90.3
3427,61.9
3428,66.0
3429,18.9
3430,6.7
3431,22.2
3432,1209.8
3433,641.0
3434,9.7
3435,6.5
3436,6.9
3437,28.1
3438,105.8
3439,146.8
3440,1870.4
3441,128.2
3442,46.8
3443,2.4
3444,155.3
3445,295.3
3446,427.4
3447,89.9
3448,74.8
3449,8.7
3450,213.9
3451,1422.4
3452,0.8
3453,122.3
3454,6.3
3455,83.6
3456,33.6
3457,78.1
3458,5.7
3459,157.6
3460,41.1
3461,128.2
3462,-0.3
3463,58.1
3464,367.9
3466,73.4
3467,155.1
3468,67.7
3469,68.1
3470,47.9
3471,175.1
3472,11.2
3473,12.0
3474,41.1
3475,5.2
3476,8.1
3477,-20.5
3478,35.4
3480,166.8
3481,5.4
3482,48.1
3483,191.0
3484,491.9
3485,395.6
3486,827.9
3487,10.5
3488,75.6
3489,159.4
3490,11.6
3491,129.7
3492,43.4
3493,35.6
3494,123.7
3495,6.9
3496,91.9
3497,91.5
3498,520.0
3499,75.6
3500,621.2
3501,717.9
3502,721.8
3503,142.3
3504,9.9
3505,149.8
3506,5.9
3507,11.0
3508,25.4
3509,178.4
3510,214.9
3511,58.1
3512,22.8
3513,67.9
3514,17.7
3515,94.4
3516,10.3
3517,71.7
3518,3.6
3519,285.3
3520,42.0
3521,73.0
3522,36.4
3523,-6.2
3524,12.6
3525,208.0
3526,7.5
3527,666.3
3528,158.0
3529,256.7
3530,9.1
3531,465.4
3532,11.0
3533,2.2
3534,122.9
3535,1011.5
3536,111.5
3537,33.2
3538,23.0
3539,22.4
3540,47.3
3541,6.7
3542,32.8
3543,97.0
3544,452.5
3545,1107.3
3546,1757.8
3547,21.8
3548,2656.6
3549,72.5
3550,6.1
3551,62.6
3552,9.5
3553,222.0
3554,39.9
3555,24.0
3556,21.2
3557,92.1
3558,3.0
3559,877.0
3560,620.0
3561,528.8
3562,48.1
3563,35.0
3564,6.3
3565,50.5
3566,58.5
3567,48.5
3568,2.8
3569,67.9
3570,981.9
3571,158.8
3572,10.3
3573,1936.0
3574,301.8
3575,3.4
3576,234.1
3577,105.4
3578,7.7
3579,218.0
3580,625.9
3581,373.8
3582,765.4
3583,1602.9
3584,10.3
3585,640.4
3586,590.2
3587,20.3
3588,491.7
3589,7.3
3590,72.8
3591,1033.3
3592,1869.6
3593,461.5
3594,45.4
3595,1387.5
3596,12.8
3597,130.3
3598,1071.4
3599,78.5
3600,1823.9
3601,2.0
3602,830.1
3603,96.6
3604,1163.2
3605,29.9
3606,22.0
3607,71.9
3608,7.7
3609,215.9
3610,491.9
3611,57.9
3612,25.0
3613,43.2
3614,532.5
3615,10.3
3616,952.3
3617,202.3
3618,1520.7
3619,-62.3
3620,937.0
3621,49.3
3622,48.1
3623,172.1
3624,11.2
3625,387.3
3626,436.6
3627,155.6
3628,1.4
3629,321.6
3630,23.4
3631,508.0
3632,303.2
3633,276.1
3634,9.5
3635,1.4
3636,233.1
3637,224.9
3638,20.5
3639,630.2
3640,274.1
3641,207.8
3642,23.6
3643,999.6
3644,136.6
3645,310.0
3646,94.6
3647,16.5
3648,1690.5
3649,43.6
3650,215.1
3651,145.4
3652,282.2
3653,178.0
3654,208.4
3655,1572.3
3656,68.3
3657,136.0
3658,396.4
3659,86.4
3660,198.8
3661,110.7
3662,112.7
3663,1017.4
3664,43.4
3665,70.3
3666,245.5
3667,72.5
3668,193.3
3669,79.9
3670,1400.7
3671,253.9
3672,32.2
3673,49.9
3674,699.1
3675,119.9
3676,146.8
3677,531.3
3678,41.3
3679,14.6
3680,20.5
3681,198.2
3682,54.4
3683,5.7
3684,10.5
3685,2134.1
3686,205.9
3687,54.0
3688,74.8
3689,134.3
3690,32.0
3691,111.1
3692,2060.6
3693,175.5
3694,95.6
3695,46.2
3696,226.9
3697,19.9
3698,49.3
3699,253.9
3700,1184.1
3701,1320.7
3702,142.7
3703,10.3
3704,42.8
3705,74.0
3706,73.4
3707,340.7
3708,685.5
3709,655.5
3710,-2.5
3711,1086.9
3712,766.7
3713,117.2
3714,28.5
3715,25.4
3716,485.8
3717,2282.5
3718,716.5
3719,247.1
3720,3.0
3721,4.8
3722,148.2
3723,71.7
3724,85.4
3725,1010.4
3726,208.4
3727,1946.2
3728,138.0
3729,40.1
3730,179.8
3731,57.7
3732,2344.7
3733,41.8
3734,138.6
3735,2601.5
3736,38.7
3737,1687.2
3738,18.7
3739,1924.3
3740,304.4
3741,7.9
3742,898.8
3743,15.4
3744,19.7
3745,35.2
3746,67.0
3747,1095.5
3748,6.7
3749,50.1
3750,74.8
3751,666.9
3752,1.0
3753,18.9
3754,279.4
3755,7.9
3756,7.3
3757,50.1
3758,19.7
3759,15.8
3760,4.6
3762,66.0
3763,408.1
3764,45.6
3765,86.2
3766,421.5
3767,764.2
3768,24.4
3769,258.1
3770,253.2
3771,1313.2
3772,98.7
3773,230.2
3774,73.6
3775,4.2
3776,279.6
3777,77.8
3778,885.4
3779,527.4
3780,53.2
3781,323.4
3782,232.9
3783,1.0
3784,228.6
3785,35.2
3786,7.9
3787,56.6
3788,98.4
3789,281.6
3790,35.8
3791,645.5
3792,157.8
3793,34.6
3794,124.3
3795,5.7
3796,17.7
3797,11.0
3798,95.6
3799,99.3
3800,346.3
3801,295.7
3802,24.6
3803,160.7
3804,244.7
3805,51.5
3806,313.8
3807,157.2
3808,1847.2
3809,46.4
3810,430.9
3811,130.3
3812,34.0
3813,4.6
3814,392.8
3815,216.7
3816,11.4
3817,53.4
3818,523.1
3819,6.1
3820,43.8
3821,38.1
3822,60.1
3823,390.3
3824,8.5
3825,0.3
3826,32.8
3827,10.8
3828,72.1
3829,529.2
3830,599.2
3831,385.6
3832,31.1
3833,418.1
3834,1730.7
3835,125.0
3836,17.7
3837,253.5
3839,161.9
3840,5.4
3841,2447.0
3842,290.8
3843,293.0
3844,274.3
3845,34.0
3846,1.0
3847,168.4
3848,755.8
3849,63.0
3850,4.6
3851,27.5
3852,1153.0
3853,-14.1
3854,2599.2
3855,12.8
3856,219.6
3857,2.6
3858,2.6
3859,918.8
3860,15.8
3861,64.6
3862,49.5
3863,25.6
3864,139.2
3865,4.2
3866,54.0
3867,237.7
3868,500.5
3869,400.5
3870,59.3
3871,7.9
3872,774.4
3873,3.8
3874,18.9
3875,13.2
3876,15.4
3877,50.5
3878,42.0
3879,240.6
3880,10.5
3881,10.8
3882,8.9
3883,14.8
3884,193.7
3885,5.0
3886,1436.6
3887,35.4
3888,473.1
3889,903.5
3890,2.2
3891,2.6
3892,37.9
3893,156.2
3894,154.1
3895,236.1
3896,8.1
3897,1409.3
3898,45.6
3899,11.8
3900,612.0
3901,237.1
3902,102.7
3903,362.4
3904,5.7
3905,3.2
3906,108.2
3907,112.7
3908,3.4
3909,1407.1
3910,13.4
3911,169.0
3912,43.8
3913,12.0
3914,2822.3
3915,1123.7
3916,44.0
3917,22.0
3918,2.4
3919,24.8
3920,3.4
3921,11.2
3922,222.0
3923,6.3
3924,3.2
3925,49.3
3926,72.1
3927,122.3
3928,236.5
3929,23.2
3930,1565.0
3931,155.1
3932,30.3
3933,1174.1
3934,279.4
3935,757.1
3936,325.9
3937,341.6
3938,49.3
3939,50.3
3940,-32.5
3941,14.2
3942,315.5
3943,232.4
3944,-41.1
3946,-14.5
3947,35.4
3948,347.3
3949,4.8
3950,1774.3
3951,204.9
3952,316.1
3953,-6.8
3954,188.2
3955,40.3
3956,99.1
3957,194.9
3959,88.7
3960,170.2
3962,294.9
3963,212.9
3964,70.5
3965,1430.5
3966,612.2
3967,1632.7
3968,415.8
3969,69.1
3970,9.1
3971,188.4
3972,42.2
3973,191.7
3974,233.1
3975,52.8
3976,2205.1
3977,8.3
3978,419.9
3979,60.7
3980,94.2
3981,-18.2
3982,239.4
3983,121.7
3984,140.9
3985,55.6
3986,41.1
3987,244.9
3988,281.6
3989,1021.0
3990,552.7
3991,504.7
3992,40.9
3993,535.1
3994,55.8
3995,21.4
3996,4.4
3997,244.9
3998,115.8
3999,174.5
4000,74.4
4001,1066.7
4002,11.2
4003,149.0
4004,56.8
4005,52.8
4006,91.1
4008,3.4
4009,78.7
4010,501.3
4011,612.6
4012,4.2
4013,174.1
4014,25.0
4015,508.6
4016,1137.1
4017,78.3
4018,7.1
4019,91.3
4020,604.9
4021,1064.3
4022,-1.1
4023,14.6
4024,20.5
4025,88.7
4026,108.6
4028,227.1
4029,47.3
4030,-4.7
4031,3.4
4032,15.6
4033,75.0
4034,11.0
4035,47.7
4036,31.6
4037,1432.6
4038,51.9
4039,45.8
4040,106.8
4041,28.3
4042,162.3
4043,29.7
4044,238.8
4045,162.9
4046,181.7
4047,288.1
4048,286.1
4049,5.4
4050,63.0
4051,6.9
4052,20.7
4053,68.1
4054,1953.3
4055,43.0
4056,1233.0
4058,190.6
4059,2556.4
4060,25.2
4061,778.5
4062,200.2
4063,5.9
4064,212.3
4065,41.1
4066,17.1
4067,748.9
4068,33.2
4069,100.3
4070,112.5
4071,12.2
4072,465.0
4073,38.3
4074,16.3
4075,785.2
4076,66.6
4077,8.1
4078,2.4
4079,20.1
4081,161.3
4082,1600.7
4083,465.8
4084,54.4
4085,5.4
4086,-0.3
4087,18.7
4088,317.3
4089,-0.9
4090,419.7
4091,119.7
4092,-2.7
4093,61.9
4094,388.9
4095,1145.3
4096,211.0
4097,2.8
4098,6.3
4099,129.0
4100,356.9
4101,-20.0
4102,27.5
4103,14.4
4104,187.2
4105,200.0
4106,61.7
4108,1316.3
4109,24.2
4110,13.2
4111,108.2
4112,141.9
4113,246.9
4114,55.6
4115,55.6
4116,183.9
4117,81.9
4118,162.1
4119,37.1
4120,827.7
4121,9.5
4122,112.3
4123,50.3
4124,27.9
4125,145.4
4126,40.5
4127,24.8
4128,200.8
4129,54.4
4130,106.0
4131,394.8
4132,275.5
4133,68.7
4134,145.2
4135,595.9
4136,433.6
4137,160.2
4138,224.3
4139,146.4
4140,236.1
4141,24.6
4142,74.8
4143,64.0
4144,198.4
4145,583.5
4146,7.7
4147,58.5
4148,-1.7
4149,599.2
4150,357.5
4151,88.9
4152,26.3
4153,34.4
4154,233.7
4155,666.3
4156,1130.2
4157,1122.2
4158,5.7
4159,45.4
4160,24.4
4161,1307.1
4162,1290.3
4163,-17.6
4164,29.3
4165,188.0
4166,175.7
4167,80.5
4169,428.3
4170,1160.4
4171,4.6
4172,102.5
4173,6.1
4174,0.3
4175,20.1
4176,1112.9
4177,7.7
4178,2.6
4179,46.2
4180,27.3
4181,2.2
4182,30.1
4183,77.0
4184,1355.2
4185,1563.1
4186,368.5
4187,37.1
4188,1157.7
4189,254.1
4190,18.9
4191,25.0
4192,892.3
4193,49.7
4194,2.8
4195,1642.5
4196,490.1
4197,-0.7
4198,54.0
4199,1010.6
4200,427.2
4201,23.6
4202,166.4
4203,177.6
4204,740.7
4205,42.4
4206,51.1
4207,48.5
4208,4.4
4209,1425.6
4210,297.1
4211,0.8
4212,7.5
4213,393.0
4214,4.4
4215,2.8
4216,1637.8
4217,24.2
4218,347.5
4219,34.6
4220,11.4
4221,210.8
4222,44.0
4223,380.9
4224,194.1
4225,19.5
4226,132.7
4227,135.2
4228,387.0
4229,1.4
4230,49.1
4231,153.5
4232,87.0
4233,61.3
4234,305.3
4235,4.6
4236,216.3
4237,752.6
4238,181.3
4239,3.4
4240,118.0
4241,3.2
4242,298.7
4243,6.9
4244,395.4
4245,32.8
4246,14.4
4247,345.0
4248,835.6
4249,40.7
4250,57.9
4251,21.4
4252,815.8
4253,171.7
4254,34.6
4255,8.5
4256,646.9
4257,129.0
4258,132.7
4259,184.3
4260,182.1
4261,151.1
4262,1160.4
4263,1520.1
4264,274.7
4265,83.2
4266,176.8
4267,12.4
4268,14.6
4269,37.7
4270,62.3
4271,742.8
4272,130.7
4273,47.9
4274,40.7
4275,183.9
4276,498.4
4277,178.6
4278,387.9
4279,3.4
4280,973.1
4281,124.1
4282,262.0
4283,1038.4
4284,347.3
4285,96.8
4286,33.6
4287,7.7
4288,18.5
4289,158.8
4290,197.6
4291,0.8
4292,1093.7
4293,-5.4
4294,478.8
4295,13.2
4296,437.4
4297,2123.9
4298,25.6
4299,66.2
4300,46.2
4301,129.9
4302,393.4
4303,76.2
4304,528.6
4305,132.9
4306,232.0
4307,79.5
4308,1.0
4309,1379.5
4310,7.1
4311,7.5
4312,92.9
4313,34.0
4314,1.6
4315,524.7
4316,62.6
4317,1883.5
4318,101.9
4319,14.8
4320,839.5
4321,166.8
4322,3.6
4323,174.3
4324,0.3
4325,71.7
4326,218.8
4327,1214.7
4328,678.7
4329,5.0
4330,2308.2
4331,92.1
4332,350.1
4333,7.3
4334,356.7
4335,89.5
4336,620.4
4337,37.3
4338,2395.7
4339,160.0
4340,1963.7
4341,93.3
4342,1266.1
4343,19.7
4344,-2.9
4345,47.7
4346,80.9
4347,40.9
4348,92.9
4349,740.5
4350,425.4
4351,241.0
4352,187.2
4353,1568.2
4354,51.7
4355,162.5
4356,1771.7
4357,199.0
4358,42.8
4359,139.4
4360,598.8
4361,55.6
4362,51.7
4363,492.7
4364,57.9
4365,178.6
4366,14.8
4367,88.0
4368,0.8
4369,4.4
4370,746.5
4371,261.8
4372,293.4
4373,1781.7
4374,1696.6
4375,90.9
4376,-3.9
4377,873.8
4378,33.2
4379,223.9
4380,18.3
4381,464.6
4382,459.9
4383,1355.0
4384,555.7
4385,124.3
4386,624.3
4387,59.3
4388,0.3
4389,298.3
4390,148.2
4391,31.1
4392,243.9
4393,144.7
4395,472.5
4396,550.6
4397,153.7
4398,681.2
4399,910.5
4400,487.2
4401,1809.0
4402,2036.4
4403,29.1
4404,6.3
4405,47.1
4406,248.2
4407,743.0
4408,332.8
4409,118.8
4410,248.6
4411,1612.3
4412,860.9
4413,81.3
4414,7.5
4415,75.4
4416,1186.1
4417,1350.7
4418,893.1
4419,35.8
4420,22.6
4421,147.6
4422,102.9
4423,91.9
4424,234.7
4425,104.2
4426,82.9
4427,1802.5
4428,38.1
4429,126.6
4430,61.9
4431,13.0
4432,1.6
4433,48.9
4434,57.3
4435,109.9
4436,380.3
4437,61.9
4438,527.6
4439,711.8
4440,3.8
4441,1445.4
4442,273.2
4443,335.6
4444,141.5
4445,82.1
4446,201.9
4447,26.7
4448,197.2
4449,238.4
4450,90.9
4451,43.6
4452,1224.2
4454,1620.1
4455,242.4
4456,275.7
4457,1638.0
4458,53.2
4459,49.5
4460,50.3
4461,95.0
4462,652.2
4463,36.9
4464,51.3
4465,40.5
4466,59.3
4467,17.1
4468,1082.7
4469,-7.2
4470,15.8
4471,6.5
4472,85.8
4473,139.8
4474,109.9
4475,86.8
4476,-1.3
4477,68.7
4478,78.1
4479,4.4
4480,174.5
4481,193.7
4482,43.8
4483,24.8
4484,1176.1
4485,622.4
4486,37.5
4487,50.3
4489,20.3
4490,2252.1
4491,18.3
4493,36.2
4494,849.1
4495,150.0
4496,43.4
4497,131.9
4498,1447.0
4499,289.1
4500,96.6
4501,312.6
4502,95.6
4503,1640.9
4504,-4.3
4505,71.5
4506,7.3
4507,366.7
4508,537.0
4509,64.2
4510,30.1
4511,222.7
4512,198.8
4513,173.9
4514,9.1
4515,537.4
4516,12.0
4517,46.8
4518,228.2
4519,1.8
4520,166.4
4521,58.7
4522,357.5
4523,908.8
4524,354.8
4525,6.7
4526,56.0
4527,5.7
4528,10.5
4529,56.0
4530,81.5
4531,506.8
4532,19.9
4533,-1.1
4534,55.6
4535,205.1
4536,7.9
4537,22.0
4538,1777.4
4539,161.7
4540,225.7
4541,23.6
4542,70.3
4543,132.9
4544,1118.6
4545,55.0
4546,466.8
4547,904.2
4548,698.3
4549,684.7
4550,46.4
4551,237.5
4552,11.4
4553,29.5
4554,12.2
4555,95.0
4556,226.5
4557,615.3
4558,28.3
4559,76.2
4560,96.2
4561,218.6
4562,105.8
4563,5.0
4564,2007.2
4565,1532.1
4566,17.5
4567,63.4
4568,6.1
4569,45.0
4570,332.8
4571,43.4
4572,4.2
4573,34.4
4574,101.5
4575,158.0
4576,360.3
4577,418.1
4578,37.7
4579,192.7
4580,68.1
4581,616.5
4582,812.6
4583,37.1
4584,40.5
4585,16.9
4586,64.2
4587,54.6
4588,69.5
4589,157.4
4590,259.8
4591,242.0
4592,168.4
4593,131.3
4594,167.0
4595,201.0
4596,28.7
4597,270.4
4598,55.4
4599,133.1
4600,43.8
4601,8.5
4602,13.0
4603,746.1
4604,1288.1
4605,286.7
4606,75.6
4607,32.4
4608,206.1
4609,364.0
4610,1.0
4611,44.0
4612,416.8
4613,34.6
4614,12.0
4615,-5.6
4617,59.3
4618,280.0
4619,130.1
4620,168.6
4621,1555.8
4622,724.2
4623,68.3
4624,161.3
4625,1756.0
4626,406.0
4627,73.2
4628,224.1
4629,131.5
4630,24.4
4631,144.5
4632,286.3
4633,27.7
4634,354.8
4635,93.6
4636,184.1
4637,7.9
4638,703.8
4639,589.4
4640,26.3
4641,52.2
4642,141.5
4643,226.9
4644,353.2
4645,12.0
4646,26.9
4647,195.3
4648,74.2
4649,90.1
4650,716.7
4651,-9.4
4652,98.4
4653,49.5
4654,63.2
4655,3.0
4656,283.8
4657,167.6
4658,23.2
4659,1274.6
4660,133.3
4661,162.7
4662,307.5
4663,117.4
4664,42.2
4665,5.9
4666,152.1
4667,74.4
4668,99.1
4670,1246.3
4671,39.7
4672,246.5
4673,5.9
4674,120.9
4675,849.9
4676,603.9
4677,200.0
4678,127.6
4679,11.6
4680,338.9
4682,72.1
4683,129.4
4684,382.4
4685,188.6
4686,440.9
4687,56.2
4688,-23.9
4689,18.9
4690,96.8
4691,18.9
4692,150.9
4693,138.8
4694,1496.4
4695,962.3
4697,208.6
4698,569.8
4699,78.5
4700,62.8
4701,33.4
4702,32.4
4703,2125.7
4704,776.2
4705,255.3
4706,6.3
4707,122.3
4708,18.1
4709,1799.0
4710,362.8
4711,77.6
4712,2022.5
4713,-44.3
4714,504.7
4715,6.5
4716,61.3
4717,50.1
4718,44.2
4719,194.5
4720,207.4
4721,18.7
4722,109.9
4723,80.5
4724,33.0
4725,391.7
4726,-8.4
4727,2945.2
4728,23.6
4729,4.8
4730,1375.2
4731,241.2
4732,64.4
4733,39.1
4734,590.4
4735,492.3
4736,172.9
4737,2655.6
4738,373.4
4739,548.6
4740,126.2
4741,279.8
4742,1388.9
4743,699.5
4744,27.3
4745,69.1
4746,13.4
4747,1752.5
4748,82.3
4749,108.2
4750,41.1
4751,72.1
4752,155.1
4753,6.1
4754,198.8
4755,252.4
4756,30.7
4757,79.3
4758,1502.1
4759,213.1
4760,179.4
4761,189.2
4762,96.2
4763,55.0
4764,29.3
4765,20.3
4766,38.1
4767,193.1
4768,69.3
4769,100.3
4770,459.5
4771,1170.0
4772,33.8
4773,94.4
4774,866.4
4775,508.4
4776,272.8
4777,1269.5
4778,101.1
4779,42.8
4780,2024.1
4781,260.0
4782,-8.6
4783,85.8
4784,1.4
4785,195.3
4786,851.5
4787,233.7
4788,116.0
4789,157.2
4790,89.9
4791,66.2
4792,162.1
4793,19.3
4794,134.5
4795,25.6
4796,27.1
4797,11.0
4798,157.4
4799,65.4
4800,569.2
4801,935.6
4802,11.4
4803,1.8
4804,37.1
4805,0.6
4806,50.7
4807,708.5
4808,935.4
4809,172.3
4810,33.4
4811,12.8
4812,2688.8
4813,1651.9
4814,8.7
4815,3.2
4816,80.1
4817,117.6
4818,140.1
4819,184.9
4820,24.8
4821,-9.2
4822,147.2
4823,98.7
4824,1066.5
4826,243.3
4827,1545.8
4828,64.4
4829,0.8
4830,66.2
4831,-18.0
4832,28.1
4833,133.3
4834,817.0
4835,-3.3
4836,2009.6
4837,42.2
4838,10.8
4839,66.8
4840,637.9
4841,82.3
4842,212.5
4843,60.1
4844,5.9
4845,368.5
4846,202.5
4847,4.6
4848,1150.2
4849,66.8
4850,6.1
4851,65.6
4852,47.5
4853,1883.5
4854,451.3
4855,117.2
4856,1314.2
4857,177.8
4858,1065.1
4859,5.0
4860,5.7
4861,25.4
4862,74.2
4863,163.3
4864,730.5
4865,62.3
4866,18.1
4867,574.7
4868,112.9
4869,33.2
4870,221.8
4871,898.2
4872,286.5
4873,286.5
4874,110.3
4875,161.1
4876,147.2
4877,12.0
4878,8.5
4879,-5.8
4880,18.3
4881,340.5
4882,6.1
4883,295.1
4884,79.1
4885,445.8
4886,36.2
4887,66.0
4888,602.9
4889,-19.4
4890,57.9
4891,35.8
4892,6.3
4893,173.1
4894,64.8
4895,1683.1
4896,27.9
4897,2.8
4898,28.9
4900,414.0
4901,1598.4
4902,794.4
4903,26.5
4904,70.1
4905,41.5
4906,11.8
4907,2.0
4908,9.9
4909,214.1
4910,0.3
4911,104.2
4912,261.2
4913,192.5
4914,21.8
4915,142.3
4916,228.4
4917,4.4
4918,-0.9
4919,184.9
4920,334.0
4921,62.3
4922,184.7
4923,857.0
4924,38.3
4925,37.7
4926,3.6
4927,838.9
4928,667.9
4929,468.8
4930,1283.6
4931,1942.1
4932,9.5
4933,39.5
4934,809.7
4935,772.2
4936,1710.3
4937,13.6
4938,2888.9
4939,1592.9
4940,980.9
4941,44.8
4942,48.3
4943,32.2
4944,2428.2
4945,384.8
4946,25.6
4947,22.4
4948,11.2
4949,501.1
4950,36.0
4951,814.4
4952,74.8
4953,30.3
4954,72.1
4955,34.4
4956,51.7
4957,23.6
4958,145.8
4959,382.2
4960,374.6
4961,29.3
4962,400.3
4963,-8.2
4964,27.5
4965,1994.1
4966,185.9
4967,59.3
4968,98.7
4969,682.0
4970,306.5
4971,54.2
4972,84.4
4973,131.3
4974,273.6
4975,47.3
4976,256.1
4977,24.2
4978,2.0
4979,295.1
4980,178.2
4981,494.1
4982,147.6
4983,30.3
4984,417.6
4985,568.2
4986,213.5
4987,1716.6
4988,2088.8
4989,175.5
4990,59.5
4991,40.5
4992,39.7
4993,1504.4
4994,174.1
4995,3.4
4996,1252.4
4997,147.4
4999,43.4
5000,1342.6
5001,24.8
5002,12.2
5003,58.3
5004,24.6
5005,48.1
5006,88.9
5007,16.1
5008,657.3
5009,301.2
5010,32.6
5011,1199.6
5012,15.8
5013,15.6
5014,27.7
5015,170.2
5016,784.4
5017,58.7
5018,3.4
5019,2092.5
5020,11.4
5021,692.6
5022,0.8
5023,8.1
5024,304.6
5025,46.4
5026,63.0
5027,2741.3
5028,57.0
5029,6.1
5030,198.6
5031,41.3
5033,215.7
5035,129.7
5036,29.5
5037,3.6
5038,71.1
5039,58.1
5040,116.0
5041,32.6
5042,6.3
5043,76.4
5044,75.8
5045,93.8
5046,3.4
5047,48.5
5048,124.8
5050,55.8
5051,31.8
5052,57.7
5053,97.4
5054,1370.7
5055,32.0
5056,5.0
5057,355.6
5058,1126.3
5059,36.0
5060,6.3
5061,1265.5
5062,47.5
5063,2837.0
5064,565.3
5065,67.0
5066,14.4
5067,-2.1
5068,15.0
5069,311.4
5070,12.6
5071,73.2
5072,388.5
5073,63.2
5074,939.2
5075,273.0
5076,7.5
5077,266.5
5078,5.9
5079,12.2
5080,185.9
5081,817.0
5082,7.5
5083,179.0
5084,85.6
5085,26.5
5086,108.4
5087,31.8
5088,12.0
5089,363.4
5091,3.2
5092,325.7
5093,1484.2
5094,2526.2
5095,74.8
5096,89.7
5097,49.5
5098,79.1
5099,8.9
5100,2.0
5101,448.4
5102,15.2
5103,260.8
5105,361.8
5106,-30.9
5107,159.0
5108,-6.6
5109,578.2
5110,36.9
5111,1235.1
5112,119.0
5113,163.3
5115,54.0
5116,646.9
5117,24.6
5118,9.9
5119,4.2
5120,352.2
5121,765.2
5122,1720.1
5123,39.3
5124,2457.4
5125,72.8
5126,565.7
5127,38.1
5128,19.7
5129,30.1
5130,232.0
5131,17.9
5132,577.2
5133,54.4
5134,34.0
5135,1404.2
5136,60.3
5137,181.3
5138,4.4
5139,9.3
5140,7.9
5141,44.8
5142,95.2
5143,364.4
5144,195.7
5145,1831.5
5146,46.4
5147,526.0
5148,366.4
5150,1325.8
5151,461.3
5152,9.5
5153,33.4
5154,-6.4
5155,115.2
5156,218.8
5157,127.0
5158,11.2
5159,18.5
5160,11.6
5161,566.8
5162,1632.7
5163,6.1
5164,78.5
5165,96.0
5166,47.5
5167,366.4
5168,269.4
5169,13.2
5170,37.1
5171,534.5
5172,-1.7
5173,2.2
5174,7.7
5175,18.1
5176,483.7
5177,2.2
5178,55.4
5179,157.6
5180,19.9
5181,117.0
5182,724.6
5183,676.1
5184,70.7
5185,68.5
5186,136.2
5187,308.1
5188,541.0
5189,241.2
5190,71.9
5191,271.0
5192,-51.5
5193,28.5
5194,15.2
5195,113.5
5196,53.8
5197,421.5
5198,218.2
5199,-7.2
5200,395.8
5201,53.4
5202,53.4
5203,96.8
5204,52.2
5205,53.6
5206,609.6
5207,1492.3
5208,1462.1
5209,35.2
5210,72.5
5211,455.2
5212,13.0
5213,89.7
5214,627.7
5215,388.5
5216,276.7
5217,72.8
5218,839.9
5219,-1.5
5220,46.2
5221,34.4
5222,68.3
5223,43.8
5224,690.0
5225,15.6
5226,803.4
5227,54.8
5228,9.1
5229,52.2
5230,3.6
5231,76.4
5232,4.0
5233,138.8
5234,98.7
5235,8.7
5236,92.7
5237,152.3
5238,36.0
5239,252.8
5240,201.4
5241,437.8
5242,28.5
5243,20.9
5244,254.7
5245,639.8
5246,277.9
5247,58.9
5248,1023.7
5249,278.5
5250,1044.1
5251,150.9
5252,5.7
5253,19.1
5254,1438.1
5255,1.4
5256,840.7
5257,106.0
5258,375.8
5259,11.6
5260,37.7
5261,223.1
5262,1791.5
5263,76.4
5264,114.6
5265,3.4
5266,487.6
5267,0.8
5268,106.8
5269,60.3
5270,119.7
5271,25.2
5272,28.5
5273,34.0
5274,2263.7
5275,80.9
5276,30.7
5277,480.5
5278,10.1
5279,536.6
5280,2.8
5281,327.5
5283,5.0
5284,823.4
5285,194.3
5286,11.0
5287,126.2
5289,-7.8
5290,639.0
5291,35.2
5292,97.0
5293,1847.0
5294,1163.4
5295,33.8
5296,147.4
5297,12.8
5298,461.3
5299,33.0
5300,342.6
5301,120.5
5302,16.3
5303,93.1
5304,768.7
5305,16.5
5306,179.4
5307,143.1
5308,848.3
5309,71.5
5310,22.2
5311,29.7
5312,644.7
5313,126.2
5314,183.1
5315,65.2
5316,788.3
5317,471.1
5318,1618.0
5319,686.1
5320,475.6
5321,1762.3
5322,60.3
5323,-29.8
5324,328.5
5325,250.6
5326,410.3
5327,163.1
5328,1400.9
5329,37.1
5330,195.1
5331,393.0
5332,156.8
5333,117.6
5334,79.9
5335,37.9
5336,410.7
5337,2.0
5338,1743.1
5339,1025.3
5340,37.3
5341,7.3
5342,18.5
5343,511.1
5344,25.2
5345,16.5
5346,81.5
5347,216.7
5348,113.1
5349,113.9
5350,3.0
5351,1681.3
5352,70.3
5353,70.7
5354,89.1
5355,6.1
5356,42.0
5357,2017.4
5358,81.3
5359,338.1
5360,97.0
5361,445.8
5362,512.5
5363,54.2
5364,186.4
5365,199.0
5366,5.2
5367,581.8
5368,105.0
5369,194.7
5370,243.5
5371,63.2
5372,296.7
5373,240.8
5374,15.4
5375,90.1
5376,1270.6
5377,-23.7
5378,789.1
5379,396.0
5380,0.6
5381,8.5
5382,19.5
5383,199.4
5384,36.0
5385,65.4
5386,61.1
5387,37.7
5388,50.7
5389,72.8
5390,2300.2
5391,209.0
5392,4.8
5393,9.3
5394,579.4
5395,2.4
5396,1585.0
5397,86.8
5398,13.0
5399,4179.2
5400,5.7
5401,1169.2
5402,168.0
5403,280.0
5404,68.7
5405,469.2
5406,19.5
5407,2334.9
5408,92.7
5409,1021.7
5410,27.5
5411,29.5
5412,30.1
5413,152.5
5414,-5.6
5415,13.8
5416,57.0
5417,1512.9
5418,37.1
5419,151.9
5420,173.5
5421,615.1
5422,16.5
5423,531.7
5424,1198.9
5425,1539.1
5426,60.9
5427,314.2
5428,-55.3
5429,8.9
5430,68.3
5431,114.4
5432,469.0
5433,389.3
5434,10.3
5436,1220.4
5437,369.1
5438,966.2
5439,513.5
5440,76.4
5441,145.4
5442,22.6
5443,251.4
5444,714.6
5445,9.5
5446,3.2
5447,147.8
5448,2669.9
5449,10.8
5450,175.9
5451,16.9
5452,49.3
5453,112.7
5454,17.3
5455,14.4
5456,82.9
5457,34.6
5458,353.4
5459,99.1
5460,0.8
5461,164.3
5462,755.8
5463,62.3
5464,15.2
5465,63.8
5466,222.7
5467,261.0
5468,432.5
5469,139.0
5470,541.0
5471,334.4
5472,228.2
5473,46.6
5474,6.5
5475,482.9
5476,0.8
5477,2230.0
5479,161.5
5480,54.4
5481,199.8
5482,10.3
5483,2292.5
5484,1652.7
5485,105.8
5486,218.0
5487,48.9
5488,251.8
5489,193.3
5490,48.7
5491,14.8
5492,170.2
5493,16.1
5494,1620.9
5495,1964.9
5496,-14.1
5497,23.6
5498,107.6
5499,2.8
5500,43.2
5501,1208.7
5502,33.2
5503,62.1
5504,1260.2
5505,181.7
5506,58.7
5507,46.2
5508,195.9
5509,11.4
5510,7.3
5512,31.3
5513,152.9
5514,438.4
5515,677.5
5516,61.9
5517,143.9
5518,101.1
5519,23.0
5520,233.5
5521,6.5
5522,129.4
5523,37.1
5524,39.1
5525,129.4
5526,6.1
5527,499.0
5528,1.6
5529,430.3
5530,2678.0
5531,436.6
5532,401.1
5533,223.3
5534,11.6
5535,52.2
5536,21.2
5537,3.8
5538,295.7
5539,203.7
5540,5.0
5541,3.6
5542,1387.5
5543,4.2
5544,33.0
5545,128.0
5546,43.2
5547,205.3
5548,74.0
5549,0.6
5550,230.2
5551,130.9
5552,107.0
5553,1646.6
5554,33.8
5555,565.7
5556,1244.9
5557,254.5
5558,968.0
5559,71.9
5560,31.6
5561,505.1
5562,404.8
5563,66.6
5564,20.3
5565,435.8
5566,951.5
5567,171.1
5568,295.7
5569,11.2
5570,576.9
5571,2.2
5572,106.0
5573,63.6
5574,207.6
5575,4.8
5576,122.7
5577,630.6
5578,28.5
5579,8.7
5580,147.4
5581,67.7
5582,1176.1
5583,8.7
5584,594.7
5585,14.8
5586,2.6
5587,258.1
5588,27.3
5589,202.5
5590,1025.7
5591,42.6
5592,57.7
5593,41.1
5594,5.9
5595,38.1
5596,7.7
5597,6.1
5598,44.6
5599,30.9
5601,368.9
5602,575.9
5603,166.8
5604,541.7
5605,4.4
5606,509.2
5607,72.8
5608,43.4
5609,504.9
5610,79.7
5611,1812.5
5612,713.4
5613,-8.2
5614,307.3
5615,378.7
5616,316.5
5617,872.9
5618,97.8
5619,50.7
5620,121.5
5621,13.4
5622,1580.1
5623,191.4
5624,3.2
5625,194.1
5626,1191.2
5627,10.3
5628,64.2
5629,12.6
5631,58.3
5632,986.2
5633,53.2
5634,1271.0
5635,5.0
5636,422.3
5637,889.5
5638,465.4
5639,39.7
5640,2.8
5641,73.6
5642,320.4
5643,1549.1
5644,11.4
5645,424.4
5646,10.3
5648,46.8
5649,64.6
5650,87.0
5651,377.7
5652,173.3
5653,112.5
5654,24.4
5655,360.1
5656,25.6
5657,105.8
5658,10.5
5659,27.3
5660,344.8
5661,2378.4
5662,769.9
5663,2623.3
5664,74.2
5665,30.9
5666,37.7
5667,72.5
5668,2246.4
5669,274.1
5670,297.5
5671,79.5
5672,38.7
5673,30.7
5674,17.7
5675,194.3
5676,221.4
5677,1722.5
5678,359.7
5679,101.7
5680,700.0
5681,230.6
5682,85.0
5683,66.2
5684,74.6
5685,429.3
5686,28.3
5687,249.8
5688,88.9
5689,68.1
5690,107.2
5692,98.4
5694,48.1
5695,46.6
5696,25.2
5697,644.5
5698,1965.1
5699,93.1
5700,452.5
5701,138.6
5702,1266.7
5703,1103.5
5704,119.9
5705,34.0
5706,296.5
5707,6.5
5708,35.6
5709,1049.0
5710,59.7
5711,76.0
5712,73.8
5713,3.0
5714,256.9
5715,42.8
5716,306.3
5717,89.9
5718,12.0
5719,1344.8
5720,47.7
5721,20.7
5722,110.9
5723,214.9
5724,28.7
5725,153.5
5726,74.6
5727,54.6
5728,28.1
5729,692.8
5730,7.5
5731,31.1
5732,20.1
5733,20.5
5734,31.3
5735,482.7
5736,46.0
5737,458.0
5738,63.4
5739,130.1
5740,173.5
5741,175.7
5742,1649.9
5743,9.9
5744,26.5
5745,149.0
5746,138.6
5747,165.3
5748,38.1
5749,21.4
5750,355.4
5751,107.8
5752,1316.3
5754,65.2
5756,197.2
5757,192.5
5758,45.2
5759,164.3
5760,629.4
5761,43.8
5762,278.3
5763,378.1
5764,115.4
5765,1306.7
5766,1333.0
5767,114.6
5768,73.4
5769,338.3
5770,765.0
5771,376.9
5772,216.3
5773,5.4
5774,440.5
5775,2766.0
5776,356.0
5777,76.2
5778,649.2
5779,919.2
5780,796.8
5781,279.8
5782,113.5
5783,-0.3
5784,66.4
5785,587.6
5786,16.1
5787,451.7
5788,62.1
5789,83.8
5790,333.2
5791,35.6
5792,5.4
5793,498.4
5794,1775.8
5795,110.5
5796,227.3
5797,54.0
5798,121.1
5799,50.5
5800,-10.7
5801,548.6
5802,133.3
5803,3.2
5804,826.2
5805,185.1
5806,2.2
5807,12.0
5808,69.7
5809,1598.0
5810,27.7
5811,198.8
5812,1.2
5813,1233.0
5814,69.9
5815,209.2
5816,33.2
5817,793.4
5818,15.0
5819,6.1
5820,59.1
5821,194.3
5822,57.5
5823,85.2
5824,148.0
5825,7.7
5826,23.8
5827,22.4
5828,60.5
5829,673.2
5830,-2.9
5831,90.5
5832,1013.5
5834,17.5
5835,1127.9
5836,2053.5
5837,69.7
5838,228.2
5839,90.1
5840,926.2
5841,8.3
5842,35.8
5843,194.9
5844,165.3
5845,60.1
5846,765.0
5847,99.9
5848,680.6
5849,122.5
5850,112.5
5851,117.2
5852,302.6
5853,14.4
5854,70.3
5855,250.4
5856,44.4
5857,437.0
5858,531.9
5859,10.8
5860,354.8
5861,86.4
5862,5.2
5863,112.7
5864,94.8
5865,855.8
5866,789.3
5867,43.8
5868,233.3
5869,82.5
5870,1781.5
5871,83.8
5872,1494.2
5873,3.6
5874,439.3
5875,299.8
5876,92.1
5877,194.5
5878,424.0
5879,-1.5
5880,1450.7
5881,136.0
5882,198.4
5883,131.5
5884,88.5
5885,27.9
5886,242.8
5887,6.1
5888,997.2
5889,0.6
5890,6.1
5891,132.3
5892,1706.4
5893,2262.7
5894,-0.1
5895,25.4
5896,69.3
5897,329.7
5898,54.8
5900,347.5
5901,81.9
5902,154.9
5903,4.2
5904,1496.2
5905,1634.1
5906,104.0
5907,9.5
5908,218.8
5909,74.6
5910,57.5
5911,200.0
5912,30.7
5913,4.6
5914,171.7
5915,37.3
5916,654.5
5917,31.3
5918,32.8
5919,2500.5
5920,966.6
5921,25.0
5922,129.4
5923,207.8
5924,44.2
5925,316.1
5926,14.0
5927,65.2
5928,123.7
5929,61.5
5930,154.7
5931,131.1
5932,48.1
5933,57.7
5934,42.8
5935,77.0
5936,54.8
5937,232.9
5938,12.2
5939,558.6
5940,36.2
5941,1016.1
5942,113.5
5943,53.0
5944,92.3
5945,232.9
5946,36.2
5947,781.5
5948,50.5
5949,-14.9
5950,546.8
5951,51.9
5952,53.0
5953,66.8
5954,12.4
5955,357.5
5956,36.4
5957,120.9
5958,477.8
5959,177.4
5960,199.4
5961,115.8
5962,4.4
5963,50.3
5964,1113.1
5965,5.4
5966,92.1
5967,436.2
5968,13.8
5969,11.6
5970,133.7
5971,321.8
5972,160.2
5973,2040.6
5974,394.4
5975,7.1
5976,1971.7
5977,10.8
5978,617.7
5979,2038.8
5980,367.1
5981,76.8
5982,61.3
5983,-26.2
5984,156.2
5985,257.7
5986,578.0
5987,1450.1
5988,43.0
5989,1247.9
5990,82.1
5991,118.4
5992,36.0
5993,53.8
5994,62.1
5995,47.9
5996,155.1
5997,1690.1
5998,46.4
5999,5.4
6000,1590.9
6001,1082.7
6002,107.8
6003,14.8
6004,344.2
6005,114.2
6006,180.0
6007,1539.3
6008,1682.5
6009,17.5
6010,25.0
6011,1295.0
6012,1395.0
6013,23.2
6014,5.7
6015,1598.4
6016,152.3
6017,73.4
6018,1703.5
6019,18.9
6020,24.2
6021,24.0
6022,94.4
6023,338.5
6024,138.4
6025,55.0
6026,42.6
6027,320.8
6028,19.7
6029,364.4
6030,65.4
6031,175.7
6032,310.4
6033,46.2
6034,2.6
6035,771.8
6036,99.1
6037,1116.5
6038,553.1
6039,24.6
6040,61.3
6041,52.6
6042,200.2
6043,524.5
6044,59.1
6045,18.9
6046,9.3
6047,125.2
6048,313.2
6049,-6.8
6050,16.1
6051,47.9
6053,35.2
6054,101.7
6055,1541.1
6056,4081.6
6057,56.4
6058,54.6
6059,373.2
6060,193.9
6061,426.0
6062,113.7
6063,195.7
6064,131.7
6065,55.8
6066,64.8
6067,65.0
6068,150.5
6069,136.6
6070,-7.6
6071,33.6
6072,39.9
6073,76.6
6074,42.0
6075,25.6
6076,68.5
6077,78.3
6078,17.5
6079,52.2
6080,6.3
6081,64.4
6082,16.1
6083,2.8
6084,209.6
6085,13.4
6086,788.3
6087,1859.8
6088,41.3
6089,4.4
6090,21.6
6091,6.3
6092,480.9
6093,112.3
6094,51.1
6095,3.0
6096,27.5
6097,466.8
6098,643.9
6099,186.6
6100,151.9
6101,191.0
6102,36.0
6103,6.3
6104,884.2
6105,10.3
6106,339.1
6107,152.3
6108,6.1
6109,868.9
6110,12.4
6111,25.4
6112,8.1
6113,47.5
6114,1922.7
6115,105.4
6116,293.6
6117,207.8
6118,28.7
6119,400.1
6120,610.4
6121,165.8
6122,27.9
6123,8.5
6124,3.0
6125,225.1
6126,64.8
6127,622.8
6128,2008.8
6129,2312.7
6130,76.0
6131,52.4
6132,177.6
6133,167.0
6134,333.2
6135,1133.7
6136,196.1
6137,48.9
6138,1380.3
6139,313.6
6140,108.4
6141,-11.7
6142,1623.9
6143,10.1
6144,63.0
6145,1624.6
6146,325.0
6147,1712.1
6148,1038.0
6149,79.9
6150,87.0
6151,68.5
6152,77.0
6153,430.3
6154,352.4
6155,34.6
6156,7.9
6157,339.9
6158,24.6
6159,31.6
6160,13.6
6161,838.5
6162,309.1
6163,263.2
6164,14.4
6165,99.1
6166,-8.4
6167,25.0
6168,134.1
6169,275.3
6170,5.7
6171,59.7
6172,71.1
6173,4.4
6174,607.3
6175,635.5
6176,613.1
6177,627.7
6178,45.2
6179,6.3
6180,717.5
6181,789.9
6182,50.1
6183,9.3
6184,63.8
6185,1937.0
6186,-0.3
6187,73.2
6188,-10.1
6189,43.8
6190,95.4
6191,80.3
6192,21.8
6193,17.9
6194,39.5
6195,732.2
6196,39.7
6197,43.2
6198,1343.2
6199,176.4
6200,3.6
6201,898.8
6202,119.5
6203,24.4
6204,404.2
6205,140.3
6206,68.7
6207,878.9
6208,2710.5
6209,258.6
6210,48.3
6211,58.3
6212,19.3
6213,152.3
6214,206.7
6215,2041.3
6216,9.3
6217,6.5
6219,287.3
6220,53.2
6221,251.4
6222,-0.9
6223,14.0
6224,470.1
6225,60.1
6226,23.8
6227,243.7
6228,30.9
6229,167.0
6230,522.3
6231,173.1
6232,52.8
6233,34.6
6234,140.3
6235,438.4
6236,949.2
6237,33.6
6238,1422.8
6239,25.0
6240,410.3
6241,5.7
6242,227.8
6243,297.3
6244,42.8
6245,177.4
6246,51.5
6247,216.7
6248,71.7
6249,111.1
6250,2833.4
6251,16.1
6252,454.8
6253,22.2
6254,49.5
6255,70.1
6256,593.9
6257,131.1
6258,82.7
6259,388.1
6260,67.2
6261,6.9
6262,87.0
6263,129.0
6264,33.0
6265,80.7
6266,45.0
6267,15.4
6268,3703.5
6269,163.7
6270,420.9
6271,140.1
6272,173.5
6273,24.2
6274,1.8
6275,113.5
6276,74.4
6277,21.6
6278,163.7
6279,3.8
6280,87.6
6281,44.4
6282,25.2
6283,36.2
6284,80.7
6285,802.4
6286,53.0
6287,1319.9
6288,146.2
6289,-24.3
6290,144.5
6291,40.5
6292,195.5
6293,168.4
6294,33.4
6295,101.3
6296,137.4
6297,578.8
6298,103.8
6299,123.9
6300,453.1
6301,17.7
6302,56.4
6303,2.8
6304,18.3
6305,160.4
6306,11.4
6307,-1.3
6308,15.4
6309,1861.5
6310,391.1
6311,262.0
6312,51.9
6313,3.0
6314,820.5
6315,19.3
6316,76.6
6317,34.4
6318,20.1
6319,500.3
6320,52.2
6321,8.5
6322,1391.8
6323,79.9
6324,16.1
6325,51.3
6326,106.6
6327,63.0
6328,208.4
6329,272.6
6330,38.7
6331,46.6
6332,42.2
6333,191.4
6334,315.7
6335,1948.6
6336,14.0
6337,1589.3
6338,62.6
6339,12.6
6340,19.9
6341,1623.3
6342,415.8
6343,19.1
6344,21.4
6345,6.5
6346,558.0
6347,21.4
6348,9.9
6349,73.6
6350,1052.7
6351,185.7
6352,86.4
6353,6.5
6354,114.4
6355,1420.3
6356,113.9
6357,45.4
6358,31.6
6359,8.9
6360,36.4
6361,213.1
6362,29.5
6363,140.5
6364,5.4
6365,126.2
6366,29.7
6367,469.9
6368,117.6
6369,87.4
6370,298.7
6371,2558.4
6372,61.7
6373,38.1
6374,79.1
6375,48.3
6376,1402.6
6377,2005.7
6378,13.8
6379,107.2
6380,21.4
6381,263.4
6382,693.2
6383,79.5
6384,259.8
6385,1054.7
6386,-28.0
6387,905.8
6388,81.1
6389,159.8
6390,72.1
6391,73.2
6392,202.5
6393,22.0
6394,187.0
6395,129.2
6396,37.3
6397,8.1
6398,23.0
6399,61.5
6400,27.3
6401,28.1
6402,497.0
6403,22.0
6404,238.0
6405,1546.8
6406,1955.9
6407,141.9
6408,63.6
6409,127.4
6410,15.2
6411,2578.0
6412,68.5
6413,17.1
6414,57.3
6415,64.2
6416,37.5
6417,20.1
6418,2.0
6419,27.5
6420,1583.5
6421,307.1
6422,150.0
6423,39.7
6424,544.5
6425,10.5
6426,43.0
6427,772.0
6428,242.6
6429,312.6
6430,4.2
6431,1023.1
6432,85.0
6433,171.1
6434,190.6
6436,6.7
6437,322.4
6438,238.8
6439,113.1
6440,1853.1
6441,165.1
6442,191.9
6444,1043.1
6445,403.2
6446,77.2
6447,205.5
6448,909.9
6449,3.0
6450,273.2
6451,597.1
6452,38.7
6453,1694.1
6454,73.2
6455,145.6
6456,1012.7
6457,-0.1
6458,413.2
6459,18.1
6460,368.1
6461,13.6
6462,89.7
6463,160.4
6464,-14.7
6465,232.0
6466,425.2
6467,188.4
6468,43.6
6469,61.5
6470,440.7
6471,138.2
6472,139.0
6473,78.1
6474,71.3
6475,4.0
6476,78.3
6477,66.0
6478,14.8
6479,32.2
6480,49.1
6481,176.8
6482,4.0
6483,977.8
6484,627.3
6485,21.4
6486,-40.8
6487,15.4
6488,5.0
6489,144.7
6490,180.0
6491,67.9
6492,34.0
6493,2.0
6494,120.7
6495,222.9
6496,8.5
6497,80.7
6498,4.6
6499,13.8
6500,13.8
6501,76.0
6502,24.8
6503,-15.4
6504,447.0
6505,60.3
6506,247.1
6507,30.1
6508,9.1
6509,205.9
6511,124.6
6512,3.0
6513,102.9
6514,79.5
6515,409.1
6516,398.9
6517,344.8
6518,8.1
6519,224.7
6520,1754.9
6521,88.7
6522,813.6
6523,68.9
6524,13.4
6525,3127.9
6526,1468.3
6527,173.5
6528,142.3
6529,734.0
6530,137.8
6531,65.0
6532,187.0
6533,216.9
6534,333.2
6535,95.2
6536,129.7
6537,12.6
6538,144.3
6539,622.6
6540,1826.8
6541,42.8
6542,446.4
6543,56.4
6544,104.2
6545,302.6
6546,129.4
6547,434.8
6548,20.1
6549,51.7
6550,208.0
6551,-3.9
6552,63.2
6553,94.0
6554,260.4
6555,623.7
6556,265.5
6557,271.4
6558,27.5
6559,92.1
6560,185.7
6561,9.7
6562,649.2
6563,226.1
6564,84.4
6565,36.0
6566,58.7
6567,1169.4
6568,180.4
6569,6.9
6570,26.0
6571,296.1
6572,415.0
6573,8.3
6574,23.0
6575,52.2
6576,13.8
6577,633.0
6578,16.9
6579,273.8
6580,3.8
6581,284.3
6582,28.9
6583,25.6
6584,321.6
6585,450.3
6586,45.2
6587,1180.8
6588,1616.6
6589,1588.0
6590,10.1
6591,37.1
6592,4.0
6593,57.3
6594,82.3
6595,1972.5
6596,109.1
6597,75.0
6598,42.0
6599,880.7
6600,288.9
6601,43.2
6602,31.1
6603,40.5
6604,1526.4
6605,1357.7
6606,104.2
6607,595.9
6608,4.8
6609,40.9
6610,-23.5
6611,195.7
6612,274.9
6613,201.6
6614,486.4
6615,357.7
6616,350.5
6617,106.0
6618,37.7
6619,34.0
6621,75.0
6622,2158.6
6623,9.5
6624,1667.8
6625,-15.6
6626,2060.2
6627,7.1
6628,41.1
6629,-1.5
6630,210.4
6631,1187.5
6632,554.9
6633,38.3
6634,19.3
6635,141.1
6636,231.4
6637,1414.6
6638,2.4
6639,274.1
6641,86.2
6642,49.1
6643,33.2
6644,553.7
6645,361.1
6646,1096.7
6647,254.9
6648,85.2
6649,9.3
6650,5.7
6651,26.5
6652,60.1
6653,225.7
6654,531.1
6655,380.1
6656,528.2
6657,1.2
6658,61.1
6659,7.3
6660,979.2
6661,50.9
6662,752.4
6663,81.7
6664,143.1
6665,34.4
6666,1287.1
6667,46.4
6668,492.9
6669,37.5
6670,1436.8
6671,2284.5
6672,211.0
6673,458.4
6674,1312.6
6675,170.6
6676,7.9
6677,42.4
6678,33.6
6679,19.7
6680,354.6
6681,97.8
6682,200.0
6683,9.1
6684,167.2
6685,479.4
6686,7.7
6687,24.6
6688,54.6
6689,4.2
6690,218.4
6691,-1.1
6692,678.7
6694,69.1
6696,331.6
6697,394.4
6698,19.1
6699,28.7
6700,-16.6
6701,590.2
6702,0.6
6703,56.4
6704,65.0
6705,0.3
6706,79.1
6707,38.9
6708,818.5
6709,16.1
6710,62.3
6711,7.3
6712,136.8
6713,45.8
6714,67.0
6715,51.5
6716,153.9
6717,94.6
6718,63.8
6719,104.2
6720,78.7
6721,142.9
6722,60.3
6723,38.7
6724,2.0
6725,17.3
6726,423.8
6727,6.5
6728,32.4
6729,212.5
6730,263.4
6731,27.1
6732,1684.8
6733,111.1
6734,102.9
6735,6.3
6736,38.3
6737,7.3
6738,20.3
6739,767.9
6740,16.7
6741,1064.7
6742,1.6
6743,1269.1
6744,16.5
6745,348.7
6746,85.0
6747,121.7
6748,512.5
6749,250.0
6750,203.9
6751,1604.2
6752,37.9
6753,687.7
6754,12.0
6755,83.2
6756,89.3
6757,234.5
6759,65.0
6760,314.0
6761,66.2
6762,211.8
6763,90.5
6764,237.1
6765,36.2
6766,2.6
6767,2.4
6768,132.3
6769,58.1
6770,5.0
6771,6.5
6772,-2.3
6773,34.2
6774,176.8
6775,752.6
6776,234.7
6777,46.4
6778,-0.9
6779,76.4
6780,39.7
6781,1120.8
6782,1337.5
6783,66.4
6784,100.3
6785,9.7
6786,12.8
6787,58.3
6788,80.3
6789,130.9
6790,21.4
6791,173.5
6792,417.6
6793,57.5
6794,298.3
6795,35.2
6796,4.8
6797,16.1
6798,655.3
6799,133.1
6800,56.2
6801,985.3
6802,620.8
6803,2232.7
6804,1234.0
6805,105.2
6806,52.6
6807,116.6
6808,168.2
6809,797.9
6810,106.2
6811,61.9
6812,49.1
6813,1486.8
6814,2.2
6815,1325.4
6816,27.5
6817,136.0
6818,15.8
6819,41.8
6820,48.1
6821,1405.8
6822,124.1
6823,13.8
6824,169.4
6825,549.2
6826,273.2
6827,141.7
6828,462.1
6829,186.6
6830,62.6
6831,79.3
6832,87.6
6833,363.4
6834,1539.9
6835,6.3
6836,47.7
6837,38.3
6838,1570.5
6839,113.5
6840,85.2
6841,506.8
6842,586.7
6843,148.8
6844,2040.4
6845,9.5
6846,95.0
6847,147.6
6848,8.5
6849,182.3
6850,120.9
6851,25.2
6852,602.2
6853,11.0
6854,95.6
6855,85.6
6856,1699.0
6857,140.5
6858,137.6
6859,95.2
6860,96.2
6861,15.0
6862,604.3
6863,170.4
6864,1310.5
6865,197.4
6866,95.6
6867,48.3
6868,22.8
6869,6.9
6870,7.5
6871,5.4
6872,204.7
6873,38.9
6874,46.4
6875,961.1
6876,52.8
6877,111.5
6878,39.5
6879,70.3
6880,508.8
6881,519.4
6882,19.1
6883,1611.7
6884,403.6
6885,460.9
6886,28.1
6887,306.5
6888,19.9
6889,15.4
6890,167.4
6891,33.4
6892,84.0
6893,5.9
6894,182.7
6895,13.2
6896,382.0
6897,2467.4
6898,2506.6
6899,40.9
6900,569.2
6901,-4.5
6902,211.4
6903,71.7
6904,809.7
6905,1330.3
6906,43.4
6907,60.3
6908,123.5
6910,69.3
6911,74.0
6912,42.8
6913,627.9
6914,35.2
6915,42.2
6916,116.8
6917,131.7
6918,54.8
6919,137.6
6920,174.1
6921,113.9
6922,124.1
6923,177.2
6924,91.7
6925,9.9
6926,97.4
6927,37.5
6928,385.4
6929,75.4
6930,238.2
6931,492.1
6932,71.9
6933,4.2
6934,35.2
6935,672.6
6936,29.1
6937,1610.5
6938,3.6
6939,20.7
6940,91.1
6941,66.0
6942,0.1
6943,29.3
6944,59.3
6945,46.8
6946,-2.1
6947,-1.9
6948,80.9
6949,50.1
6950,26.5
6951,1.8
6952,6.1
6953,897.4
6954,1471.1
6955,715.7
6956,152.3
6957,77.4
6958,-2.7
6959,539.8
6960,90.1
6961,31.1
6962,1045.1
6963,59.9
6964,174.3
6965,17.7
6966,143.5
6967,1393.4
6968,1022.5
6969,50.7
6970,225.3
6971,1406.0
6972,42.2
6973,73.2
6974,639.6
6975,26.5
6976,176.4
6977,38.1
6978,826.0
6979,350.7
6981,185.1
6982,482.5
6983,169.4
6984,883.5
6985,2409.8
6986,192.9
6987,471.7
6989,746.5
6990,14.4
6991,867.6
6992,191.2
6993,37.3
6994,269.2
6995,128.2
6996,208.4
6997,243.9
6998,17.3
6999,57.9
7000,146.6
7001,67.9
7002,316.5
7003,149.2
7004,17.9
7005,63.4
7006,53.4
7007,164.9
7008,431.7
7009,103.5
7010,187.4
7011,65.6
7012,231.6
7013,8.3
7014,84.6
7015,143.1
7016,-12.1
7017,25.4
7018,673.2
7019,13.0
7020,538.4
7021,94.4
7022,459.9
7023,1885.8
7024,203.5
7025,65.8
7026,188.2
7027,182.3
7028,56.6
7029,776.4
7030,280.4
7031,169.2
7032,71.3
7033,202.3
7034,-17.2
7035,427.2
7036,7.3
7037,363.8
7038,10.8
7039,1215.3
7040,70.7
7041,1482.3
7042,7.5
7043,60.7
7044,207.6
7045,9.5
7046,2138.4
7047,64.4
7048,629.4
7049,204.5
7050,97.4
7051,1203.8
7052,349.7
7053,2.8
7054,364.6
7055,512.3
7056,60.3
7057,-7.8
7058,341.2
7059,110.7
7060,251.8
7061,51.7
7062,37.7
7063,919.9
7064,60.3
7065,70.9
7066,888.0
7067,35.4
7068,29.1
7069,60.9
7070,5.7
7071,154.1
7072,1961.5
7073,58.3
7074,10.5
7075,2.6
7076,0.3
7077,8.3
7078,44.8
7079,58.7
7080,49.9
7081,237.5
7082,126.0
7083,117.8
7084,95.0
7085,1235.3
7086,0.1
7087,82.7
7088,142.9
7089,52.8
7090,101.3
7091,54.6
7092,366.2
7093,429.7
7094,54.0
7095,2.2
7096,17.3
7097,35.2
7098,254.1
7099,1276.9
7100,251.4
7101,151.3
7102,79.7
7103,89.3
7104,45.4
7105,63.6
7106,63.4
7107,31.6
7108,53.8
7109,170.2
7110,462.9
7111,4.0
7112,252.8
7113,75.6
7114,80.5
7115,139.0
7116,3.2
7117,87.4
7118,5.9
7119,838.3
7120,559.8
7121,26.5
7122,109.3
7123,15.2
7124,447.0
7125,10.1
7126,43.0
7127,294.9
7128,293.4
7129,189.4
7130,110.5
7131,20.5
7132,186.1
7133,455.6
7134,90.3
7135,4.4
7136,23.2
7137,5.4
7138,55.8
7139,500.3
7140,78.3
7141,267.5
7142,1471.3
7143,18.9
7144,40.7
7145,1307.1
7146,17.3
7147,7.3
7148,34.2
7149,1349.5
7150,91.1
7151,255.7
7152,27.9
7153,39.9
7154,266.9
7155,156.8
7156,271.8
7157,72.8
7158,1699.6
7159,52.2
7160,1368.3
7161,71.3
7162,29.7
7163,9.1
7164,300.4
7165,33.4
7166,215.5
7167,1114.1
7168,37.1
7169,99.5
7170,101.5
7171,799.7
7173,26.0
7174,132.9
7175,96.2
7176,383.4
7177,166.4
7178,12.2
7179,47.5
7180,137.6
7181,174.7
7182,1204.7
7183,31.3
7184,26.5
7185,62.1
7186,929.9
7187,17.7
7188,92.5
7189,19.9
7190,1729.8
7191,397.5
7192,0.8
7193,162.7
7194,293.0
7195,287.7
7196,154.9
7197,2.2
7198,1483.8
7199,-10.1
7200,171.7
7201,234.9
7202,13.4
7203,355.8
7204,460.9
7205,536.4
7206,1000.8
7207,421.3
7208,-1.1
7209,1227.1
7210,182.7
7211,69.7
7212,96.8
7213,19.9
7214,115.8
7215,1648.6
7216,187.2
7217,82.1
7218,484.3
7219,3.8
7220,15.4
7221,301.4
7222,1308.3
7223,139.0
7224,334.4
7225,205.7
7226,62.6
7227,-22.9
7228,1608.6
7229,103.1
7230,12.2
7231,233.3
7232,205.9
7233,284.0
7234,251.8
7235,6.7
7236,37.7
7237,301.6
7238,6.5
7239,396.6
7240,56.6
7241,26.7
7242,20.7
7243,822.6
7244,74.0
7245,257.3
7246,170.2
7247,7.3
7248,38.5
7249,101.9
7250,89.3
7251,36.0
7252,1959.8
7253,240.2
7254,34.0
7255,95.6
7256,6.7
7257,31.3
7258,82.3
7259,126.6
7260,54.2
7261,2016.6
7262,11.2
7263,154.9
7264,193.1
7265,1351.6
7266,69.3
7267,31.1
7268,69.7
7269,5.9
7270,13.4
7271,1296.9
7272,91.7
7273,2.6
7275,182.9
7276,32.8
7277,48.5
7278,70.1
7279,3.4
7280,91.3
7281,422.7
7282,108.2
7283,96.6
7284,200.6
7285,696.7
7286,107.2
7287,2071.3
7288,18.5
7289,4.8
7291,6.3
7292,204.5
7293,102.3
7294,130.1
7295,127.4
7296,3.4
7297,141.5
7298,38.1
7299,311.0
7300,13.4
7301,141.7
7302,27.5
7303,217.8
7304,264.9
7305,46.2
7306,5.0
7307,77.8
7308,-1.1
7309,167.6
7310,44.2
7311,103.3
7312,1186.5
7313,887.2
7314,21.2
7315,73.2
7316,6.9
7317,15.2
7318,301.2
7319,476.8
7320,25.0
7321,2.0
7322,1889.8
7323,51.1
7324,91.9
7325,186.6
7326,11.0
7327,3.6
7328,506.2
7329,86.2
7330,-47.0
7331,81.3
7332,111.1
7333,16.5
7334,161.1
7335,45.8
7336,118.6
7337,69.1
7338,201.0
7339,120.7
7340,176.4
7341,5.7
7342,1080.8
7343,500.3
7344,148.8
7345,40.9
7346,135.6
7347,232.2
7348,27.3
7349,-1.1
7350,275.1
7351,388.1
7352,36.0
7353,81.9
7354,120.9
7355,37.5
7356,332.0
7357,514.1
7358,5.0
7359,402.6
7360,172.5
7361,491.3
7362,66.4
7363,23.2
7364,2683.1
7365,42.2
7366,17.5
7367,257.3
7368,239.2
7369,397.9
7370,1819.2
7371,76.2
7372,121.7
7373,765.6
7374,1.8
7375,496.4
7376,2019.0
7377,12.0
7378,22.0
7379,29.5
7380,1064.3
7381,151.9
7382,537.2
7383,6.5
7384,1402.4
7385,362.4
7386,156.8
7387,20.9
7388,1077.1
7389,17.1
7390,123.1
7391,187.6
7392,52.2
7393,81.1
7394,188.6
7395,196.1
7397,1.0
7398,33.0
7399,16.7
7400,-22.9
7401,41.1
7402,20.3
7403,1.6
7404,7.7
7405,66.0
7406,267.5
7407,76.2
7408,423.8
7409,141.1
7410,-0.1
7411,195.5
7412,2642.9
7413,103.8
7414,107.0
7415,1396.2
7416,21.2
7417,7.5
7418,47.1
7419,9.1
7420,583.9
7421,254.5
7422,5.2
7423,217.8
7424,2224.1
7425,10.3
7426,23.0
7427,43.4
7428,4.2
7429,413.6
7430,7.9
7431,189.2
7432,12.8
7433,56.0
7434,167.8
7435,1253.0
7436,241.8
7437,34.4
7438,224.5
7439,130.1
7440,486.0
7441,8.9
7442,529.2
7443,43.4
7444,5.2
7445,8.9
7446,180.4
7447,1338.9
7448,34.8
7449,200.6
7450,229.4
7451,108.4
7452,97.8
7453,48.3
7454,219.4
7455,10.1
7456,29.3
7457,11.2
7458,19.3
7459,47.7
7460,47.1
7461,195.9
7462,30.3
7463,126.2
7464,51.5
7466,139.6
7467,32.4
7468,356.5
7469,500.5
7470,83.2
7471,4.4
7472,8.5
7473,11.8
7474,68.1
7475,50.9
7476,102.5
7477,88.7
7478,15.6
7479,430.9
7480,147.0
7481,335.2
7482,43.8
7483,-0.5
7484,184.5
7485,18.9
7486,294.0
7487,244.7
7488,113.1
7489,11.8
7490,472.3
7491,100.5
7492,122.7
7493,4.8
7495,113.3
7496,19.9
7497,204.1
7498,33.0
7499,149.2
7500,114.2
7501,124.6
7502,14.2
7503,11.6
7504,38.9
7505,20.7
7506,364.6
7507,1123.1
7508,97.0
7509,8.5
7510,302.6
7511,440.5
7512,6.3
7513,1757.6
7514,3.0
7515,168.6
7516,-22.3
7517,519.4
7518,19.5
7519,5.9
7520,2114.9
7521,53.2
7522,19.3
7523,115.0
7524,108.4
7525,104.4
7526,4.2
7527,78.7
7528,40.5
7529,61.5
7530,1162.4
7531,76.6
7532,9.9
7533,9.1
7534,146.6
7535,264.5
7536,7.5
7537,565.9
7538,268.5
7539,383.2
7540,-4.5
7541,3168.3
7542,48.1
7543,220.0
7544,62.1
7545,253.9
7546,128.6
7547,424.4
7548,42.4
7549,891.3
7550,204.5
7551,151.3
7552,596.1
7553,69.9
7554,2304.7
7555,14.2
7556,534.5
7557,204.3
7558,-3.7
7559,96.0
7560,38.7
7561,70.5
7562,36.9
7563,478.4
7564,1201.8
7565,321.4
7566,95.0
7567,14.4
7568,5.9
7569,46.4
7570,178.2
7571,4.4
7572,130.3
7573,42.2
7574,1673.1
7575,109.5
7576,82.1
7577,68.3
7578,6.3
7579,1162.4
7580,5.0
7581,381.7
7582,41.5
7584,302.2
7585,381.5
7586,544.1
7587,10.5
7588,2.2
7589,476.6
7590,66.6
7591,185.1
7592,13.4
7594,778.1
7595,28.9
7596,10.3
7597,-0.1
7598,596.5
7599,102.5
7600,74.0
7601,156.6
7602,63.2
7603,1221.8
7604,-4.1
7605,249.0
7606,79.3
7607,303.4
7608,127.2
7609,116.8
7610,369.1
7611,778.3
7612,712.6
7613,379.7
7614,32.4
7615,992.9
7616,-13.1
7617,73.0
7618,531.1
7619,142.1
7620,179.6
7621,27.3
7622,325.5
7623,206.7
7624,1251.2
7625,77.6
7626,182.9
7627,37.1
7628,1.8
7629,156.4
7630,89.9
7631,1464.0
7632,748.3
7633,1.0
7634,74.6
7635,184.3
7636,87.2
7637,-2.9
7638,85.8
7639,727.9
7640,42.4
7641,1040.6
7642,221.2
7643,3.4
7644,54.4
7646,972.3
7647,276.9
7648,14.0
7649,110.9
7650,10.3
7651,95.4
7652,14.0
7653,171.1
7654,55.6
7655,91.7
7657,24.4
7658,48.9
7659,62.1
7660,3.4
7661,21.6
7662,1398.9
7663,561.0
7664,23.4
7665,57.3
7666,49.1
7667,199.8
7668,610.0
7669,2306.2
7670,400.9
7671,369.5
7672,2703.5
7673,102.5
7674,68.7
7675,186.6
7676,101.9
7677,87.8
7678,103.1
7679,69.1
7680,36.9
7681,417.4
7682,171.9
7683,99.1
7684,131.5
7685,3.8
7686,40.7
7687,9.7
7688,203.1
7689,135.6
7690,37.7
7691,43.0
7692,9.1
7693,62.1
7694,74.6
7695,195.7
7697,9.1
7698,26.3
7699,2.4
7700,2717.4
7701,66.6
7702,118.4
7703,206.3
7704,28.1
7705,5.7
7706,6.9
7707,416.4
7708,-1.1
7709,4.4
7710,265.5
7711,-4.1
7712,138.6
7713,49.7
7714,13.6
7715,38.3
7716,291.2
7717,118.0
7718,19.3
7719,1.8
7720,-0.3
7721,15.8
7722,110.9
7723,84.2
7724,6.5
7725,2569.8
7726,73.2
7727,105.6
7728,7.1
7729,32.0
7730,61.3
7731,1.4
7732,52.2
7733,515.1
7734,436.4
7735,54.4
7736,573.7
7737,99.7
7738,9.3
7739,39.9
7740,25.2
7741,246.5
7742,771.1
7743,39.1
7744,37.7
7745,26.0
7746,14.0
7747,5.0
7748,264.7
7749,12.4
7750,65.2
7751,2050.4
7752,1007.8
7753,539.2
7754,0.8
7755,78.1
7756,44.8
7757,1569.1
7758,76.0
7759,54.6
7760,210.4
7761,1579.1
7762,230.0
7763,56.2
7764,62.1
7765,1576.0
7766,88.9
7767,368.9
7768,78.7
7769,43.6
7770,172.1
7771,24.2
7772,36.7
7773,14.4
7774,0.8
7775,2.2
7776,44.8
7777,2386.4
7778,170.4
7779,48.5
7780,292.2
7781,144.7
7782,22.2
7783,44.8
7784,46.2
7785,329.3
7786,1150.2
7787,19.5
7788,49.5
7789,29.7
7790,17.9
7791,116.0
7792,113.9
7793,51.5
7794,452.7
7795,184.9
7796,1977.0
7797,793.6
7798,37.5
7799,1014.1
7800,316.7
7801,114.4
7802,308.3
7803,395.6
7804,34.2
7805,18.5
7806,39.1
7807,147.6
7808,123.1
7809,133.5
7810,186.4
7811,1512.7
7812,277.7
7813,5.4
7814,369.5
7815,1298.7
7816,26.5
7817,41.8
7818,35.8
7819,184.1
7820,0.8
7821,1449.1
7822,9.9
7823,1267.9
7824,9.1
7825,0.3
7826,11.0
7827,388.9
7828,146.4
7829,1230.6
7830,357.7
7831,59.3
7832,1605.8
7833,222.2
7834,291.8
7835,32.8
7836,147.4
7837,198.2
7838,726.5
7839,1016.4
7840,146.4
7841,61.7
7842,51.1
7843,30.7
7844,70.7
7845,338.5
7846,2753.5
7847,58.7
7848,27.1
7849,145.6
7850,70.7
7851,282.2
7852,132.3
7853,94.4
7854,59.9
7855,89.3
7856,13.8
7857,182.5
7858,100.5
7859,217.4
7860,128.4
7861,84.4
7862,-0.1
7863,412.3
7864,65.0
7865,319.1
7866,17.7
7867,234.9
7868,46.6
7869,48.9
7870,122.9
7871,775.4
7872,181.0
7873,63.6
7874,205.9
7875,134.8
7876,176.8
7877,25.8
7878,72.8
7879,1123.5
7880,165.5
7881,235.3
7882,2249.0
7883,11.0
7884,11.8
7885,1514.2
7886,173.9
7887,104.4
7888,44.0
7889,208.2
7890,128.6
7891,395.2
7892,1.4
7893,348.9
7894,717.9
7895,5.4
7896,24.4
7897,1933.1
7898,50.1
7899,65.2
7900,225.9
7901,50.9
7902,5.9
7903,37.7
7904,28.9
7905,116.2
7906,319.9
7907,-15.4
7908,113.3
7909,1013.3
7910,19.3
7911,179.2
7912,222.2
7913,265.7
7914,264.9
7915,15.2
7916,117.0
7917,216.9
7918,4.2
7919,3.6
7920,16.9
7921,1709.9
7922,546.1
7923,7.3
7924,14.8
7925,35.0
7926,15.4
7927,347.7
7928,154.1
7929,113.7
7930,362.4
7931,391.5
7932,35.2
7933,45.4
7934,621.4
7935,32.0
7936,1828.6
7937,545.5
7938,179.4
7939,1971.5
7940,24.4
7941,310.2
7942,448.6
7943,10.5
7944,2.8
7945,123.3
7946,1062.5
7947,871.3
7948,963.9
7949,452.3
7950,7.5
7951,440.7
7952,52.2
7953,2011.7
7954,442.9
7955,3.4
7956,67.7
7957,5.7
7958,41.3
7959,61.1
7960,47.9
7961,7.5
7962,371.1
7963,29.9
7964,433.1
7965,210.2
7966,58.3
7967,89.7
7968,44.4
7969,115.0
7970,1883.1
7971,25.4
7972,70.7
7973,170.9
7974,292.6
7975,339.1
7976,146.2
7977,49.7
7978,11.4
7979,248.4
7980,275.9
7981,153.9
7982,44.2
7983,6.3
7984,485.0
7985,180.6
7986,245.7
7987,1062.3
7988,9.5
7989,475.2
7990,164.7
7991,679.1
7992,-2.9
7993,73.4
7994,99.9
7995,84.4
7996,326.9
7997,57.7
7998,76.6
7999,33.4
8000,40.1
8001,208.6
8002,252.6
8003,156.2
8004,525.3
8005,115.4
8006,313.0
8007,-2.5
8008,817.2
8009,245.3
8010,71.1
8011,31.8
8012,7.1
8013,2.6
8014,570.8
8015,14.4
8016,251.2
8017,21.8
8018,101.9
8019,133.9
8020,36.7
8021,11.0
8022,1455.6
8023,328.7
8024,199.2
8025,14.6
8027,-0.5
8028,2123.1
8029,19.7
8030,1142.0
8031,139.4
8032,95.4
8033,152.7
8034,55.6
8035,464.2
8036,116.2
8037,22.2
8038,22.4
8039,17.9
8040,3.4
8041,353.4
8042,68.9
8043,1.4
8044,-13.5
8045,897.0
8046,76.2
8047,180.6
8048,127.6
8049,108.8
8050,18.9
8051,-0.9
8052,18.9
8053,341.8
8054,-0.7
8055,115.4
8056,171.7
8057,10.8
8058,3.0
8059,73.0
8060,224.3
8061,197.6
8062,53.8
8063,138.0
8064,198.6
8065,164.7
8066,88.7
8067,50.7
8068,392.8
8069,73.8
8070,214.1
8071,323.6
8072,187.4
8073,342.6
8074,0.3
8075,12.6
8076,813.4
8077,8.5
8078,43.0
8079,996.6
8080,101.3
8081,86.8
8082,24.8
8083,351.6
8084,765.8
8085,98.9
8086,7.5
8087,1442.1
8088,232.0
8089,481.3
8090,43.6
8091,1.2
8092,396.4
8093,7.9
8094,27.3
8095,635.1
8096,160.9
8097,68.1
8098,197.4
8099,515.3
8100,340.5
8101,119.3
8102,237.1
8103,29.3
8104,96.8
8105,13.8
8107,90.7
8108,45.8
8109,2767.8
8110,122.9
8111,60.1
8112,2473.3
8113,913.9
8114,11.2
8115,251.8
8116,569.4
8117,84.8
8118,204.3
8119,30.3
8120,585.3
8121,72.1
8122,179.8
8123,736.9
8124,1.8
8125,4.2
8126,773.8
8127,80.7
8128,7.9
8129,7.9
8130,287.3
8131,1135.7
8132,1.4
8133,237.5
8134,243.5
8135,127.2
8136,73.0
8137,278.7
8138,75.2
8139,30.3
8140,0.6
8141,2.4
8142,457.2
8143,13.0
8144,1602.3
8145,242.8
8146,86.6
8147,47.9
8148,109.3
8149,-0.1
8150,77.0
8151,112.5
8152,1432.6
8153,119.3
8154,48.9
8155,162.7
8156,201.9
8157,235.3
8158,77.2
8159,780.7
8160,45.4
8161,265.9
8162,2.6
8163,1470.5
8164,1731.7
8165,23.0
8166,53.0
8167,229.6
8168,37.1
8169,190.2
8170,222.7
8171,971.3
8172,8.1
8173,10.3
8174,105.0
8175,48.7
8176,269.8
8177,136.2
8178,16.3
8179,59.1
8180,239.2
8181,64.8
8182,0.1
8183,81.1
8184,23.2
8185,482.1
8186,488.4
8187,4.2
8188,350.5
8189,59.7
8190,20.7
8191,33.2
8192,766.2
8193,6.7
8194,1680.5
8195,871.7
8196,9.1
8197,275.5
8198,1.0
8199,169.6
8200,890.9
8201,29.3
8202,99.3
8203,64.6
8204,162.5
8205,1046.8
8206,77.4
8207,41.5
8208,255.3
8209,71.7
8210,294.0
8211,1166.5
8212,245.9
8213,87.0
8214,284.7
8215,198.6
8216,270.2
8217,66.0
8218,181.3
8219,78.3
8220,33.8
8221,1568.2
8222,106.8
8223,129.2
8224,1186.1
8225,20.9
8226,567.8
8227,30.1
8228,-17.6
8229,364.0
8230,39.3
8231,80.1
8232,730.1
8233,20.5
8234,179.4
8235,106.6
8236,58.3
8237,285.9
8238,40.7
8239,84.2
8240,66.4
8241,229.4
8242,183.3
8243,41.5
8244,94.4
8245,180.8
8246,96.8
8247,312.2
8248,138.2
8249,4.4
8250,34.2
8251,25.4
8252,15.6
8253,127.2
8254,616.7
8255,2627.8
8256,189.0
8257,102.5
8258,95.0
8259,51.3
8260,37.9
8261,135.4
8262,353.2
8263,5.9
8264,7.1
8265,5.0
8266,237.7
8267,69.5
8268,89.7
8269,286.7
8270,1.4
8271,215.1
8272,50.9
8273,38.9
8274,1725.8
8275,6.1
8276,28.7
8277,838.3
8278,82.9
8279,133.5
8280,158.2
8281,2.6
8282,48.9
8283,86.4
8284,635.5
8285,195.1
8286,23.4
8287,160.2
8288,565.9
8289,642.4
8290,1295.4
8291,541.0
8292,833.4
8293,180.2
8294,28.5
8295,2000.0
8296,58.9
8297,830.7
8298,85.2
8299,106.0
8300,783.4
8301,1114.3
8302,279.2
8303,30.1
8304,230.6
8305,4.4
8306,299.3
8307,609.6
8308,41.1
8309,616.7
8310,510.2
8311,105.6
8312,245.1
8313,134.5
8314,12.6
8315,2373.5
8316,160.4
8317,14.8
8318,4.6
8319,84.6
8320,202.5
8321,116.4
8322,163.1
8323,912.7
8324,39.1
8325,54.4
8326,124.1
8327,33.4
8328,102.1
8329,149.2
8330,99.1
8331,44.4
8332,13.0
8333,36.4
8334,58.9
8335,1170.2
8336,124.8
8337,511.7
8338,-41.3
8339,68.7
8340,3.8
8341,76.6
8342,106.0
8343,35.2
8344,621.2
8345,109.7
8346,69.1
8347,76.8
8348,532.5
8349,224.7
8350,-9.8
8351,81.9
8352,3.8
8353,185.3
8354,857.0
8355,420.9
8356,639.6
8357,877.6
8358,2306.6
8359,4.0
8360,99.3
8361,385.4
8363,60.5
8364,87.2
8365,383.6
8366,33.8
8367,214.1
8368,6.1
8369,112.1
8370,33.0
8371,2115.7
8372,198.0
8373,3.8
8374,80.9
8375,46.4
8376,549.6
8377,2487.8
8378,1.4
8379,418.7
8380,1406.6
8381,16.5
8383,79.3
8384,32.2
8385,604.1
8386,5.9
8387,105.0
8388,228.2
8389,447.6
8390,543.1
8391,275.3
8392,315.0
8393,146.2
8394,1667.6
8395,11.6
8396,228.0
8397,592.2
8398,457.0
8399,41.8
8400,1639.7
8401,1425.8
8402,2.8
8403,221.2
8404,10.1
8405,1719.6
8406,185.7
8407,754.6
8408,1019.6
8409,66.4
8410,77.2
8411,176.8
8412,6.7
8413,452.1
8414,60.5
8415,5.9
8416,210.2
8417,55.0
8418,9.5
8419,96.8
8420,108.0
8421,1283.8
8422,8.5
8423,46.0
8424,22.8
8425,2505.3
8426,15.6
8427,114.8
8428,1876.4
8429,705.9
8430,446.8
8431,143.3
8432,79.7
8433,478.6
8434,180.8
8435,1508.7
8436,179.2
8437,231.6
8438,773.2
8439,876.2
8440,6.5
8441,42.6
8442,361.8
8443,1223.6
8444,421.9
8445,2.2
8446,339.5
8447,41.1
8448,3.6
8449,17.3
8450,36.4
8451,231.0
8452,63.0
8453,128.0
8454,35.2
8455,61.3
8456,2217.6
8457,160.7
8458,1563.6
8459,259.6
8460,77.6
8461,24.0
8462,218.4
8463,784.2
8464,38.7
8465,38.7
8466,666.3
8467,212.3
8468,81.7
8469,144.3
8470,97.4
8471,426.4
8472,-27.0
8473,21.6
8474,878.7
8475,37.7
8476,597.1
8477,313.8
8478,49.5
8479,33.4
8480,55.8
8481,547.2
8483,16.3
8484,29.7
8485,37.3
8486,1167.7
8487,224.7
8488,1302.2
8490,28.7
8491,25.4
8492,66.4
8493,39.3
8494,1151.0
8495,46.4
8496,8.9
8497,30.9
8498,79.9
8499,24.4
8500,226.9
8501,81.5
8502,184.3
8503,1119.8
8504,17.5
8505,879.3
8506,35.2
8507,628.8
8508,418.3
8509,32.2
8510,8.7
8511,19.3
8512,37.7
8513,246.3
8514,17.7
8515,612.0
8516,287.9
8517,36.2
8518,11.8
8519,167.0
8520,220.0
8521,370.5
8522,7.7
8523,42.8
8524,4.2
8525,298.5
8526,43.6
8527,43.8
8528,471.7
8529,56.8
8530,280.8
8531,1601.5
8532,195.5
8533,20.1
8534,31.1
8535,171.5
8536,63.8
8537,56.8
8538,19.3
8539,84.0
8541,1996.4
8542,210.4
8543,815.4
8544,2102.7
8545,1069.0
8546,56.8
8547,26.3
8548,5.0
8549,67.4
8550,22.6
8551,262.2
8552,204.3
8553,535.7
8554,15.4
8555,358.1
8556,1956.8
8557,2147.0
8558,55.8
8559,-2.3
8560,674.0
8561,1952.9
8562,2.0
8563,159.4
8564,402.8
8565,72.5
8566,20.5
8567,1576.2
8568,1377.3
8569,-3.9
8570,3.0
8571,5.0
8572,182.3
8574,47.5
8575,1131.6
8576,2.2
8577,201.9
8578,256.1
8579,1174.1
8580,133.1
8582,126.6
8583,69.7
8584,126.2
8585,104.4
8586,-0.1
8587,130.5
8588,33.4
8589,32.6
8590,89.1
8591,45.4
8592,48.7
8593,154.5
8595,5.4
8596,83.6
8597,217.1
8598,82.5
8599,241.2
8600,1625.0
8601,100.1
8602,12.0
8603,82.1
8604,1324.4
8605,224.7
8606,48.7
8607,261.2
8608,28.7
8609,379.1
8610,521.5
8611,158.4
8612,77.0
8613,34.2
8614,29.9
8615,276.7
8616,296.7
8617,20.7
8618,744.6
8619,85.2
8621,13.2
8622,89.3
8623,64.2
8624,49.1
8625,772.0
8626,101.9
8627,4.2
8628,198.8
8629,152.3
8630,89.5
8631,1433.0
8632,66.6
8633,207.8
8634,118.4
8635,157.4
8636,22.4
8637,335.4
8638,54.0
8639,633.0
8640,17.5
8641,24.0
8642,9.7
8643,42.8
8644,28.1
8645,729.7
8646,1200.2
8647,391.1
8648,524.1
8649,4.0
8650,67.7
8651,526.2
8652,113.9
8653,69.9
8654,442.9
8655,87.8
8656,137.0
8657,197.6
8658,15.8
8659,570.2
8660,2064.3
8661,89.7
8662,12.8
8663,59.7
8664,2391.9
8665,336.3
8666,309.5
8667,97.2
8668,214.7
8669,77.8
8670,8.3
8671,1759.6
8672,3.8
8673,1641.1
8674,2797.2
8675,134.3
8676,29.7
8677,547.2
8678,516.0
8679,19.1
8680,88.5
8681,42.2
8682,213.5
8683,46.0
8684,58.5
8685,88.5
8686,6.5
8687,39.7
8688,137.2
8689,98.2
8690,257.7
8691,1058.4
8692,179.4
8693,71.9
8694,74.4
8695,340.7
8696,99.9
8697,75.2
8698,260.0
8699,122.1
8700,83.6
8701,75.0
8702,115.6
8703,3.8
8704,26.0
8705,136.0
8706,81.5
8707,67.0
8708,51.5
8709,1001.9
8710,3.6
8711,104.2
8712,-0.1
8713,1440.5
8714,58.7
8715,861.7
8716,290.8
8717,1125.1
8718,33.0
8719,128.8
8720,241.8
8721,124.6
8722,0.6
8723,88.7
8724,0.3
8725,285.7
8726,431.1
8727,-1.3
8728,672.6
8729,33.4
8730,208.8
8731,336.3
8732,59.5
8733,5.7
8734,228.2
8735,31.6
8736,1.6
8737,8.9
8738,232.0
8739,1585.0
8740,325.7
8741,829.5
8742,411.3
8743,123.3
8744,245.5
8745,40.3
8746,12.6
8747,163.3
8748,222.9
8749,578.0
8750,110.7
8751,85.0
8752,1983.7
8753,46.8
8754,338.5
8755,473.5
8756,446.2
8757,214.3
8758,25.0
8759,475.2
8760,42.8
8761,56.0
8762,365.0
8763,188.2
8764,-0.1
8765,1540.3
8766,41.8
8767,38.5
8768,55.4
8769,595.3
8770,182.3
8771,1870.2
8772,280.8
8773,58.5
8774,33.0
8775,176.6
8776,672.2
8777,13.2
8778,52.4
8779,651.6
8780,57.0
8781,0.3
8782,458.0
8783,187.2
8784,9.9
8785,65.4
8786,6.9
8787,5.0
8788,81.1
8789,11.8
8790,1861.3
8791,2.8
8792,12.4
8793,67.4
8794,187.8
8795,30.5
8796,-37.6
8797,57.5
8798,78.9
8799,1.6
8800,158.6
8801,34.8
8802,96.8
8803,398.5
8804,12.0
8805,1.6
8806,83.4
8807,575.1
8808,12.4
8809,167.6
8810,137.4
8812,1227.9
8813,5.2
8814,195.7
8815,496.6
8816,1058.4
8817,150.5
8818,10.3
8819,3.4
8820,103.8
8821,27.9
8822,288.5
8823,73.6
8824,20.9
8825,91.9
8826,458.2
8827,127.8
8828,6.9
8829,14.2
8830,258.3
8831,189.0
8832,-1.5
8833,658.5
8834,722.6
8835,1052.9
8836,16.3
8837,1231.4
8838,21.8
8839,49.5
8840,24.6
8841,62.6
8842,2005.9
8843,108.6
8844,24.6
8845,665.1
8846,475.0
8847,96.6
8848,809.9
8850,39.7
8851,50.1
8852,44.8
8853,68.7
8854,125.8
8855,18.3
8856,144.7
8857,365.6
8858,483.3
8859,141.5
8860,165.8
8861,21.6
8862,106.4
8863,441.3
8864,52.8
8865,1860.4
8866,2110.8
8867,89.7
8868,389.5
8869,66.8
8870,-5.4
8871,1520.1
8872,69.5
8873,8.1
8874,132.9
8875,60.5
8876,362.2
8877,108.8
8878,1500.9
8879,58.7
8880,261.0
8881,10.5
8882,268.3
8883,765.0
8884,109.5
8885,231.2
8886,81.7
8887,463.5
8888,189.0
8889,9.3
8890,421.5
8891,95.8
8892,298.3
8893,16.7
8894,47.7
8895,-2.7
8896,10.5
8897,36.7
8898,296.1
8899,118.0
8900,38.9
8901,5.2
8902,196.3
8903,124.6
8904,5.7
8905,209.2
8906,447.4
8907,135.0
8908,16.7
8909,246.1
8910,143.9
8911,86.4
8912,946.6
8913,197.8
8914,233.7
8915,190.8
8916,213.7
8917,24.0
8918,1040.6
8919,806.6
8920,90.5
8921,95.2
8922,79.1
8923,62.1
8924,4.6
8925,42.2
8926,761.8
8927,110.5
8928,1805.8
8929,19.1
8930,16.3
8931,99.7
8932,75.4
8933,155.3
8934,2.4
8935,509.4
8936,554.7
8937,50.1
8938,48.5
8939,82.9
8940,-7.8
8941,73.0
8942,273.0
8943,8.5
8944,69.7
8945,85.0
8946,15.2
8947,558.4
8948,239.4
8949,3.0
8950,110.7
8951,156.2
8952,54.0
8953,291.4
8954,214.3
8955,78.7
8956,53.4
8957,89.9
8958,653.6
8959,23.6
8960,27.9
8961,1971.1
8962,53.0
8963,333.6
8964,21.4
8965,6.7
8966,1638.8
8967,3.6
8968,38.9
8969,1.0
8970,128.8
8971,31.6
8972,282.6
8973,4.0
8974,19.5
8975,11.6
8976,178.8
8977,12.0
8978,72.8
8979,6.9
8980,-2.5
8981,23.4
8982,20.3
8983,29.5
8984,74.8
8985,746.5
8986,8.3
8987,38.7
8988,44.4
8989,1868.6
8990,98.9
8991,2302.1
8992,208.4
8993,114.8
8994,77.2
8995,31.3
8996,306.3
8997,15.0
8998,1115.5
8999,1445.4
9000,1086.5
9002,545.9
9003,88.5
9004,4.6
9005,608.0
9006,617.3
9007,59.3
9008,6.9
9009,29.9
9010,6.3
9011,231.0
9013,2640.9
9014,110.3
9015,108.4
9016,38.1
9017,105.4
9018,50.3
9019,7.9
9020,857.4
9021,179.4
9022,23.6
9023,1670.5
9024,274.7
9025,621.0
9026,332.0
9027,2.2
9028,489.4
9029,246.3
9030,111.1
9031,1154.3
9032,67.7
9033,328.3
9034,6.7
9035,285.9
9036,-0.7
9037,59.5
9038,89.7
9039,384.8
9040,63.4
9041,588.2
9042,17.1
9043,108.2
9044,285.9
9045,6.3
9046,304.4
9047,617.7
9048,4.4
9049,36.2
9050,60.9
9051,325.9
9052,4.0
9053,5.9
9054,615.5
9055,163.9
9056,81.1
9057,28.9
9058,150.3
9059,87.2
9060,17.3
9061,31.3
9062,142.1
9063,194.9
9064,138.6
9065,49.9
9066,259.4
9067,808.3
9068,48.7
9069,1600.7
9070,151.1
9071,131.3
9072,303.6
9073,123.3
9074,17.7
9075,185.7
9076,2137.2
9077,8.1
9078,43.6
9079,230.8
9080,82.3
9081,194.9
9082,18.5
9083,795.6
9084,625.9
9085,76.8
9086,1556.8
9087,376.4
9088,183.5
9089,414.2
9090,21.6
9091,520.4
9092,96.6
9093,19.5
9094,757.7
9095,116.2
9096,-2.5
9097,134.5
9098,23.4
9099,369.5
9100,84.0
9101,71.5
9102,268.3
9103,2512.1
9104,449.7
9105,10.5
9106,10.3
9107,42.6
9108,2109.0
9109,28.5
9110,182.3
9111,11.6
9112,281.8
9113,77.8
9114,519.2
9115,4.0
9116,78.1
9117,52.6
9118,1122.8
9119,103.5
9120,695.7
9121,203.5
9122,42.0
9123,47.9
9124,21.2
9125,42.8
9126,418.1
9127,248.2
9128,677.3
9129,3.8
9130,77.2
9131,569.2
9132,1123.5
9133,190.2
9134,146.6
9135,-0.7
9136,1089.4
9137,178.8
9138,224.9
9139,56.4
9140,7.3
9141,880.3
9142,106.2
9143,19.5
9144,7.7
9145,485.0
9146,142.7
9147,35.8
9148,6.9
9149,68.3
9150,3.6
9151,537.4
9152,682.8
9153,1181.8
9154,9.3
9155,1720.3
9156,163.3
9157,390.7
9158,525.8
9159,185.7
9160,3.8
9161,2599.4
9162,171.5
9163,556.8
9164,9.5
9165,9.7
9166,2437.4
9167,24.6
9168,1131.4
9169,111.9
9170,80.5
9171,87.6
9172,3.8
9173,166.4
9174,3.2
9175,39.1
9176,5.7
9177,110.3
9178,146.6
9179,88.0
9180,127.6
9181,22.8
9182,9.9
9183,156.8
9184,106.8
9185,70.9
9186,5.0
9187,45.2
9188,1064.9
9189,325.5
9190,10.3
9191,19.1
9192,137.6
9193,0.1
9194,492.5
9195,90.7
9196,93.1
9197,812.8
9198,343.2
9199,4.0
9200,325.2
9201,2071.0
9202,407.2
9203,2.6
9204,56.8
9205,61.9
9206,1834.3
9207,684.4
9208,0.8
9209,832.8
9210,84.0
9211,9.1
9212,66.8
9213,75.4
9214,54.4
9215,252.8
9216,181.3
9217,2.8
9218,23.2
9219,153.5
9220,8.1
9221,179.8
9222,135.2
9223,25.2
9224,67.9
9225,33.4
9226,9.7
9227,462.5
9228,236.9
9229,35.4
9230,3.0
9231,82.3
9232,69.5
9233,2151.9
9234,229.6
9235,78.9
9236,833.6
9237,1151.0
9238,1167.5
9239,540.6
9240,86.4
9241,821.1
9243,32.8
9244,78.7
9245,185.1
9246,344.8
9247,240.2
9248,157.4
9249,48.1
9250,114.4
9251,2158.8
9252,1342.4
9253,104.8
9254,3.0
9255,67.9
9256,72.5
9257,35.2
9258,1994.3
9259,32.4
9260,59.9
9261,260.4
9262,627.9
9263,1228.7
9264,33.4
9265,48.3
9266,98.0
9267,95.6
9268,2.4
9269,8.1
9270,200.4
9271,413.4
9272,62.6
9273,284.7
9274,644.1
9275,10.5
9276,1986.4
9277,893.7
9278,267.7
9279,78.7
9280,5.9
9281,83.8
9282,17.9
9283,25.4
9284,15.2
9285,109.1
9286,11.4
9287,334.8
9288,74.0
9289,223.3
9290,301.8
9291,7.1
9292,1301.6
9293,1359.3
9294,15.4
9295,78.3
9296,187.8
9297,106.4
9298,323.0
9299,54.0
9300,8.5
9301,385.8
9302,790.3
9303,117.2
9304,70.1
9305,1482.7
9306,36.0
9307,297.5
9308,1.6
9309,938.6
9310,38.9
9311,14.4
9312,1124.7
9313,295.5
9314,86.8
9315,30.3
9316,100.9
9317,80.7
9318,-4.3
9319,25.6
9320,380.3
9321,633.7
9322,120.1
9323,69.3
9324,1124.9
9325,164.9
9326,37.9
9327,105.8
9328,87.2
9329,80.7
9330,82.9
9331,6.5
9332,-11.5
9333,69.7
9334,19.3
9335,167.4
9336,5.0
9337,399.9
9338,43.2
9339,1.0
9340,218.4
9341,224.7
9342,89.7
9343,262.0
9344,77.0
9345,2340.8
9346,259.2
9347,87.6
9348,1934.9
9349,1568.4
9350,71.1
9351,222.5
9352,214.7
9353,769.9
9354,2.6
9355,30.7
9356,29.7
9357,93.1
9358,46.8
9359,25.6
9360,10.3
9361,216.7
9362,14.6
9363,160.0
9364,107.2
9365,53.2
9366,174.3
9367,786.2
9368,170.4
9369,67.2
9370,-23.1
9371,9.7
9372,354.0
9373,55.4
9374,141.1
9375,145.2
9376,-9.2
9377,910.3
9378,46.0
9379,62.6
9380,520.7
9381,226.9
9382,172.5
9383,29.3
9384,13.4
9385,398.1
9386,838.3
9387,55.4
9388,688.1
9389,191.4
9390,1511.9
9391,6.1
9392,60.1
9393,90.9
9394,202.3
9396,24.8
9397,23.8
9398,2212.1
9399,96.8
9400,258.1
9401,1687.8
9402,12.0
9403,35.4
9404,17.9
9405,64.2
9406,701.6
9407,97.6
9408,22.4
9409,153.1
9410,139.4
9411,222.9
9412,4.6
9413,241.6
9414,8.7
9415,14.2
9416,22.8
9417,30.9
9418,42.6
9419,2094.1
9420,198.8
9421,6.1
9422,547.8
9423,1355.0
9424,123.7
9425,73.6
9426,374.8
9427,992.1
9428,20.9
9429,336.5
9430,27.1
9431,-2.3
9432,705.9
9433,54.6
9434,96.4
9435,20.1
9436,52.2
9437,149.8
9438,44.0
9439,489.9
9440,393.2
9441,62.6
9442,38.3
9443,566.5
9444,170.6
9445,26.3
9446,272.0
9447,187.4
9448,8.1
9449,109.9
9450,1235.5
9451,105.0
9452,279.8
9453,86.0
9454,174.7
9455,1830.0
9456,152.7
9457,245.1
9458,3.2
9459,1857.8
9460,71.1
9461,3.6
9462,71.5
9463,406.0
9464,233.1
9465,409.3
9466,31.6
9467,672.8
9468,271.0
9469,316.5
9470,2.8
9471,25.4
9473,29.1
9474,1.6
9475,143.7
9476,119.7
9477,600.4
9478,264.5
9479,52.2
9480,97.2
9481,3.2
9482,296.5
9483,70.7
9484,194.7
9485,117.8
9486,10.1
9487,56.6
9488,6.3
9489,64.2
9490,4.0
9491,171.3
9492,24.0
9493,555.1
9494,348.7
9495,89.9
9496,70.7
9498,50.9
9499,35.0
9500,83.6
9501,52.4
9502,67.9
9503,14.6
9504,310.4
9505,287.5
9506,508.2
9507,1211.2
9508,399.7
9509,401.5
9510,37.9
9511,36.0
9512,42.6
9513,23.6
9514,1910.2
9515,5.0
9516,446.0
9517,14.4
9518,145.6
9519,7.1
9520,1549.1
9521,1344.6
9522,820.3
9523,272.6
9524,42.4
9525,73.2
9526,289.6
9527,1357.5
9528,41.5
9529,913.9
9530,146.8
9531,85.8
9532,332.8
9533,835.0
9534,6.9
9535,107.0
9536,26.9
9537,70.9
9538,1146.5
9539,43.8
9540,4.8
9541,88.5
9542,171.7
9543,332.6
9544,25.0
9545,271.0
9546,3.0
9547,79.7
9548,139.0
9549,13.8
9550,144.3
9551,180.0
9552,328.7
9553,24.4
9554,71.7
9555,67.7
9556,19.3
9557,26.9
9558,242.8
9559,540.0
9560,26.7
9561,41.5
9562,242.8
9563,1549.1
9565,5.9
9566,103.5
9567,1227.5
9568,2104.5
9569,88.9
9570,200.4
9571,5.4
9572,253.0
9573,179.4
9574,71.1
9575,10.1
9576,535.3
9577,5.0
9578,-3.7
9579,28.5
9580,80.1
9581,352.4
9582,77.6
9583,41.8
9584,20.9
9585,296.3
9586,96.0
9587,14.4
9588,1635.8
9589,-9.8
9590,475.0
9591,170.6
9592,424.2
9593,21.8
9594,75.4
9595,90.1
9596,5.2
9597,62.6
9598,8.1
9599,67.7
9600,3.4
9601,4.4
9602,36.2
9603,241.6
9604,44.2
9605,7.1
9606,130.9
9607,304.0
9608,24.8
9609,97.4
9610,85.6
9611,21.2
9612,19.7
9613,60.1
9614,481.3
9615,362.8
9616,39.5
9617,270.2
9618,80.3
9619,3.2
9620,1506.4
9621,76.4
9622,146.0
9623,45.8
9624,41.3
9625,643.9
9626,454.0
9627,143.3
9628,120.3
9629,158.2
9630,55.0
9631,3.2
9632,179.4
9633,8.9
9634,394.8
9635,19.1
9636,363.4
9637,74.6
9638,370.9
9639,1476.0
9640,12.0
9641,1964.3
9642,5.9
9643,106.2
9644,5.9
9645,294.0
9646,19.9
9647,0.8
9648,2269.4
9649,393.2
9650,68.3
9651,14.6
9652,30.1
9653,1364.6
9654,109.9
9655,6.3
9656,8.9
9657,336.7
9658,34.8
9659,1185.7
9660,305.1
9661,160.9
9662,60.9
9663,95.8
9664,88.0
9665,5.2
9666,161.7
9667,90.1
9668,2.8
9669,306.9
9670,57.7
9671,4.4
9672,50.3
9673,43.2
9674,167.0
9675,183.5
9676,764.2
9677,2266.4
9678,188.8
9679,254.1
9680,14.4
9681,91.3
9682,228.2
9683,2131.0
9684,911.9
9685,128.8
9686,259.4
9687,3.0
9688,64.4
9689,24.6
9690,324.4
9691,90.9
9692,228.2
9693,18.9
9694,529.0
9695,121.3
9696,792.8
9697,222.2
9698,762.6
9699,62.1
9700,98.2
9701,277.7
9702,585.7
9703,66.0
9704,455.2
9705,67.7
9706,39.5
9707,253.9
9708,1250.4
9709,284.3
9710,99.5
9711,18.5
9712,765.8
9713,36.0
9714,20.5
9715,282.4
9716,49.3
9717,156.2
9718,20.7
9719,0.1
9720,215.3
9721,1515.4
9722,112.3
9723,26.3
9724,9.3
9725,25.4
9726,2386.4
9727,129.2
9728,306.3
9729,403.8
9730,1034.1
9731,260.0
9732,724.8
9733,86.2
9734,872.1
9735,85.8
9736,1481.5
9737,847.0
9738,96.6
9739,544.9
9740,26.5
9741,12.4
9742,8.7
9743,38.5
9744,180.4
9745,1613.3
9746,85.0
9747,86.0
9748,69.7
9749,1911.5
9750,18.1
9751,62.6
9752,270.8
9753,1207.9
9754,83.6
9755,247.9
9756,138.6
9757,146.8
9758,2122.1
9759,30.1
9760,82.3
9761,56.2
9762,81.1
9763,122.5
9764,85.4
9765,406.4
9766,52.2
9767,50.1
9768,390.7
9769,33.4
9770,29.7
9771,75.0
9772,441.9
9773,47.5
9774,74.0
9775,260.2
9776,114.4
9777,139.2
9778,1450.7
9779,390.3
9780,165.8
9781,12.4
9782,373.6
9783,11.4
9784,295.5
9785,581.8
9786,288.9
9787,34.0
9788,16.7
9789,183.3
9790,12.8
9791,2306.6
9792,4.2
9793,136.4
9794,580.8
9795,387.5
9796,8.7
9797,80.5
9798,2000.2
9799,51.1
9800,75.4
9801,88.7
9802,81.5
9803,15.0
9804,188.2
9805,4.2
9806,78.7
9807,93.8
9808,28.3
9809,24.0
9810,3.2
9811,10.5
9812,190.8
9813,178.8
9814,406.0
9815,2.6
9816,11.4
9817,507.6
9818,43.2
9819,-28.8
9820,202.3
9821,1506.6
9822,132.5
9823,179.8
9824,394.6
9825,155.8
9826,74.2
9827,1687.0
9828,2237.4
9829,2.6
9830,17.5
9831,13.0
9832,266.3
9833,3.4
9834,821.1
9835,131.3
9836,567.8
9837,755.4
9838,59.9
9839,35.0
9840,15.8
9841,1987.4
9842,290.8
9843,355.6
9844,246.5
9845,97.0
9846,3.6
9847,14.4
9848,1290.8
9849,262.0
9850,15.2
9851,115.8
9852,56.4
9853,1451.9
9854,80.7
9855,459.7
9856,81.1
9857,954.5
9858,24.0
9859,102.5
9861,33.0
9862,1291.6
9863,269.6
9864,44.2
9865,133.1
9866,315.0
9867,78.7
9868,822.8
9869,997.2
9870,292.8
9871,93.8
9872,42.6
9873,123.3
9874,60.3
9875,77.8
9876,20.9
9877,2003.7
9878,1832.9
9879,255.9
9880,33.6
9881,-26.2
9882,101.1
9883,2.8
9884,826.4
9885,3.0
9886,11.6
9887,105.0
9888,3.6
9889,553.7
9890,63.2
9891,313.4
9892,97.8
9893,20.1
9894,15.6
9895,71.1
9896,10.3
9897,97.0
9898,984.3
9899,-5.4
9900,575.3
9901,102.7
9902,42.0
9903,72.8
9904,1100.4
9905,1781.1
9906,82.9
9907,15.8
9908,19.7
9909,3701.8
9910,59.1
9911,96.6
9912,242.4
9913,162.3
9914,316.3
9915,98.0
9916,1297.1
9917,62.6
9918,15.2
9919,592.5
9920,87.6
9921,172.3
9922,36.0
9923,71.1
9924,42.8
9925,9.3
9926,6.5
9927,343.0
9928,14.8
9929,62.6
9930,561.9
9931,13.2
9932,99.9
9933,1025.7
9934,1442.4
9935,-0.5
9936,95.2
9937,2.6
9938,35.2
9939,215.3
9940,253.7
9941,639.4
9942,39.1
9943,44.8
9944,26.9
9945,642.6
9946,76.0
9947,18.1
9948,213.7
9949,80.9
9950,200.4
9951,580.6
9952,290.2
9953,26.3
9954,48.5
9955,5.2
9956,7.7
9957,6.1
9958,487.8
9959,28.7
9960,86.2
9961,90.7
9962,27.5
9963,72.1
9964,126.4
9965,1329.1
9966,262.6
9967,166.0
9968,88.0
9969,43.4
9970,35.4
9971,30.3
9972,39.3
9973,6.7
9974,1665.0
9975,14.6
9976,209.0
9977,5.0
9978,166.0
9979,96.2
9980,21.6
9981,55.6
9982,120.7
9983,51.7
9984,64.0
9985,50.1
9986,8.9
9987,10.8
9988,75.8
9989,1926.0
9990,35.4
9991,2595.2
9992,1635.8
9993,-11.7
9994,257.9
9995,1041.0
9996,611.6
9997,51.7
9998,130.5
9999,167.2
10000,303.2
10001,453.3
10002,38.3
10003,683.4
10004,505.8
10005,18.5
10006,509.2
10007,17.1
10008,573.7
10010,749.9
10011,86.6
10012,7.9
10013,204.9
10014,305.7
10015,137.4
10016,1047.2
10017,188.4
10018,557.8
10019,149.6
10022,205.7
10023,926.2
10024,140.5
10025,29.3
10026,626.9
10027,402.3
10028,202.7
10029,-83.9
10030,28.7
10031,1024.7
10032,71.7
10033,355.8
10034,706.1
10035,158.0
10036,20.5
10037,1044.1
10038,924.1
10039,402.1
10040,371.3
10041,431.7
10042,244.3
10043,491.5
10045,391.3
10046,-7.6
10047,157.6
10048,104.6
10049,258.1
10050,554.9
10051,498.0
10052,93.1
10054,532.9
10055,88.7
10056,158.6
10057,671.6
10058,358.9
10059,359.5
10060,188.2
10061,22.2
10062,80.5
10063,647.9
10064,332.0
10065,162.7
10066,195.9
10068,303.8
10069,459.5
10070,774.8
10071,-347.2
10072,910.7
10073,618.2
10074,327.3
10075,218.0
10076,1326.3
10077,775.2
10078,1120.2
10079,594.9
10080,168.6
10081,223.5
10082,603.7
10083,169.4
10084,129.0
10085,436.0
10086,682.8
10087,404.4
10088,425.0
10089,334.6
10090,64.6
10091,-29.4
10092,1071.0
10093,383.2
10094,497.0
10095,767.3
10096,719.3
10097,1088.0
10098,65.2
10099,-248.2
10100,-17.6
10101,432.9
10102,274.9
10103,436.2
10104,489.9
10105,-32.9
10106,83.8
10107,430.1
10108,97.8
10109,434.4
10110,592.2
10111,136.0
10112,276.7
10113,-113.7
10114,118.0
10115,727.7
10116,126.2
10117,739.9
10119,140.3
10120,277.1
10121,499.2
10122,591.8
10123,513.5
10124,643.9
10125,647.7
10126,520.2
10127,-34.3
10128,621.0
10129,90.5
10130,726.7
10131,624.7
10132,260.6
10133,935.2
10134,378.3
10135,331.8
10136,416.4
10137,-344.9
10138,806.0
10140,241.8
10141,551.5
10142,965.6
10143,193.1
10144,556.3
10145,274.7
10146,7.7
10147,174.9
10148,157.2
10149,77.2
10150,1292.6
10151,63.6
10152,-110.6
10153,761.4
10154,148.2
10155,364.0
10156,-30.4
10157,87.8
10159,-243.1
10160,986.0
10161,1102.4
10162,105.0
10163,919.0
10164,1264.6
10165,501.9
10166,106.4
10167,1535.0
10168,594.5
10169,709.5
10170,1403.0
10171,887.8
10172,988.8
10173,84.8
10174,1472.5
10175,-6.2
10176,142.7
10177,569.0
10178,1265.5
10179,216.9
10180,1035.7
10181,113.1
10182,342.6
10183,376.0
10184,485.8
10185,409.7
10186,120.5
10187,197.8
10188,-51.9
10189,950.7
10190,846.8
10191,-364.1
10192,85.0
10193,818.5
10194,311.6
10195,479.0
10196,30.9
10197,102.1
10198,333.6
10199,222.2
10201,240.6
10202,130.1
10203,459.1
10204,1430.1
10205,698.7
10206,-226.0
10207,254.5
10208,1039.4
10209,744.0
10210,10.3
10211,591.8
10212,1475.0
10213,206.3
10214,71.7
10215,346.5
10216,-128.1
10217,211.4
10218,54.0
10219,203.9
10220,1142.2
10221,-220.1
10222,-157.9
10223,334.0
10224,485.2
10225,889.5
10226,643.0
10227,503.5
10228,-31.5
10229,547.6
10230,1024.5
10231,475.8
10232,438.7
10233,1303.8
10234,327.5
10235,-189.3
10236,-152.0
10237,130.1
10238,471.3
10239,1034.1
10240,625.7
10241,1382.4
10242,-127.1
10243,431.3
10244,527.0
10245,528.4
10246,1352.0
10247,987.4
10248,250.6
10249,256.7
10250,12.0
10251,41.8
10252,156.8
10253,23.8
10254,814.0
10255,195.9
10256,1154.9
10257,697.5
10258,116.6
10259,-194.2
10260,1010.0
10261,311.0
10262,172.5
10263,1315.4
10264,438.7
10265,262.6
10266,152.7
10267,149.2
10268,1105.3
10269,295.9
10270,227.8
10271,668.9
10272,448.9
10273,406.2
10274,372.6
10275,1009.2
10276,496.4
10277,1052.7
10278,676.7
10279,1229.1
10280,1016.8
10281,677.5
10282,481.7
10283,539.0
10284,917.4
10285,493.3
10286,1362.0
10287,225.9
10288,-81.4
10289,239.4
10290,293.8
10291,155.8
10292,845.8
10293,154.9
10294,984.9
10295,250.2
10296,239.0
10297,633.2
10298,951.1
10299,392.6
10300,554.3
10301,551.0
10302,-52.7
10303,498.0
10304,536.6
10305,283.0
10306,350.1
10307,669.1
10308,445.4
10309,892.5
10311,565.7
10312,-133.2
10313,122.3
10314,652.0
10315,-316.4
10316,840.3
10317,835.2
10318,71.3
10319,329.9
10320,922.3
10322,475.6
10323,938.4
10324,561.2
10325,255.7
10326,538.2
10327,689.3
10328,928.2
10329,-345.7
10330,329.9
10331,-302.3
10332,660.8
10333,823.2
10334,-334.1
10335,1273.0
10336,450.9
10337,999.4
10338,186.1
10339,469.2
10340,159.2
10341,230.6
10342,247.3
10343,-20.0
10344,893.3
10345,594.5
10346,749.9
10347,943.5
10348,271.6
10349,1159.8
10350,504.9
10351,220.2
10352,38.7
10353,244.9
10354,1078.4
10355,492.3
10356,-81.2
10357,678.9
10358,209.2
10359,-88.6
10360,-251.5
10361,865.8
10362,251.0
10363,1176.9
10364,375.0
10365,580.2
10366,969.0
10367,344.4
10368,197.0
10369,820.3
10370,354.0
10371,392.4
10372,1290.8
10373,1058.8
10374,145.6
10375,741.4
10376,760.5
10377,1331.8
10378,791.1
10379,-321.9
10380,762.0
10381,77.0
10382,354.4
